,createdAt,territory,COUNT
0,2020-11,33,0
1,2020-11,33,0
2,2020-11,33,0
3,2020-11,33,0
4,2020-11,33,0
5,2020-11,33,0
6,2020-11,33,1
7,2020-11,33,0
8,2020-11,33,0
9,2020-11,33,0
10,2020-11,33,0
11,2020-11,33,0
12,2020-11,33,1
13,2020-11,33,1
14,2020-11,33,1
15,2020-11,33,1
16,2020-11,33,0
17,2020-11,33,1
18,2020-11,33,0
19,2020-11,33,1
20,2020-11,33,1
21,2020-11,33,1
22,2020-11,33,1
23,2020-11,33,0
24,2020-11,33,0
25,2020-11,33,0
26,2020-11,33,0
27,2020-11,33,1
28,2020-11,33,1
29,2020-11,33,1
30,2020-11,33,0
31,2020-11,33,1
32,2020-11,33,1
33,2020-11,33,0
34,2020-11,33,0
35,2020-11,33,0
36,2020-11,33,1
37,2020-11,33,0
38,2020-11,33,0
39,2020-11,33,0
40,2020-11,33,0
41,2020-11,33,0
42,2020-11,33,0
43,2020-11,33,0
44,2020-11,33,2
45,2020-11,33,0
46,2020-11,33,0
47,2020-11,33,0
48,2020-11,33,0
49,2020-11,33,0
50,2020-11,33,0
51,2020-11,33,0
52,2020-11,33,0
53,2020-11,33,0
54,2020-11,33,0
55,2020-11,33,0
56,2020-11,33,0
57,2020-11,33,0
58,2020-11,33,0
59,2020-11,33,0
60,2020-11,33,0
61,2020-11,33,0
62,2020-11,33,0
63,2020-11,33,0
64,2020-11,33,3
65,2020-11,33,0
66,2020-11,33,1
67,2020-11,33,0
68,2020-11,33,0
69,2020-11,33,0
70,2020-11,33,0
71,2020-11,33,0
72,2020-11,33,0
73,2020-11,33,0
74,2020-11,33,0
75,2020-11,33,0
76,2020-11,33,0
77,2020-11,33,0
78,2020-11,33,0
79,2020-11,33,0
80,2020-11,33,0
81,2020-11,33,0
82,2020-11,33,0
83,2020-11,33,1
84,2020-11,33,0
85,2020-11,33,0
86,2020-11,33,0
87,2020-11,33,0
88,2020-11,33,1
89,2020-11,33,0
90,2020-11,33,0
91,2020-11,33,1
92,2020-11,33,0
93,2020-11,33,0
94,2020-11,33,0
95,2020-11,33,0
96,2020-11,33,0
97,2020-11,33,0
98,2020-11,33,0
99,2020-11,33,1
100,2020-11,33,0
101,2020-11,33,0
102,2020-11,33,0
103,2020-11,33,1
104,2020-11,33,0
105,2020-11,33,0
106,2020-11,33,0
107,2020-11,33,0
108,2020-11,33,0
109,2020-11,33,0
110,2020-11,33,0
111,2020-11,33,0
112,2020-11,33,0
113,2020-11,33,1
114,2020-11,33,0
115,2020-11,33,0
116,2020-11,33,0
117,2020-11,33,0
118,2020-11,33,0
119,2020-11,33,0
120,2020-11,33,0
121,2020-11,33,0
122,2020-11,33,1
123,2020-11,33,0
124,2020-11,33,0
125,2020-11,33,1
126,2020-11,33,0
127,2020-11,33,0
128,2020-11,33,1
129,2020-11,33,0
130,2020-11,33,0
131,2020-11,33,1
132,2020-11,33,0
133,2020-11,33,1
134,2020-11,33,1
135,2020-11,33,0
136,2020-11,33,1
137,2020-11,33,1
138,2020-11,33,0
139,2020-11,33,0
140,2020-11,33,1
141,2020-11,33,1
142,2020-11,33,0
143,2020-11,33,0
144,2020-11,33,0
145,2020-11,33,0
146,2020-11,33,0
147,2020-11,33,2
148,2020-11,33,1
149,2020-11,33,0
150,2020-11,33,2
151,2020-11,33,1
152,2020-11,33,1
153,2020-11,33,0
154,2020-11,33,1
155,2020-11,33,1
156,2020-11,33,0
157,2020-11,33,0
158,2020-11,33,0
159,2020-11,33,0
160,2020-11,33,1
161,2020-11,33,1
162,2020-11,33,0
163,2020-11,33,1
164,2020-11,33,1
165,2020-11,33,0
166,2020-11,33,0
167,2020-11,33,1
168,2020-11,33,1
169,2020-11,33,0
170,2020-11,33,0
171,2020-11,33,0
172,2020-11,33,1
173,2020-11,33,1
174,2020-11,33,1
175,2020-11,33,0
176,2020-11,33,1
177,2020-11,33,0
178,2020-11,33,1
179,2020-11,33,0
180,2020-11,33,0
181,2020-11,33,1
182,2020-11,33,0
183,2020-11,33,0
184,2020-11,33,0
185,2020-11,33,1
186,2020-11,33,1
187,2020-11,33,0
188,2020-11,33,0
189,2020-11,33,1
190,2020-11,33,0
191,2020-11,33,0
192,2020-11,33,0
193,2020-11,33,0
194,2020-11,33,0
195,2020-11,33,0
196,2020-11,33,31
197,2020-11,33,1
198,2020-11,33,0
199,2020-11,33,0
200,2020-11,33,1
201,2020-11,33,0
202,2020-11,33,1
203,2020-11,33,0
204,2020-11,33,0
205,2020-11,33,1
206,2020-11,33,0
207,2020-11,33,0
208,2020-11,33,2
209,2020-11,33,2
210,2020-11,33,1
211,2020-11,33,1
212,2020-11,33,1
213,2020-11,33,1
214,2020-11,33,0
215,2020-11,33,1
216,2020-11,33,0
217,2020-11,33,1
218,2020-11,33,0
219,2020-11,33,0
220,2020-11,33,0
221,2020-11,33,0
222,2020-11,33,1
223,2020-11,33,2
224,2020-11,33,1
225,2020-11,33,1
226,2020-11,33,1
227,2020-11,33,3
228,2020-11,33,0
229,2020-11,33,1
230,2020-11,33,0
231,2020-11,33,1
232,2020-11,33,0
233,2020-11,33,0
234,2020-11,33,1
235,2020-11,33,1
236,2020-11,33,1
237,2020-11,33,0
238,2020-11,33,1
239,2020-11,33,0
240,2020-11,33,2
241,2020-11,33,0
242,2020-11,33,1
243,2020-11,33,1
244,2020-11,33,0
245,2020-11,33,0
246,2020-11,33,0
247,2020-11,33,1
248,2020-11,33,0
249,2020-11,33,1
250,2020-11,33,2
251,2020-11,33,0
252,2020-11,33,0
253,2020-11,33,1
254,2020-11,33,1
255,2020-11,33,1
256,2020-11,33,2
257,2020-11,33,1
258,2020-11,33,1
259,2020-11,33,1
260,2020-11,33,1
261,2020-11,33,1
262,2020-11,33,1
263,2020-11,33,0
264,2020-11,33,0
265,2020-11,33,0
266,2020-11,33,1
267,2020-11,33,0
268,2020-11,33,1
269,2020-11,33,0
270,2020-11,33,1
271,2020-11,33,0
272,2020-11,33,0
273,2020-11,33,1
274,2020-11,33,1
275,2020-11,33,2
276,2020-11,33,1
277,2020-11,33,0
278,2020-11,33,0
279,2020-11,33,1
280,2020-11,33,1
281,2020-11,33,0
282,2020-11,33,1
283,2020-11,33,1
284,2020-11,33,1
285,2020-11,33,1
286,2020-11,33,0
287,2020-11,33,0
288,2020-11,33,1
289,2020-11,33,1
290,2020-11,33,1
291,2020-11,33,0
292,2020-11,33,1
293,2020-11,33,1
294,2020-11,33,0
295,2020-11,33,1
296,2020-11,33,0
297,2020-11,44,0
298,2020-11,44,2
299,2020-11,44,1
300,2020-11,44,0
301,2020-11,44,2
302,2020-11,44,0
303,2020-11,44,1
304,2020-11,44,0
305,2020-11,44,1
306,2020-11,44,0
307,2020-11,44,1
308,2020-11,44,0
309,2020-11,44,1
310,2020-11,44,0
311,2020-11,44,0
312,2020-11,44,0
313,2020-11,44,0
314,2020-11,44,0
315,2020-11,44,1
316,2020-11,44,0
317,2020-11,44,0
318,2020-11,44,1
319,2020-11,44,0
320,2020-11,44,0
321,2020-11,44,1
322,2020-11,44,0
323,2020-11,44,1
324,2020-11,44,1
325,2020-11,44,0
326,2020-11,44,7
327,2020-11,44,0
328,2020-11,44,0
329,2020-11,44,1
330,2020-11,44,0
331,2020-11,44,0
332,2020-11,44,1
333,2020-11,44,1
334,2020-11,44,1
335,2020-11,44,1
336,2020-11,44,0
337,2020-11,44,1
338,2020-11,44,0
339,2020-11,44,0
340,2020-11,44,2
341,2020-11,44,0
342,2020-11,44,0
343,2020-11,44,1
344,2020-11,44,1
345,2020-11,44,0
346,2020-11,44,1
347,2020-11,44,0
348,2020-11,44,0
349,2020-11,44,0
350,2020-11,44,1
351,2020-11,44,0
352,2020-11,44,0
353,2020-11,44,0
354,2020-11,44,1
355,2020-11,44,0
356,2020-11,44,0
357,2020-11,44,0
358,2020-11,44,0
359,2020-11,44,0
360,2020-11,44,0
361,2020-11,44,0
362,2020-11,44,0
363,2020-11,44,0
364,2020-11,44,1
365,2020-11,44,1
366,2020-11,44,1
367,2020-11,44,0
368,2020-11,44,0
369,2020-11,44,1
370,2020-11,44,1
371,2020-11,44,0
372,2020-11,44,0
373,2020-11,44,1
374,2020-11,44,0
375,2020-11,44,0
376,2020-11,44,0
377,2020-11,44,0
378,2020-11,44,1
379,2020-11,44,0
380,2020-11,44,1
381,2020-11,44,0
382,2020-11,44,0
383,2020-11,44,0
384,2020-11,44,0
385,2020-11,44,0
386,2020-11,44,1
387,2020-11,44,0
388,2020-11,44,0
389,2020-11,44,0
390,2020-11,44,1
391,2020-11,44,0
392,2020-11,44,0
393,2020-11,44,0
394,2020-11,44,0
395,2020-11,44,0
396,2020-11,44,0
397,2020-11,44,0
398,2020-11,44,0
399,2020-11,44,0
400,2020-11,44,0
401,2020-11,44,0
402,2020-11,44,0
403,2020-11,44,0
404,2020-11,44,0
405,2020-11,44,1
406,2020-11,44,0
407,2020-11,44,0
408,2020-11,44,0
409,2020-11,44,0
410,2020-11,44,0
411,2020-11,44,0
412,2020-11,44,0
413,2020-11,44,0
414,2020-11,44,0
415,2020-11,44,0
416,2020-11,44,1
417,2020-11,44,0
418,2020-11,44,0
419,2020-11,44,1
420,2020-11,44,0
421,2020-11,44,0
422,2020-11,44,0
423,2020-11,44,0
424,2020-11,44,0
425,2020-11,44,0
426,2020-11,44,0
427,2020-11,44,0
428,2020-11,44,0
429,2020-11,44,0
430,2020-11,44,0
431,2020-11,44,0
432,2020-11,44,0
433,2020-11,44,0
434,2020-11,44,0
435,2020-11,44,0
436,2020-11,44,0
437,2020-11,44,0
438,2020-11,44,1
439,2020-11,44,0
440,2020-11,44,0
441,2020-11,44,0
442,2020-11,44,0
443,2020-11,44,0
444,2020-11,44,0
445,2020-11,44,0
446,2020-11,44,0
447,2020-11,44,0
448,2020-11,44,0
449,2020-11,44,0
450,2020-11,44,0
451,2020-11,44,0
452,2020-11,44,0
453,2020-11,44,0
454,2020-11,44,0
455,2020-11,44,0
456,2020-11,44,0
457,2020-11,44,0
458,2020-11,44,0
459,2020-11,44,1
460,2020-11,44,0
461,2020-11,44,0
462,2020-11,44,0
463,2020-11,44,0
464,2020-11,44,1
465,2020-11,44,0
466,2020-11,44,0
467,2020-11,44,0
468,2020-11,44,0
469,2020-11,44,0
470,2020-11,44,0
471,2020-11,44,0
472,2020-11,44,1
473,2020-11,44,1
474,2020-11,44,0
475,2020-11,44,0
476,2020-11,44,0
477,2020-11,44,0
478,2020-11,44,0
479,2020-11,44,1
480,2020-11,44,0
481,2020-11,44,0
482,2020-11,44,1
483,2020-11,44,0
484,2020-11,44,0
485,2020-11,44,0
486,2020-11,44,2
487,2020-11,44,0
488,2020-11,44,1
489,2020-11,44,0
490,2020-11,44,1
491,2020-11,44,1
492,2020-11,44,1
493,2020-11,44,0
494,2020-11,44,0
495,2020-11,44,0
496,2020-11,44,0
497,2020-11,44,0
498,2020-11,44,1
499,2020-11,44,1
500,2020-11,44,0
501,2020-11,44,0
502,2020-11,44,0
503,2020-11,44,0
504,2020-11,44,0
505,2020-11,44,0
506,2020-11,44,1
507,2020-11,44,0
508,2020-11,44,0
509,2020-11,44,0
510,2020-11,44,0
511,2020-11,44,0
512,2020-11,44,0
513,2020-11,44,1
514,2020-11,44,1
515,2020-11,44,0
516,2020-11,44,0
517,2020-11,44,0
518,2020-11,44,1
519,2020-11,44,0
520,2020-11,44,0
521,2020-11,44,0
522,2020-11,44,1
523,2020-11,44,0
524,2020-11,44,0
525,2020-11,44,1
526,2020-11,44,0
527,2020-11,44,0
528,2020-11,44,0
529,2020-11,44,0
530,2020-11,44,1
531,2020-11,44,0
532,2020-11,44,0
533,2020-11,44,0
534,2020-11,44,0
535,2020-11,44,1
536,2020-11,44,1
537,2020-11,44,0
538,2020-11,44,0
539,2020-11,44,1
540,2020-11,44,0
541,2020-11,44,1
542,2020-11,44,0
543,2020-11,44,0
544,2020-11,44,1
545,2020-11,44,0
546,2020-11,44,0
547,2020-11,44,1
548,2020-11,44,0
549,2020-11,44,0
550,2020-11,44,1
551,2020-11,44,1
552,2020-11,44,2
553,2020-11,44,0
554,2020-11,44,1
555,2020-11,44,1
556,2020-11,44,0
557,2020-11,44,1
558,2020-11,44,0
559,2020-11,44,0
560,2020-11,44,1
561,2020-11,44,0
562,2020-11,44,0
563,2020-11,44,1
564,2020-11,44,1
565,2020-11,44,0
566,2020-11,44,0
567,2020-11,44,0
568,2020-11,44,1
569,2020-11,44,1
570,2020-11,44,2
571,2020-11,44,1
572,2020-11,44,0
573,2020-11,44,0
574,2020-11,44,0
575,2020-11,44,0
576,2020-11,44,1
577,2020-11,44,0
578,2020-11,44,1
579,2020-11,44,0
580,2020-11,44,1
581,2020-11,44,1
582,2020-11,44,1
583,2020-11,44,0
584,2020-11,44,1
585,2020-11,44,0
586,2020-11,44,1
587,2020-11,44,0
588,2020-11,44,0
589,2020-11,44,1
590,2020-11,44,1
591,2020-11,44,0
592,2020-11,44,1
593,2020-11,44,1
594,2020-11,44,0
595,2020-11,44,1
596,2020-11,44,0
597,2020-11,44,0
598,2020-11,44,0
599,2020-11,44,0
600,2020-11,44,1
601,2020-11,44,0
602,2020-11,44,0
603,2020-11,44,0
604,2020-11,44,1
605,2020-11,44,0
606,2020-11,44,0
607,2020-11,44,0
608,2020-11,44,0
609,2020-11,44,0
610,2020-11,44,0
611,2020-11,44,0
612,2020-11,44,0
613,2020-11,44,0
614,2020-11,44,1
615,2020-11,44,0
616,2020-11,44,0
617,2020-11,44,1
618,2020-11,44,0
619,2020-11,44,1
620,2020-11,44,0
621,2020-11,44,1
622,2020-11,44,5
623,2020-11,44,0
624,2020-11,44,1
625,2020-11,44,0
626,2020-11,44,0
627,2020-11,44,1
628,2020-11,44,0
629,2020-11,44,1
630,2020-11,44,1
631,2020-11,44,0
632,2020-11,44,2
633,2020-11,44,0
634,2020-11,44,0
635,2020-11,44,0
636,2020-11,44,0
637,2020-11,44,0
638,2020-11,44,0
639,2020-11,44,0
640,2020-11,67,0
641,2020-11,67,0
642,2020-11,67,0
643,2020-11,67,1
644,2020-11,67,0
645,2020-11,67,2
646,2020-11,67,0
647,2020-11,67,1
648,2020-11,67,2
649,2020-11,67,3
650,2020-11,67,0
651,2020-11,67,0
652,2020-11,67,1
653,2020-11,67,1
654,2020-11,67,1
655,2020-11,67,2
656,2020-11,67,1
657,2020-11,67,1
658,2020-11,67,1
659,2020-11,67,1
660,2020-11,67,1
661,2020-11,67,1
662,2020-11,67,1
663,2020-11,67,1
664,2020-11,67,0
665,2020-11,67,1
666,2020-11,67,1
667,2020-11,67,0
668,2020-11,67,1
669,2020-11,67,0
670,2020-11,67,1
671,2020-11,67,0
672,2020-11,67,1
673,2020-11,67,2
674,2020-11,67,2
675,2020-11,67,1
676,2020-11,67,1
677,2020-11,67,1
678,2020-11,67,1
679,2020-11,67,0
680,2020-11,67,1
681,2020-11,67,1
682,2020-11,67,1
683,2020-11,67,3
684,2020-11,67,1
685,2020-11,67,0
686,2020-11,67,2
687,2020-11,67,3
688,2020-11,67,1
689,2020-11,67,1
690,2020-11,67,1
691,2020-11,67,1
692,2020-11,67,1
693,2020-11,67,1
694,2020-11,67,1
695,2020-11,67,2
696,2020-11,67,0
697,2020-11,67,2
698,2020-11,67,1
699,2020-11,67,2
700,2020-11,67,1
701,2020-11,67,2
702,2020-11,67,1
703,2020-11,67,1
704,2020-11,67,1
705,2020-11,67,1
706,2020-11,67,1
707,2020-11,67,1
708,2020-11,67,1
709,2020-11,67,3
710,2020-11,67,1
711,2020-11,67,1
712,2020-11,67,0
713,2020-11,67,2
714,2020-11,67,3
715,2020-11,67,0
716,2020-11,75,1
717,2020-11,75,0
718,2020-11,75,0
719,2020-11,75,1
720,2020-11,75,1
721,2020-11,75,0
722,2020-11,75,0
723,2020-11,75,0
724,2020-11,75,1
725,2020-11,75,1
726,2020-11,75,0
727,2020-11,75,0
728,2020-11,75,0
729,2020-11,75,1
730,2020-11,75,0
731,2020-11,75,1
732,2020-11,75,0
733,2020-11,75,1
734,2020-11,75,1
735,2020-11,75,1
736,2020-11,75,0
737,2020-11,75,0
738,2020-11,75,0
739,2020-11,75,0
740,2020-11,75,1
741,2020-11,75,1
742,2020-11,75,0
743,2020-11,75,1
744,2020-11,75,0
745,2020-11,75,1
746,2020-11,75,0
747,2020-11,75,1
748,2020-11,75,1
749,2020-11,75,1
750,2020-11,75,0
751,2020-11,75,0
752,2020-11,75,0
753,2020-11,75,0
754,2020-11,75,1
755,2020-11,75,1
756,2020-11,75,0
757,2020-11,75,0
758,2020-11,75,0
759,2020-11,75,0
760,2020-11,75,0
761,2020-11,75,1
762,2020-11,75,0
763,2020-11,75,1
764,2020-11,75,1
765,2020-11,75,0
766,2020-11,75,1
767,2020-11,75,0
768,2020-11,75,0
769,2020-11,75,1
770,2020-11,75,1
771,2020-11,75,0
772,2020-11,75,1
773,2020-11,75,1
774,2020-11,75,0
775,2020-11,75,0
776,2020-11,75,2
777,2020-11,75,0
778,2020-11,75,1
779,2020-11,75,0
780,2020-11,75,1
781,2020-11,75,1
782,2020-11,75,1
783,2020-11,75,1
784,2020-11,75,0
785,2020-11,75,0
786,2020-11,75,1
787,2020-11,75,1
788,2020-11,75,0
789,2020-11,75,0
790,2020-11,75,0
791,2020-11,75,0
792,2020-11,75,1
793,2020-11,75,1
794,2020-11,75,1
795,2020-11,75,0
796,2020-11,75,1
797,2020-11,75,2
798,2020-11,75,1
799,2020-11,75,2
800,2020-11,75,0
801,2020-11,75,1
802,2020-11,75,0
803,2020-11,75,1
804,2020-11,75,0
805,2020-11,75,0
806,2020-11,75,0
807,2020-11,75,1
808,2020-11,75,2
809,2020-11,75,1
810,2020-11,75,1
811,2020-11,75,1
812,2020-11,75,1
813,2020-11,75,0
814,2020-11,75,1
815,2020-11,75,0
816,2020-11,75,1
817,2020-11,75,0
818,2020-11,75,2
819,2020-11,75,0
820,2020-11,75,0
821,2020-11,75,0
822,2020-11,75,0
823,2020-11,75,0
824,2020-11,75,1
825,2020-11,75,1
826,2020-11,75,0
827,2020-11,75,0
828,2020-11,75,0
829,2020-11,75,0
830,2020-11,75,0
831,2020-11,75,0
832,2020-11,75,1
833,2020-11,75,1
834,2020-11,75,1
835,2020-11,75,1
836,2020-11,75,0
837,2020-11,75,2
838,2020-11,75,1
839,2020-11,75,1
840,2020-11,75,0
841,2020-11,75,0
842,2020-11,75,0
843,2020-11,75,0
844,2020-11,75,1
845,2020-11,75,0
846,2020-11,75,0
847,2020-11,75,1
848,2020-11,75,0
849,2020-11,75,0
850,2020-11,75,0
851,2020-11,75,0
852,2020-11,75,0
853,2020-11,75,0
854,2020-11,75,1
855,2020-11,75,0
856,2020-11,75,1
857,2020-11,75,0
858,2020-11,75,0
859,2020-11,75,1
860,2020-11,75,1
861,2020-11,75,0
862,2020-11,75,0
863,2020-11,75,0
864,2020-11,75,1
865,2020-11,75,0
866,2020-11,75,0
867,2020-11,75,0
868,2020-11,75,0
869,2020-11,75,0
870,2020-11,75,0
871,2020-11,75,1
872,2020-11,75,1
873,2020-11,75,1
874,2020-11,75,1
875,2020-11,75,1
876,2020-11,75,1
877,2020-11,75,1
878,2020-11,75,0
879,2020-11,75,0
880,2020-11,75,1
881,2020-11,75,1
882,2020-11,75,1
883,2020-11,75,1
884,2020-11,75,0
885,2020-11,75,1
886,2020-11,75,2
887,2020-11,75,1
888,2020-11,75,0
889,2020-11,75,1
890,2020-11,75,0
891,2020-11,75,1
892,2020-11,75,0
893,2020-11,75,0
894,2020-11,75,0
895,2020-11,75,0
896,2020-11,75,0
897,2020-11,75,0
898,2020-11,75,0
899,2020-11,75,1
900,2020-11,75,0
901,2020-11,75,2
902,2020-11,75,1
903,2020-11,75,1
904,2020-11,75,3
905,2020-11,75,1
906,2020-11,75,0
907,2020-11,75,0
908,2020-11,75,2
909,2020-11,75,0
910,2020-11,75,0
911,2020-11,75,1
912,2020-11,75,0
913,2020-11,75,0
914,2020-11,75,1
915,2020-11,75,1
916,2020-11,75,0
917,2020-11,75,0
918,2020-11,75,1
919,2020-11,75,1
920,2020-11,75,0
921,2020-11,75,1
922,2020-11,75,1
923,2020-11,75,1
924,2020-11,75,0
925,2020-11,75,0
926,2020-11,75,0
927,2020-11,75,0
928,2020-11,75,0
929,2020-11,75,0
930,2020-11,75,0
931,2020-11,75,3
932,2020-11,75,2
933,2020-11,75,2
934,2020-11,75,0
935,2020-11,75,1
936,2020-11,75,1
937,2020-11,75,1
938,2020-11,75,1
939,2020-11,75,1
940,2020-11,75,0
941,2020-11,75,0
942,2020-11,75,1
943,2020-11,75,0
944,2020-11,75,1
945,2020-11,75,0
946,2020-11,75,1
947,2020-11,75,0
948,2020-11,75,0
949,2020-11,75,0
950,2020-11,75,1
951,2020-11,75,1
952,2020-11,75,0
953,2020-11,75,1
954,2020-11,75,1
955,2020-11,75,1
956,2020-11,75,1
957,2020-11,75,1
958,2020-11,75,0
959,2020-11,75,1
960,2020-11,75,1
961,2020-11,75,1
962,2020-11,75,1
963,2020-11,75,0
964,2020-11,75,1
965,2020-11,75,1
966,2020-11,75,1
967,2020-11,75,2
968,2020-11,75,0
969,2020-11,75,0
970,2020-11,75,0
971,2020-11,75,0
972,2020-11,75,0
973,2020-11,75,0
974,2020-11,75,0
975,2020-11,75,1
976,2020-11,75,1
977,2020-11,75,1
978,2020-11,75,1
979,2020-11,75,1
980,2020-11,75,1
981,2020-11,75,1
982,2020-11,75,1
983,2020-11,75,1
984,2020-11,75,0
985,2020-11,75,0
986,2020-11,75,0
987,2020-11,75,0
988,2020-11,75,0
989,2020-11,75,0
990,2020-11,75,1
991,2020-11,75,0
992,2020-11,75,0
993,2020-11,75,0
994,2020-11,75,0
995,2020-11,75,0
996,2020-11,75,0
997,2020-11,75,0
998,2020-11,75,0
999,2020-11,75,0
1000,2020-11,75,0
1001,2020-11,75,1
1002,2020-11,75,0
1003,2020-11,75,0
1004,2020-11,75,0
1005,2020-11,75,0
1006,2020-11,75,0
1007,2020-11,75,1
1008,2020-11,75,0
1009,2020-11,75,0
1010,2020-11,75,0
1011,2020-11,75,1
1012,2020-11,75,0
1013,2020-11,75,1
1014,2020-11,75,0
1015,2020-11,75,0
1016,2020-11,75,2
1017,2020-11,75,0
1018,2020-11,75,0
1019,2020-11,75,1
1020,2020-11,75,0
1021,2020-11,75,0
1022,2020-11,75,0
1023,2020-11,75,2
1024,2020-11,75,0
1025,2020-11,75,0
1026,2020-11,75,0
1027,2020-11,75,1
1028,2020-11,75,1
1029,2020-11,75,0
1030,2020-11,75,2
1031,2020-11,75,1
1032,2020-11,75,1
1033,2020-11,75,1
1034,2020-11,75,1
1035,2020-11,75,0
1036,2020-11,75,1
1037,2020-11,75,0
1038,2020-11,75,1
1039,2020-11,75,0
1040,2020-11,75,0
1041,2020-11,75,1
1042,2020-11,75,1
1043,2020-11,75,0
1044,2020-11,75,0
1045,2020-11,75,0
1046,2020-11,75,2
1047,2020-11,75,0
1048,2020-11,75,1
1049,2020-11,75,1
1050,2020-11,75,0
1051,2020-11,75,0
1052,2020-11,75,0
1053,2020-11,75,1
1054,2020-11,75,1
1055,2020-11,75,1
1056,2020-11,75,1
1057,2020-11,75,0
1058,2020-11,75,0
1059,2020-11,75,0
1060,2020-11,75,0
1061,2020-11,75,0
1062,2020-11,75,0
1063,2020-11,75,1
1064,2020-11,75,0
1065,2020-11,75,0
1066,2020-11,75,1
1067,2020-11,75,1
1068,2020-11,75,0
1069,2020-11,75,0
1070,2020-11,75,0
1071,2020-11,75,1
1072,2020-11,75,1
1073,2020-11,75,0
1074,2020-11,75,1
1075,2020-11,75,0
1076,2020-11,75,0
1077,2020-11,75,1
1078,2020-11,75,0
1079,2020-11,75,2
1080,2020-11,75,2
1081,2020-11,75,1
1082,2020-11,75,0
1083,2020-11,75,0
1084,2020-11,75,1
1085,2020-11,75,0
1086,2020-11,75,1
1087,2020-11,75,1
1088,2020-11,75,1
1089,2020-11,75,1
1090,2020-11,75,0
1091,2020-11,75,0
1092,2020-11,75,0
1093,2020-11,75,0
1094,2020-11,75,1
1095,2020-11,75,0
1096,2020-11,75,0
1097,2020-11,75,0
1098,2020-11,75,1
1099,2020-11,75,1
1100,2020-11,75,0
1101,2020-11,75,0
1102,2020-11,75,0
1103,2020-11,75,0
1104,2020-11,75,0
1105,2020-11,75,1
1106,2020-11,75,0
1107,2020-11,75,1
1108,2020-11,75,0
1109,2020-11,75,0
1110,2020-11,75,0
1111,2020-11,75,1
1112,2020-11,75,0
1113,2020-11,75,0
1114,2020-11,75,0
1115,2020-11,75,1
1116,2020-11,75,1
1117,2020-11,75,0
1118,2020-11,75,0
1119,2020-11,75,0
1120,2020-11,75,0
1121,2020-11,75,0
1122,2020-11,75,2
1123,2020-11,75,0
1124,2020-11,75,2
1125,2020-11,75,0
1126,2020-11,75,0
1127,2020-11,75,0
1128,2020-11,75,0
1129,2020-11,75,0
1130,2020-11,75,0
1131,2020-11,75,0
1132,2020-11,75,0
1133,2020-11,75,0
1134,2020-11,75,1
1135,2020-11,75,1
1136,2020-11,75,0
1137,2020-11,75,1
1138,2020-11,75,1
1139,2020-11,75,0
1140,2020-11,75,0
1141,2020-11,75,0
1142,2020-11,75,0
1143,2020-11,75,0
1144,2020-11,75,1
1145,2020-11,75,0
1146,2020-11,75,1
1147,2020-11,75,0
1148,2020-11,75,1
1149,2020-11,75,1
1150,2020-11,75,1
1151,2020-11,75,1
1152,2020-11,75,2
1153,2020-11,75,0
1154,2020-11,75,0
1155,2020-11,75,1
1156,2020-11,75,2
1157,2020-11,75,1
1158,2020-11,75,2
1159,2020-11,75,1
1160,2020-11,75,2
1161,2020-11,75,2
1162,2020-11,75,2
1163,2020-11,75,2
1164,2020-11,75,1
1165,2020-11,75,0
1166,2020-11,75,0
1167,2020-11,75,0
1168,2020-11,75,0
1169,2020-11,75,1
1170,2020-11,75,1
1171,2020-11,75,1
1172,2020-11,75,1
1173,2020-11,75,0
1174,2020-11,75,0
1175,2020-11,75,0
1176,2020-11,75,0
1177,2020-11,75,0
1178,2020-11,75,1
1179,2020-11,75,0
1180,2020-11,75,0
1181,2020-11,75,0
1182,2020-11,75,0
1183,2020-11,75,0
1184,2020-11,75,1
1185,2020-11,75,0
1186,2020-11,75,1
1187,2020-11,75,0
1188,2020-11,75,0
1189,2020-11,75,1
1190,2020-11,75,0
1191,2020-11,75,0
1192,2020-11,75,0
1193,2020-11,75,1
1194,2020-11,75,0
1195,2020-11,75,0
1196,2020-11,75,1
1197,2020-11,75,0
1198,2020-11,75,0
1199,2020-11,75,0
1200,2020-11,75,1
1201,2020-11,75,0
1202,2020-11,75,0
1203,2020-11,75,0
1204,2020-11,75,0
1205,2020-11,75,0
1206,2020-11,75,0
1207,2020-11,75,1
1208,2020-11,75,0
1209,2020-11,75,0
1210,2020-11,75,0
1211,2020-11,75,0
1212,2020-11,75,0
1213,2020-11,75,1
1214,2020-11,75,2
1215,2020-11,75,0
1216,2020-11,75,0
1217,2020-11,75,0
1218,2020-11,75,0
1219,2020-11,75,0
1220,2020-11,75,1
1221,2020-11,75,1
1222,2020-11,75,0
1223,2020-11,75,0
1224,2020-11,75,0
1225,2020-11,75,0
1226,2020-11,75,0
1227,2020-11,75,1
1228,2020-11,75,0
1229,2020-11,75,0
1230,2020-11,75,0
1231,2020-11,75,0
1232,2020-11,75,0
1233,2020-11,75,0
1234,2020-11,75,0
1235,2020-11,75,2
1236,2020-11,75,1
1237,2020-11,75,0
1238,2020-11,75,0
1239,2020-11,75,0
1240,2020-11,75,0
1241,2020-11,75,1
1242,2020-11,75,1
1243,2020-11,75,0
1244,2020-11,75,1
1245,2020-11,75,0
1246,2020-11,75,0
1247,2020-11,75,0
1248,2020-11,75,0
1249,2020-11,75,1
1250,2020-11,75,0
1251,2020-11,78,1
1252,2020-11,78,0
1253,2020-11,78,0
1254,2020-11,78,1
1255,2020-11,78,0
1256,2020-11,78,0
1257,2020-11,78,1
1258,2020-11,78,1
1259,2020-11,78,1
1260,2020-11,78,1
1261,2020-11,78,1
1262,2020-11,78,0
1263,2020-11,78,1
1264,2020-11,78,1
1265,2020-11,78,0
1266,2020-11,78,1
1267,2020-11,78,0
1268,2020-11,78,0
1269,2020-11,78,0
1270,2020-11,78,0
1271,2020-11,78,0
1272,2020-11,78,0
1273,2020-11,78,2
1274,2020-11,78,1
1275,2020-11,78,0
1276,2020-11,78,1
1277,2020-11,78,0
1278,2020-11,78,1
1279,2020-11,78,1
1280,2020-11,78,1
1281,2020-11,78,0
1282,2020-11,78,0
1283,2020-11,78,0
1284,2020-11,78,1
1285,2020-11,78,1
1286,2020-11,78,1
1287,2020-11,78,1
1288,2020-11,78,0
1289,2020-11,78,1
1290,2020-11,78,2
1291,2020-11,78,0
1292,2020-11,78,0
1293,2020-11,78,2
1294,2020-11,78,0
1295,2020-11,78,0
1296,2020-11,78,1
1297,2020-11,78,0
1298,2020-11,78,0
1299,2020-11,78,0
1300,2020-11,78,0
1301,2020-11,78,0
1302,2020-11,78,0
1303,2020-11,78,0
1304,2020-11,78,1
1305,2020-11,78,0
1306,2020-11,78,0
1307,2020-11,78,0
1308,2020-11,78,0
1309,2020-11,78,0
1310,2020-11,78,0
1311,2020-11,78,1
1312,2020-11,78,0
1313,2020-11,78,0
1314,2020-11,78,1
1315,2020-11,78,0
1316,2020-11,78,1
1317,2020-11,78,0
1318,2020-11,78,0
1319,2020-11,78,0
1320,2020-11,78,0
1321,2020-11,78,1
1322,2020-11,78,0
1323,2020-11,78,0
1324,2020-11,78,1
1325,2020-11,78,0
1326,2020-11,78,1
1327,2020-11,78,1
1328,2020-11,78,0
1329,2020-11,78,0
1330,2020-11,78,0
1331,2020-11,78,0
1332,2020-11,78,0
1333,2020-11,78,0
1334,2020-11,78,0
1335,2020-11,78,0
1336,2020-11,78,0
1337,2020-11,78,0
1338,2020-11,78,0
1339,2020-11,78,0
1340,2020-11,78,0
1341,2020-11,78,0
1342,2020-11,78,0
1343,2020-11,78,0
1344,2020-11,78,0
1345,2020-11,78,0
1346,2020-11,78,0
1347,2020-11,78,0
1348,2020-11,78,0
1349,2020-11,78,0
1350,2020-11,78,0
1351,2020-11,78,0
1352,2020-11,78,0
1353,2020-11,78,0
1354,2020-11,78,0
1355,2020-11,78,1
1356,2020-11,78,0
1357,2020-11,78,0
1358,2020-11,78,0
1359,2020-11,78,0
1360,2020-11,78,0
1361,2020-11,78,0
1362,2020-11,78,0
1363,2020-11,78,0
1364,2020-11,78,0
1365,2020-11,78,0
1366,2020-11,78,0
1367,2020-11,78,1
1368,2020-11,78,0
1369,2020-11,78,0
1370,2020-11,78,0
1371,2020-11,78,0
1372,2020-11,78,0
1373,2020-11,78,1
1374,2020-11,78,0
1375,2020-11,78,0
1376,2020-11,78,0
1377,2020-11,78,0
1378,2020-11,78,0
1379,2020-11,78,0
1380,2020-11,78,0
1381,2020-11,78,0
1382,2020-11,78,0
1383,2020-11,78,0
1384,2020-11,78,0
1385,2020-11,78,1
1386,2020-11,78,0
1387,2020-11,78,1
1388,2020-11,78,0
1389,2020-11,78,0
1390,2020-11,78,0
1391,2020-11,78,0
1392,2020-11,78,0
1393,2020-11,78,0
1394,2020-11,78,1
1395,2020-11,78,0
1396,2020-11,78,0
1397,2020-11,78,0
1398,2020-11,78,1
1399,2020-11,78,1
1400,2020-11,78,0
1401,2020-11,78,0
1402,2020-11,78,0
1403,2020-11,78,0
1404,2020-11,78,0
1405,2020-11,78,1
1406,2020-11,78,0
1407,2020-11,78,0
1408,2020-11,78,0
1409,2020-11,78,0
1410,2020-11,78,1
1411,2020-11,78,0
1412,2020-11,78,0
1413,2020-11,78,1
1414,2020-11,78,2
1415,2020-11,78,1
1416,2020-11,78,1
1417,2020-11,78,1
1418,2020-11,78,1
1419,2020-11,78,0
1420,2020-11,78,0
1421,2020-11,78,0
1422,2020-11,78,0
1423,2020-11,78,2
1424,2020-11,78,1
1425,2020-11,78,0
1426,2020-11,78,1
1427,2020-11,78,1
1428,2020-11,78,1
1429,2020-11,78,0
1430,2020-11,78,0
1431,2020-11,78,1
1432,2020-11,78,0
1433,2020-11,78,0
1434,2020-11,78,1
1435,2020-11,78,0
1436,2020-11,78,0
1437,2020-11,78,0
1438,2020-11,78,0
1439,2020-11,78,0
1440,2020-11,78,0
1441,2020-11,78,1
1442,2020-11,78,0
1443,2020-11,78,0
1444,2020-11,78,0
1445,2020-11,78,0
1446,2020-11,78,0
1447,2020-11,78,0
1448,2020-11,78,0
1449,2020-11,78,0
1450,2020-11,78,0
1451,2020-11,78,0
1452,2020-11,78,0
1453,2020-11,78,0
1454,2020-11,78,0
1455,2020-11,78,1
1456,2020-11,78,0
1457,2020-11,78,1
1458,2020-11,78,0
1459,2020-11,78,0
1460,2020-11,78,1
1461,2020-11,78,1
1462,2020-11,78,0
1463,2020-11,78,0
1464,2020-11,78,1
1465,2020-11,78,1
1466,2020-11,78,0
1467,2020-11,78,0
1468,2020-11,78,2
1469,2020-11,78,0
1470,2020-11,78,0
1471,2020-11,78,0
1472,2020-11,78,3
1473,2020-11,78,1
1474,2020-11,78,1
1475,2020-11,78,1
1476,2020-11,78,0
1477,2020-11,78,1
1478,2020-11,78,0
1479,2020-11,78,1
1480,2020-11,78,0
1481,2020-11,78,1
1482,2020-11,78,1
1483,2020-11,78,1
1484,2020-11,78,0
1485,2020-11,78,1
1486,2020-11,78,0
1487,2020-11,78,1
1488,2020-11,78,0
1489,2020-11,78,1
1490,2020-11,78,3
1491,2020-11,78,1
1492,2020-11,78,1
1493,2020-11,78,1
1494,2020-11,78,0
1495,2020-11,78,0
1496,2020-11,78,0
1497,2020-11,78,1
1498,2020-11,78,1
1499,2020-11,78,0
1500,2020-11,78,0
1501,2020-11,78,0
1502,2020-11,78,1
1503,2020-11,78,0
1504,2020-11,78,0
1505,2020-11,78,0
1506,2020-11,78,1
1507,2020-11,78,2
1508,2020-11,78,1
1509,2020-11,78,0
1510,2020-11,92,0
1511,2020-11,92,0
1512,2020-11,92,0
1513,2020-11,92,0
1514,2020-11,92,1
1515,2020-11,92,0
1516,2020-11,92,1
1517,2020-11,92,1
1518,2020-11,92,0
1519,2020-11,92,1
1520,2020-11,92,1
1521,2020-11,92,0
1522,2020-11,92,1
1523,2020-11,92,0
1524,2020-11,92,0
1525,2020-11,92,0
1526,2020-11,92,0
1527,2020-11,92,0
1528,2020-11,92,1
1529,2020-11,92,0
1530,2020-11,92,0
1531,2020-11,92,1
1532,2020-11,92,1
1533,2020-11,92,0
1534,2020-11,92,0
1535,2020-11,92,2
1536,2020-11,92,0
1537,2020-11,92,0
1538,2020-11,92,1
1539,2020-11,92,1
1540,2020-11,92,0
1541,2020-11,92,0
1542,2020-11,92,0
1543,2020-11,92,0
1544,2020-11,92,0
1545,2020-11,92,0
1546,2020-11,92,1
1547,2020-11,92,1
1548,2020-11,92,0
1549,2020-11,92,1
1550,2020-11,92,0
1551,2020-11,92,0
1552,2020-11,92,0
1553,2020-11,92,0
1554,2020-11,92,0
1555,2020-11,92,1
1556,2020-11,92,0
1557,2020-11,92,0
1558,2020-11,92,0
1559,2020-11,92,0
1560,2020-11,92,1
1561,2020-11,92,0
1562,2020-11,92,0
1563,2020-11,92,1
1564,2020-11,92,0
1565,2020-11,92,0
1566,2020-11,92,0
1567,2020-11,92,2
1568,2020-11,92,1
1569,2020-11,92,0
1570,2020-11,92,1
1571,2020-11,92,1
1572,2020-11,92,1
1573,2020-11,92,0
1574,2020-11,92,2
1575,2020-11,92,0
1576,2020-11,92,1
1577,2020-11,92,0
1578,2020-11,92,1
1579,2020-11,92,2
1580,2020-11,92,0
1581,2020-11,92,2
1582,2020-11,92,0
1583,2020-11,92,1
1584,2020-11,92,0
1585,2020-11,92,0
1586,2020-11,92,0
1587,2020-11,92,0
1588,2020-11,92,1
1589,2020-11,92,1
1590,2020-11,92,0
1591,2020-11,92,1
1592,2020-11,92,0
1593,2020-11,92,2
1594,2020-11,92,0
1595,2020-11,92,0
1596,2020-11,92,0
1597,2020-11,92,0
1598,2020-11,92,0
1599,2020-11,92,2
1600,2020-11,92,0
1601,2020-11,92,0
1602,2020-11,92,1
1603,2020-11,92,0
1604,2020-11,92,0
1605,2020-11,92,0
1606,2020-11,92,0
1607,2020-11,92,1
1608,2020-11,92,0
1609,2020-11,92,0
1610,2020-11,92,1
1611,2020-11,92,0
1612,2020-11,92,0
1613,2020-11,92,1
1614,2020-11,92,0
1615,2020-11,92,1
1616,2020-11,92,0
1617,2020-11,92,0
1618,2020-11,92,0
1619,2020-11,92,0
1620,2020-11,92,0
1621,2020-11,92,0
1622,2020-11,92,0
1623,2020-11,92,0
1624,2020-11,92,0
1625,2020-11,92,0
1626,2020-11,92,1
1627,2020-11,92,1
1628,2020-11,92,1
1629,2020-11,92,0
1630,2020-11,92,0
1631,2020-11,92,0
1632,2020-11,92,0
1633,2020-11,92,0
1634,2020-11,92,1
1635,2020-11,92,1
1636,2020-11,92,2
1637,2020-11,92,1
1638,2020-11,92,0
1639,2020-11,92,0
1640,2020-11,92,0
1641,2020-11,92,1
1642,2020-11,92,1
1643,2020-11,92,0
1644,2020-11,92,0
1645,2020-11,92,0
1646,2020-11,92,1
1647,2020-11,92,1
1648,2020-11,92,0
1649,2020-11,92,0
1650,2020-11,92,0
1651,2020-11,92,0
1652,2020-11,92,0
1653,2020-11,92,0
1654,2020-11,92,1
1655,2020-11,92,1
1656,2020-11,92,0
1657,2020-11,92,0
1658,2020-11,92,2
1659,2020-11,92,0
1660,2020-11,92,1
1661,2020-11,92,0
1662,2020-11,92,0
1663,2020-11,92,0
1664,2020-11,92,0
1665,2020-11,92,1
1666,2020-11,92,0
1667,2020-11,92,1
1668,2020-11,92,0
1669,2020-11,92,1
1670,2020-11,92,0
1671,2020-11,92,0
1672,2020-11,92,2
1673,2020-11,92,0
1674,2020-11,92,0
1675,2020-11,92,0
1676,2020-11,92,0
1677,2020-11,92,0
1678,2020-11,92,0
1679,2020-11,92,0
1680,2020-11,92,0
1681,2020-11,92,0
1682,2020-11,92,0
1683,2020-11,92,0
1684,2020-11,92,1
1685,2020-11,92,0
1686,2020-11,92,0
1687,2020-11,92,0
1688,2020-11,92,1
1689,2020-11,92,0
1690,2020-11,92,0
1691,2020-11,92,0
1692,2020-11,92,0
1693,2020-11,92,0
1694,2020-11,92,0
1695,2020-11,92,1
1696,2020-11,92,0
1697,2020-11,92,0
1698,2020-11,92,0
1699,2020-11,92,0
1700,2020-11,92,0
1701,2020-11,92,0
1702,2020-11,92,1
1703,2020-11,92,1
1704,2020-11,92,1
1705,2020-11,92,0
1706,2020-11,92,0
1707,2020-11,92,0
1708,2020-11,92,0
1709,2020-11,92,0
1710,2020-11,92,1
1711,2020-11,92,0
1712,2020-11,92,0
1713,2020-11,92,0
1714,2020-11,92,1
1715,2020-11,92,1
1716,2020-11,92,0
1717,2020-11,92,0
1718,2020-11,92,0
1719,2020-11,92,1
1720,2020-11,92,0
1721,2020-11,92,0
1722,2020-11,92,0
1723,2020-11,92,0
1724,2020-11,92,0
1725,2020-11,92,0
1726,2020-11,92,0
1727,2020-11,92,0
1728,2020-11,92,0
1729,2020-11,92,0
1730,2020-11,92,1
1731,2020-11,92,1
1732,2020-11,92,1
1733,2020-11,92,0
1734,2020-11,92,0
1735,2020-11,92,0
1736,2020-11,92,1
1737,2020-11,92,0
1738,2020-11,92,0
1739,2020-11,92,3
1740,2020-11,92,0
1741,2020-11,92,0
1742,2020-11,92,0
1743,2020-11,92,0
1744,2020-11,92,1
1745,2020-11,92,0
1746,2020-11,92,0
1747,2020-11,92,0
1748,2020-11,92,0
1749,2020-11,92,0
1750,2020-11,92,1
1751,2020-11,92,0
1752,2020-11,92,1
1753,2020-11,92,0
1754,2020-11,92,0
1755,2020-11,92,0
1756,2020-11,92,0
1757,2020-11,92,0
1758,2020-11,92,0
1759,2020-11,92,0
1760,2020-11,92,0
1761,2020-11,92,0
1762,2020-11,92,0
1763,2020-11,92,0
1764,2020-11,92,0
1765,2020-11,92,0
1766,2020-11,92,0
1767,2020-11,92,0
1768,2020-11,92,0
1769,2020-11,92,2
1770,2020-11,92,0
1771,2020-11,92,1
1772,2020-11,92,0
1773,2020-11,92,1
1774,2020-11,92,0
1775,2020-11,92,0
1776,2020-11,92,0
1777,2020-11,92,0
1778,2020-11,92,0
1779,2020-11,92,0
1780,2020-11,92,0
1781,2020-11,92,0
1782,2020-11,92,1
1783,2020-11,92,0
1784,2020-11,92,1
1785,2020-11,92,0
1786,2020-11,92,0
1787,2020-11,92,1
1788,2020-11,92,0
1789,2020-11,92,1
1790,2020-11,92,1
1791,2020-11,92,1
1792,2020-11,92,0
1793,2020-11,92,3
1794,2020-11,92,0
1795,2020-11,92,1
1796,2020-11,92,0
1797,2020-11,92,1
1798,2020-11,92,0
1799,2020-11,92,1
1800,2020-11,92,1
1801,2020-11,92,0
1802,2020-11,92,1
1803,2020-11,92,0
1804,2020-11,92,0
1805,2020-11,92,0
1806,2020-11,92,0
1807,2020-11,92,2
1808,2020-11,92,0
1809,2020-11,92,0
1810,2020-11,92,0
1811,2020-11,92,0
1812,2020-11,92,0
1813,2020-11,92,1
1814,2020-11,92,0
1815,2020-11,92,0
1816,2020-11,92,0
1817,2020-11,92,0
1818,2020-11,92,0
1819,2020-11,92,0
1820,2020-11,92,0
1821,2020-11,92,0
1822,2020-11,92,0
1823,2020-11,92,1
1824,2020-11,92,1
1825,2020-11,92,1
1826,2020-11,92,0
1827,2020-11,92,0
1828,2020-11,92,1
1829,2020-11,92,0
1830,2020-11,92,0
1831,2020-11,92,1
1832,2020-11,92,0
1833,2020-11,93,1
1834,2020-11,93,0
1835,2020-11,93,1
1836,2020-11,93,0
1837,2020-11,93,0
1838,2020-11,93,0
1839,2020-11,93,1
1840,2020-11,93,0
1841,2020-11,93,0
1842,2020-11,93,0
1843,2020-11,93,0
1844,2020-11,93,1
1845,2020-11,93,0
1846,2020-11,93,1
1847,2020-11,93,0
1848,2020-11,93,0
1849,2020-11,93,1
1850,2020-11,93,0
1851,2020-11,93,1
1852,2020-11,93,1
1853,2020-11,93,1
1854,2020-11,93,0
1855,2020-11,93,0
1856,2020-11,93,1
1857,2020-11,93,0
1858,2020-11,93,1
1859,2020-11,93,0
1860,2020-11,93,1
1861,2020-11,93,2
1862,2020-11,93,0
1863,2020-11,93,0
1864,2020-11,93,0
1865,2020-11,93,0
1866,2020-11,93,0
1867,2020-11,93,0
1868,2020-11,93,1
1869,2020-11,93,0
1870,2020-11,93,0
1871,2020-11,93,0
1872,2020-11,93,0
1873,2020-11,93,1
1874,2020-11,93,0
1875,2020-11,93,1
1876,2020-11,93,0
1877,2020-11,93,2
1878,2020-11,93,0
1879,2020-11,93,1
1880,2020-11,93,0
1881,2020-11,93,1
1882,2020-11,93,0
1883,2020-11,93,0
1884,2020-11,93,0
1885,2020-11,93,0
1886,2020-11,93,1
1887,2020-11,93,1
1888,2020-11,93,0
1889,2020-11,93,0
1890,2020-11,93,0
1891,2020-11,93,1
1892,2020-11,93,0
1893,2020-11,93,0
1894,2020-11,93,0
1895,2020-11,93,0
1896,2020-11,93,0
1897,2020-11,93,1
1898,2020-11,93,0
1899,2020-11,93,0
1900,2020-11,93,0
1901,2020-11,93,0
1902,2020-11,93,0
1903,2020-11,93,0
1904,2020-11,93,0
1905,2020-11,93,0
1906,2020-11,93,0
1907,2020-11,93,0
1908,2020-11,93,0
1909,2020-11,93,0
1910,2020-11,93,0
1911,2020-11,93,1
1912,2020-11,93,0
1913,2020-11,93,0
1914,2020-11,93,1
1915,2020-11,93,1
1916,2020-11,93,0
1917,2020-11,93,1
1918,2020-11,93,0
1919,2020-11,93,0
1920,2020-11,93,0
1921,2020-11,93,0
1922,2020-11,93,0
1923,2020-11,93,0
1924,2020-11,93,1
1925,2020-11,93,1
1926,2020-11,93,1
1927,2020-11,93,0
1928,2020-11,93,0
1929,2020-11,93,0
1930,2020-11,93,1
1931,2020-11,93,1
1932,2020-11,93,1
1933,2020-11,93,0
1934,2020-11,93,2
1935,2020-11,93,0
1936,2020-11,93,0
1937,2020-11,93,2
1938,2020-11,93,0
1939,2020-11,93,0
1940,2020-11,93,0
1941,2020-11,93,0
1942,2020-11,93,0
1943,2020-11,93,0
1944,2020-11,93,1
1945,2020-11,93,0
1946,2020-11,93,1
1947,2020-11,93,0
1948,2020-11,93,0
1949,2020-11,93,1
1950,2020-11,93,0
1951,2020-11,93,0
1952,2020-11,93,2
1953,2020-11,93,1
1954,2020-11,93,1
1955,2020-11,93,0
1956,2020-11,93,1
1957,2020-11,93,0
1958,2020-11,93,1
1959,2020-11,93,1
1960,2020-11,93,0
1961,2020-11,93,0
1962,2020-11,93,0
1963,2020-11,93,0
1964,2020-11,93,1
1965,2020-11,93,1
1966,2020-11,93,0
1967,2020-11,93,1
1968,2020-11,93,0
1969,2020-11,93,1
1970,2020-11,93,0
1971,2020-11,93,0
1972,2020-11,93,0
1973,2020-11,93,0
1974,2020-11,93,0
1975,2020-11,93,0
1976,2020-11,93,1
1977,2020-11,93,1
1978,2020-11,93,1
1979,2020-11,93,0
1980,2020-11,93,0
1981,2020-11,93,1
1982,2020-11,93,0
1983,2020-11,93,0
1984,2020-11,93,1
1985,2020-11,93,1
1986,2020-11,93,0
1987,2020-11,93,1
1988,2020-11,93,0
1989,2020-11,93,0
1990,2020-11,93,0
1991,2020-11,93,1
1992,2020-11,93,0
1993,2020-11,93,0
1994,2020-11,93,0
1995,2020-11,93,0
1996,2020-11,93,0
1997,2020-11,93,0
1998,2020-11,93,0
1999,2020-11,93,2
2000,2020-11,93,0
2001,2020-11,93,0
2002,2020-11,93,0
2003,2020-11,93,0
2004,2020-11,93,0
2005,2020-11,93,0
2006,2020-11,93,0
2007,2020-11,93,0
2008,2020-11,93,0
2009,2020-11,93,0
2010,2020-11,93,0
2011,2020-11,93,0
2012,2020-11,93,0
2013,2020-11,93,0
2014,2020-11,93,0
2015,2020-11,93,0
2016,2020-11,93,0
2017,2020-11,93,0
2018,2020-11,93,2
2019,2020-11,93,0
2020,2020-11,93,0
2021,2020-11,93,0
2022,2020-11,93,0
2023,2020-11,93,0
2024,2020-11,93,1
2025,2020-11,93,0
2026,2020-11,93,0
2027,2020-11,93,0
2028,2020-11,93,0
2029,2020-11,93,0
2030,2020-11,93,0
2031,2020-11,93,0
2032,2020-11,93,0
2033,2020-11,93,0
2034,2020-11,93,0
2035,2020-11,93,0
2036,2020-11,93,0
2037,2020-11,93,0
2038,2020-11,93,0
2039,2020-11,93,1
2040,2020-11,93,1
2041,2020-11,93,1
2042,2020-11,93,1
2043,2020-11,93,1
2044,2020-11,93,0
2045,2020-11,93,1
2046,2020-11,93,0
2047,2020-11,93,0
2048,2020-11,93,1
2049,2020-11,93,0
2050,2020-11,93,0
2051,2020-11,93,0
2052,2020-11,93,1
2053,2020-11,93,0
2054,2020-11,93,0
2055,2020-11,93,0
2056,2020-11,93,0
2057,2020-11,93,0
2058,2020-11,93,0
2059,2020-11,93,0
2060,2020-11,93,0
2061,2020-11,93,1
2062,2020-11,93,0
2063,2020-11,93,1
2064,2020-11,93,0
2065,2020-11,93,1
2066,2020-11,93,0
2067,2020-11,93,0
2068,2020-11,93,0
2069,2020-11,93,0
2070,2020-11,93,1
2071,2020-11,93,0
2072,2020-11,93,0
2073,2020-11,93,0
2074,2020-11,93,0
2075,2020-11,93,1
2076,2020-11,93,0
2077,2020-11,93,0
2078,2020-11,93,0
2079,2020-11,93,0
2080,2020-11,93,0
2081,2020-11,93,0
2082,2020-11,93,0
2083,2020-11,93,1
2084,2020-11,93,1
2085,2020-11,93,0
2086,2020-11,93,1
2087,2020-11,93,3
2088,2020-11,93,1
2089,2020-11,93,1
2090,2020-11,93,0
2091,2020-11,93,0
2092,2020-11,93,0
2093,2020-11,93,1
2094,2020-11,93,0
2095,2020-11,93,0
2096,2020-11,93,0
2097,2020-11,93,0
2098,2020-11,93,0
2099,2020-11,93,1
2100,2020-11,93,1
2101,2020-11,93,0
2102,2020-11,93,0
2103,2020-11,93,0
2104,2020-11,93,0
2105,2020-11,93,0
2106,2020-11,93,0
2107,2020-11,93,0
2108,2020-11,93,0
2109,2020-11,93,0
2110,2020-11,93,0
2111,2020-11,93,0
2112,2020-11,93,0
2113,2020-11,93,0
2114,2020-11,93,0
2115,2020-11,93,1
2116,2020-11,93,0
2117,2020-11,93,0
2118,2020-11,93,0
2119,2020-11,93,0
2120,2020-11,93,0
2121,2020-11,93,0
2122,2020-11,93,0
2123,2020-11,93,1
2124,2020-11,93,0
2125,2020-11,93,1
2126,2020-11,93,0
2127,2020-11,93,0
2128,2020-11,93,0
2129,2020-11,93,0
2130,2020-11,93,0
2131,2020-11,93,0
2132,2020-11,93,1
2133,2020-11,93,1
2134,2020-11,93,0
2135,2020-11,93,0
2136,2020-11,93,0
2137,2020-11,93,0
2138,2020-11,93,0
2139,2020-11,93,0
2140,2020-11,93,0
2141,2020-11,93,0
2142,2020-11,93,0
2143,2020-11,93,0
2144,2020-11,93,0
2145,2020-11,93,0
2146,2020-11,93,0
2147,2020-11,93,0
2148,2020-11,93,1
2149,2020-11,93,0
2150,2020-11,93,0
2151,2020-11,93,0
2152,2020-11,93,1
2153,2020-11,93,1
2154,2020-11,93,1
2155,2020-11,93,1
2156,2020-11,93,1
2157,2020-11,93,0
2158,2020-11,93,1
2159,2020-11,93,1
2160,2020-11,93,0
2161,2020-11,93,0
2162,2020-11,93,0
2163,2020-11,93,0
2164,2020-11,94,0
2165,2020-11,94,0
2166,2020-11,94,1
2167,2020-11,94,0
2168,2020-11,94,0
2169,2020-11,94,0
2170,2020-11,94,0
2171,2020-11,94,0
2172,2020-11,94,0
2173,2020-11,94,1
2174,2020-11,94,0
2175,2020-11,94,0
2176,2020-11,94,1
2177,2020-11,94,0
2178,2020-11,94,0
2179,2020-11,94,0
2180,2020-11,94,1
2181,2020-11,94,0
2182,2020-11,94,1
2183,2020-11,94,0
2184,2020-11,94,0
2185,2020-11,94,0
2186,2020-11,94,0
2187,2020-11,94,0
2188,2020-11,94,0
2189,2020-11,94,0
2190,2020-11,94,0
2191,2020-11,94,1
2192,2020-11,94,1
2193,2020-11,94,0
2194,2020-11,94,0
2195,2020-11,94,0
2196,2020-11,94,1
2197,2020-11,94,0
2198,2020-11,94,0
2199,2020-11,94,1
2200,2020-11,94,1
2201,2020-11,94,1
2202,2020-11,94,0
2203,2020-11,94,0
2204,2020-11,94,0
2205,2020-11,94,0
2206,2020-11,94,0
2207,2020-11,94,0
2208,2020-11,94,1
2209,2020-11,94,0
2210,2020-11,94,1
2211,2020-11,94,0
2212,2020-11,94,0
2213,2020-11,94,1
2214,2020-11,94,0
2215,2020-11,94,0
2216,2020-11,94,1
2217,2020-11,94,1
2218,2020-11,94,1
2219,2020-11,94,0
2220,2020-11,94,0
2221,2020-11,94,0
2222,2020-11,94,0
2223,2020-11,94,1
2224,2020-11,94,0
2225,2020-11,94,1
2226,2020-11,94,1
2227,2020-11,94,0
2228,2020-11,94,0
2229,2020-11,94,0
2230,2020-11,94,0
2231,2020-11,94,1
2232,2020-11,94,0
2233,2020-11,94,0
2234,2020-11,94,0
2235,2020-11,94,1
2236,2020-11,94,0
2237,2020-11,94,1
2238,2020-11,94,0
2239,2020-11,94,0
2240,2020-11,94,0
2241,2020-11,94,3
2242,2020-11,94,0
2243,2020-11,94,0
2244,2020-11,94,4
2245,2020-11,94,0
2246,2020-11,94,1
2247,2020-11,94,1
2248,2020-11,94,2
2249,2020-11,94,1
2250,2020-11,94,0
2251,2020-11,94,0
2252,2020-11,94,0
2253,2020-11,94,1
2254,2020-11,94,0
2255,2020-11,94,0
2256,2020-11,94,0
2257,2020-11,94,0
2258,2020-11,94,0
2259,2020-11,94,0
2260,2020-11,94,1
2261,2020-11,94,0
2262,2020-11,94,1
2263,2020-11,94,1
2264,2020-11,94,0
2265,2020-11,94,0
2266,2020-11,94,0
2267,2020-11,94,0
2268,2020-11,94,0
2269,2020-11,94,1
2270,2020-11,94,0
2271,2020-11,94,0
2272,2020-11,94,0
2273,2020-11,94,0
2274,2020-11,94,1
2275,2020-11,94,0
2276,2020-11,94,0
2277,2020-11,94,0
2278,2020-11,94,0
2279,2020-11,94,0
2280,2020-11,94,2
2281,2020-11,94,0
2282,2020-11,94,0
2283,2020-11,94,1
2284,2020-11,94,0
2285,2020-11,94,0
2286,2020-11,94,0
2287,2020-11,94,1
2288,2020-11,94,1
2289,2020-11,94,0
2290,2020-11,94,1
2291,2020-11,94,1
2292,2020-11,94,1
2293,2020-11,94,1
2294,2020-11,94,2
2295,2020-11,94,0
2296,2020-11,94,0
2297,2020-11,94,2
2298,2020-11,94,1
2299,2020-11,94,1
2300,2020-11,94,0
2301,2020-11,94,1
2302,2020-11,94,0
2303,2020-11,94,1
2304,2020-11,94,0
2305,2020-11,94,1
2306,2020-11,94,0
2307,2020-11,94,1
2308,2020-11,94,1
2309,2020-11,94,0
2310,2020-11,94,0
2311,2020-11,94,0
2312,2020-11,94,0
2313,2020-11,94,0
2314,2020-11,94,0
2315,2020-11,94,2
2316,2020-11,94,1
2317,2020-11,94,1
2318,2020-11,94,0
2319,2020-11,94,1
2320,2020-11,94,1
2321,2020-11,94,1
2322,2020-11,94,1
2323,2020-11,94,1
2324,2020-11,94,0
2325,2020-11,94,0
2326,2020-11,94,1
2327,2020-11,94,1
2328,2020-11,94,0
2329,2020-11,94,0
2330,2020-11,94,1
2331,2020-11,94,0
2332,2020-11,94,0
2333,2020-11,94,1
2334,2020-11,94,0
2335,2020-11,94,1
2336,2020-11,94,0
2337,2020-11,94,1
2338,2020-11,94,0
2339,2020-11,94,0
2340,2020-11,94,1
2341,2020-11,94,0
2342,2020-11,94,1
2343,2020-11,94,0
2344,2020-11,94,1
2345,2020-11,94,0
2346,2020-11,94,1
2347,2020-11,94,0
2348,2020-11,94,2
2349,2020-11,94,0
2350,2020-11,94,0
2351,2020-11,94,0
2352,2020-11,94,0
2353,2020-11,94,0
2354,2020-11,94,0
2355,2020-11,94,0
2356,2020-11,94,0
2357,2020-11,94,1
2358,2020-11,94,0
2359,2020-11,94,0
2360,2020-11,94,0
2361,2020-11,94,1
2362,2020-11,94,0
2363,2020-11,94,0
2364,2020-11,94,0
2365,2020-11,94,1
2366,2020-11,94,2
2367,2020-11,94,1
2368,2020-11,94,1
2369,2020-11,94,0
2370,2020-11,94,0
2371,2020-11,94,1
2372,2020-11,94,1
2373,2020-11,94,0
2374,2020-11,94,0
2375,2020-11,94,0
2376,2020-11,94,0
2377,2020-11,94,0
2378,2020-11,94,0
2379,2020-11,94,1
2380,2020-11,94,1
2381,2020-11,94,0
2382,2020-11,94,0
2383,2020-11,94,0
2384,2020-11,94,0
2385,2020-11,94,0
2386,2020-11,94,1
2387,2020-11,94,0
2388,2020-11,94,1
2389,2020-11,94,1
2390,2020-11,94,1
2391,2020-11,94,0
2392,2020-11,94,0
2393,2020-11,94,0
2394,2020-11,94,0
2395,2020-11,94,1
2396,2020-11,94,1
2397,2020-11,94,0
2398,2020-11,94,1
2399,2020-11,94,1
2400,2020-11,94,0
2401,2020-11,94,0
2402,2020-11,94,1
2403,2020-11,94,1
2404,2020-11,94,0
2405,2020-11,94,1
2406,2020-11,94,0
2407,2020-11,94,1
2408,2020-11,94,1
2409,2020-11,94,0
2410,2020-11,94,0
2411,2020-11,94,0
2412,2020-11,94,1
2413,2020-11,94,1
2414,2020-11,94,0
2415,2020-11,94,0
2416,2020-11,94,0
2417,2020-11,94,1
2418,2020-11,94,0
2419,2020-11,94,2
2420,2020-11,94,1
2421,2020-11,94,0
2422,2020-11,94,0
2423,2020-11,94,0
2424,2020-11,94,1
2425,2020-11,94,0
2426,2020-11,94,1
2427,2020-11,94,0
2428,2020-11,94,0
2429,2020-11,94,1
2430,2020-11,94,0
2431,2020-11,94,0
2432,2020-11,94,1
2433,2020-11,94,0
2434,2020-11,94,0
2435,2020-11,94,0
2436,2020-11,94,0
2437,2020-11,94,0
2438,2020-11,94,1
2439,2020-11,94,1
2440,2020-11,94,0
2441,2020-11,94,1
2442,2020-11,94,0
2443,2020-11,94,0
2444,2020-11,94,0
2445,2020-11,94,0
2446,2020-11,94,0
2447,2020-11,94,0
2448,2020-11,94,0
2449,2020-11,94,0
2450,2020-11,94,0
2451,2020-11,94,0
2452,2020-11,94,0
2453,2020-11,94,0
2454,2020-11,94,1
2455,2020-11,94,0
2456,2020-11,94,0
2457,2020-11,94,0
2458,2020-11,94,0
2459,2020-11,94,0
2460,2020-11,94,0
2461,2020-11,94,0
2462,2020-11,94,1
2463,2020-11,94,0
2464,2020-11,94,0
2465,2020-11,94,0
2466,2020-11,94,0
2467,2020-11,94,0
2468,2020-11,94,0
2469,2020-11,94,0
2470,2020-11,94,0
2471,2020-11,94,1
2472,2020-11,94,0
2473,2020-11,94,0
2474,2020-11,94,0
2475,2020-11,94,1
2476,2020-11,94,0
2477,2020-11,94,0
2478,2020-11,94,0
2479,2020-11,94,0
2480,2020-11,94,0
2481,2020-11,94,0
2482,2020-11,94,0
2483,2020-11,94,0
2484,2020-11,94,0
2485,2020-11,94,1
2486,2020-11,94,1
2487,2020-11,94,0
2488,2020-11,94,0
2489,2020-11,94,0
2490,2020-11,94,0
2491,2020-11,94,0
2492,2020-11,94,0
2493,2020-11,94,0
2494,2020-11,94,0
2495,2020-11,94,0
2496,2020-11,94,0
2497,2020-11,94,2
2498,2020-11,94,0
2499,2020-11,94,0
2500,2020-11,95,0
2501,2020-11,95,0
2502,2020-11,95,0
2503,2020-11,95,1
2504,2020-11,95,0
2505,2020-11,95,0
2506,2020-11,95,0
2507,2020-11,95,0
2508,2020-11,95,1
2509,2020-11,95,0
2510,2020-11,75,1
2511,2020-12,75,1
2512,2020-12,44,0
2513,2020-12,75,1
2514,2020-12,75,1
2515,2020-12,75,1
2516,2020-12,75,0
2517,2020-12,75,1
2518,2020-12,75,0
2519,2020-12,75,1
2520,2020-12,75,1
2521,2020-12,75,0
2522,2020-12,75,0
2523,2020-12,75,0
2524,2020-12,75,0
2525,2020-12,75,1
2526,2020-12,75,0
2527,2020-12,75,0
2528,2020-12,75,1
2529,2020-12,75,1
2530,2020-12,75,0
2531,2020-12,75,1
2532,2020-12,93,1
2533,2020-12,33,1
2534,2020-12,93,3
2535,2020-12,67,2
2536,2020-12,78,1
2537,2020-12,78,1
2538,2020-12,78,3
2539,2020-12,78,0
2540,2020-12,78,0
2541,2020-12,78,2
2542,2020-12,78,0
2543,2020-12,78,0
2544,2020-12,78,0
2545,2020-12,78,0
2546,2020-12,78,0
2547,2020-12,78,0
2548,2020-12,78,0
2549,2020-12,78,0
2550,2020-12,78,0
2551,2020-12,78,0
2552,2020-12,78,0
2553,2020-12,78,0
2554,2020-12,78,0
2555,2020-12,78,0
2556,2020-12,78,0
2557,2020-12,69,0
2558,2020-12,75,0
2559,2021-01,33,2
2560,2021-01,33,1
2561,2021-01,95,1
2562,2021-01,67,3
2563,2021-01,94,3
2564,2021-01,94,0
2565,2021-01,00,1
2566,2021-01,00,0
2567,2021-01,33,1
2568,2021-01,00,0
2569,2021-01,93,0
2570,2021-01,92,1
2571,2021-01,92,1
2572,2021-01,92,1
2573,2021-01,92,1
2574,2021-01,75,1
2575,2021-01,33,1
2576,2021-01,95,1
2577,2021-01,95,1
2578,2021-01,94,1
2579,2021-01,75,0
2580,2021-01,75,0
2581,2021-01,75,0
2582,2021-01,75,1
2583,2021-01,75,0
2584,2021-01,75,0
2585,2021-01,75,1
2586,2021-02,75,0
2587,2021-02,75,1
2588,2021-02,92,0
2589,2021-02,92,1
2590,2021-02,92,1
2591,2021-02,92,0
2592,2021-02,92,0
2593,2021-02,92,0
2594,2021-02,92,0
2595,2021-02,92,1
2596,2021-02,92,0
2597,2021-02,92,0
2598,2021-02,92,0
2599,2021-02,92,2
2600,2021-02,92,0
2601,2021-02,92,0
2602,2021-02,92,0
2603,2021-02,92,0
2604,2021-02,92,0
2605,2021-02,75,0
2606,2021-02,92,0
2607,2021-02,92,1
2608,2021-02,92,0
2609,2021-02,92,0
2610,2021-02,92,0
2611,2021-02,92,0
2612,2021-02,92,0
2613,2021-02,00,0
2614,2021-02,92,0
2615,2021-02,92,1
2616,2021-02,92,0
2617,2021-02,92,0
2618,2021-02,95,1
2619,2021-02,67,1
2620,2021-02,92,1
2621,2021-02,67,1
2622,2021-02,06,9
2623,2021-02,67,1
2624,2021-02,75,0
2625,2021-02,75,0
2626,2021-02,92,1
2627,2021-02,92,0
2628,2021-02,92,1
2629,2021-02,95,0
2630,2021-02,95,7
2631,2021-02,95,1
2632,2021-02,95,2
2633,2021-02,95,1
2634,2021-02,78,0
2635,2021-02,78,1
2636,2021-02,78,1
2637,2021-02,78,0
2638,2021-02,78,0
2639,2021-02,78,0
2640,2021-02,78,0
2641,2021-02,78,0
2642,2021-02,78,0
2643,2021-02,78,0
2644,2021-02,75,1
2645,2021-02,78,0
2646,2021-02,78,0
2647,2021-02,78,1
2648,2021-02,78,0
2649,2021-02,78,0
2650,2021-02,78,0
2651,2021-02,78,0
2652,2021-02,78,0
2653,2021-02,78,0
2654,2021-02,78,0
2655,2021-02,78,1
2656,2021-02,78,0
2657,2021-02,92,1
2658,2021-02,06,2
2659,2021-02,92,0
2660,2021-02,92,0
2661,2021-02,92,0
2662,2021-02,75,1
2663,2021-02,75,1
2664,2021-02,94,0
2665,2021-02,92,0
2666,2021-02,94,1
2667,2021-02,67,1
2668,2021-02,94,2
2669,2021-02,92,0
2670,2021-02,75,3
2671,2021-02,92,1
2672,2021-02,67,0
2673,2021-02,92,1
2674,2021-02,95,1
2675,2021-02,93,1
2676,2021-02,92,1
2677,2021-02,94,0
2678,2021-02,94,0
2679,2021-02,94,0
2680,2021-02,67,1
2681,2021-02,67,1
2682,2021-02,94,1
2683,2021-02,94,1
2684,2021-02,75,0
2685,2021-02,06,0
2686,2021-02,78,0
2687,2021-02,78,0
2688,2021-02,78,0
2689,2021-02,67,1
2690,2021-02,92,1
2691,2021-02,34,0
2692,2021-02,92,1
2693,2021-02,92,1
2694,2021-02,92,1
2695,2021-02,92,1
2696,2021-02,95,1
2697,2021-02,92,0
2698,2021-02,94,0
2699,2021-02,94,1
2700,2021-02,94,0
2701,2021-02,94,1
2702,2021-02,33,1
2703,2021-02,33,0
2704,2021-03,94,1
2705,2021-03,92,2
2706,2021-03,92,1
2707,2021-03,93,0
2708,2021-03,67,2
2709,2021-03,93,1
2710,2021-03,94,2
2711,2021-03,93,1
2712,2021-03,28,2
2713,2021-03,93,1
2714,2021-03,93,0
2715,2021-03,92,0
2716,2021-03,95,1
2717,2021-03,95,2
2718,2021-03,78,1
2719,2021-03,78,2
2720,2021-03,92,1
2721,2021-03,78,1
2722,2021-03,67,1
2723,2021-03,93,0
2724,2021-03,92,0
2725,2021-03,92,1
2726,2021-03,75,1
2727,2021-03,44,1
2728,2021-03,94,1
2729,2021-03,92,0
2730,2021-03,13,1
2731,2021-03,75,0
2732,2021-03,75,0
2733,2021-03,75,0
2734,2021-03,75,0
2735,2021-03,75,0
2736,2021-03,75,0
2737,2021-03,75,0
2738,2021-03,75,0
2739,2021-03,94,1
2740,2021-03,95,0
2741,2021-03,95,0
2742,2021-03,95,0
2743,2021-03,95,0
2744,2021-03,95,1
2745,2021-03,95,0
2746,2021-03,95,2
2747,2021-03,95,0
2748,2021-03,95,0
2749,2021-03,95,0
2750,2021-03,95,0
2751,2021-03,95,0
2752,2021-03,95,0
2753,2021-03,95,0
2754,2021-03,95,0
2755,2021-03,95,0
2756,2021-03,95,0
2757,2021-03,95,0
2758,2021-03,95,0
2759,2021-03,95,0
2760,2021-03,06,1
2761,2021-03,78,1
2762,2021-03,92,1
2763,2021-03,94,0
2764,2021-03,67,1
2765,2021-03,94,0
2766,2021-03,93,1
2767,2021-03,92,0
2768,2021-03,94,0
2769,2021-03,78,1
2770,2021-03,95,0
2771,2021-03,93,0
2772,2021-03,93,1
2773,2021-03,95,0
2774,2021-03,67,1
2775,2021-03,95,0
2776,2021-03,93,1
2777,2021-03,67,1
2778,2021-03,93,0
2779,2021-03,78,1
2780,2021-03,44,0
2781,2021-03,93,0
2782,2021-03,92,0
2783,2021-04,33,0
2784,2021-04,67,0
2785,2021-04,94,1
2786,2021-04,67,1
2787,2021-04,92,1
2788,2021-04,92,1
2789,2021-04,77,2
2790,2021-04,67,1
2791,2021-04,95,1
2792,2021-04,95,1
2793,2021-04,95,1
2794,2021-04,95,2
2795,2021-04,95,2
2796,2021-04,94,1
2797,2021-04,78,1
2798,2021-04,78,0
2799,2021-04,93,2
2800,2021-04,06,4
2801,2021-04,06,2
2802,2021-04,36,1
2803,2021-04,78,1
2804,2021-04,78,0
2805,2021-04,75,1
2806,2021-04,92,0
2807,2021-04,92,0
2808,2021-04,974,1
2809,2021-04,93,0
2810,2021-04,93,1
2811,2021-04,78,0
2812,2021-04,93,0
2813,2021-04,93,1
2814,2021-04,33,1
2815,2021-04,93,1
2816,2021-04,67,1
2817,2021-04,75,0
2818,2021-04,75,0
2819,2021-04,75,1
2820,2021-04,67,1
2821,2021-04,06,4
2822,2021-04,93,1
2823,2021-04,93,0
2824,2021-04,93,0
2825,2021-04,67,2
2826,2021-04,44,0
2827,2021-04,06,1
2828,2021-04,93,0
2829,2021-04,06,1
2830,2021-04,78,0
2831,2021-04,75,1
2832,2021-04,91,1
2833,2021-04,93,1
2834,2021-04,93,0
2835,2021-04,33,1
2836,2021-04,94,1
2837,2021-04,33,1
2838,2021-04,94,0
2839,2021-05,33,1
2840,2021-05,94,1
2841,2021-05,78,1
2842,2021-05,67,1
2843,2021-05,93,1
2844,2021-05,93,1
2845,2021-05,93,1
2846,2021-05,93,0
2847,2021-05,75,1
2848,2021-05,93,0
2849,2021-05,93,0
2850,2021-05,33,1
2851,2021-05,93,0
2852,2021-05,44,0
2853,2021-05,75,2
2854,2021-05,93,1
2855,2021-05,91,1
2856,2021-05,92,0
2857,2021-05,94,1
2858,2021-05,93,0
2859,2021-05,44,1
2860,2021-05,44,0
2861,2021-05,44,0
2862,2021-05,44,0
2863,2021-05,44,0
2864,2021-05,67,0
2865,2021-05,75,1
2866,2021-05,67,0
2867,2021-05,77,2
2868,2021-05,77,1
2869,2021-05,77,2
2870,2021-05,95,1
2871,2021-05,67,0
2872,2021-05,78,0
2873,2021-05,78,0
2874,2021-05,95,2
2875,2021-05,33,1
2876,2021-05,06,1
2877,2021-05,75,2
2878,2021-05,77,0
2879,2021-05,77,1
2880,2021-05,06,1
2881,2021-05,06,1
2882,2021-05,75,0
2883,2021-05,33,0
2884,2021-05,67,1
2885,2021-05,44,0
2886,2021-05,44,0
2887,2021-05,77,0
2888,2021-05,44,0
2889,2021-05,44,0
2890,2021-05,44,0
2891,2021-05,44,0
2892,2021-05,44,0
2893,2021-05,44,0
2894,2021-05,06,1
2895,2021-05,67,0
2896,2021-05,95,1
2897,2021-05,95,1
2898,2021-05,44,0
2899,2021-05,44,0
2900,2021-05,44,0
2901,2021-05,44,0
2902,2021-05,44,0
2903,2021-05,33,0
2904,2021-05,77,1
2905,2021-05,75,1
2906,2021-05,93,0
2907,2021-05,94,1
2908,2021-05,93,0
2909,2021-05,33,0
2910,2021-06,93,0
2911,2021-06,67,1
2912,2021-06,33,1
2913,2021-06,93,1
2914,2021-06,92,0
2915,2021-06,44,0
2916,2021-06,44,0
2917,2021-06,44,0
2918,2021-06,44,0
2919,2021-06,44,0
2920,2021-06,44,0
2921,2021-06,44,0
2922,2021-06,44,0
2923,2021-06,44,0
2924,2021-06,44,0
2925,2021-06,44,0
2926,2021-06,44,0
2927,2021-06,75,1
2928,2021-06,78,2
2929,2021-06,67,2
2930,2021-06,67,1
2931,2021-06,75,1
2932,2021-06,33,1
2933,2021-06,78,1
2934,2021-06,95,1
2935,2021-06,44,0
2936,2021-06,44,0
2937,2021-06,77,1
2938,2021-06,92,0
2939,2021-06,67,0
2940,2021-06,75,0
2941,2021-06,94,0
2942,2021-06,94,0
2943,2021-06,67,0
2944,2021-06,77,2
2945,2021-06,92,0
2946,2021-06,75,2
2947,2021-06,77,1
2948,2021-06,75,0
2949,2021-06,75,0
2950,2021-06,75,0
2951,2021-06,75,1
2952,2021-06,44,0
2953,2021-06,75,0
2954,2021-06,44,0
2955,2021-06,44,0
2956,2021-06,75,0
2957,2021-06,75,0
2958,2021-06,44,0
2959,2021-06,44,0
2960,2021-06,75,0
2961,2021-06,44,0
2962,2021-06,44,1
2963,2021-06,75,0
2964,2021-06,75,0
2965,2021-06,44,0
2966,2021-06,44,0
2967,2021-06,44,0
2968,2021-06,75,0
2969,2021-06,44,0
2970,2021-06,44,0
2971,2021-06,44,0
2972,2021-06,44,1
2973,2021-06,94,1
2974,2021-06,77,0
2975,2021-06,75,0
2976,2021-06,44,0
2977,2021-06,44,0
2978,2021-06,44,0
2979,2021-06,44,0
2980,2021-06,78,0
2981,2021-06,78,0
2982,2021-06,78,0
2983,2021-06,94,1
2984,2021-06,78,0
2985,2021-06,78,1
2986,2021-06,75,0
2987,2021-06,75,0
2988,2021-06,44,0
2989,2021-06,44,0
2990,2021-06,44,0
2991,2021-06,44,0
2992,2021-06,44,0
2993,2021-06,94,1
2994,2021-06,75,0
2995,2021-06,75,0
2996,2021-06,92,0
2997,2021-06,77,1
2998,2021-06,75,0
2999,2021-06,77,1
3000,2021-06,77,1
3001,2021-06,92,0
3002,2021-06,94,1
3003,2021-06,94,1
3004,2021-06,77,2
3005,2021-06,94,1
3006,2021-06,77,2
3007,2021-06,44,1
3008,2021-06,77,0
3009,2021-06,92,0
3010,2021-06,67,1
3011,2021-06,95,0
3012,2021-06,95,0
3013,2021-06,95,0
3014,2021-06,95,1
3015,2021-06,95,0
3016,2021-06,95,0
3017,2021-06,95,0
3018,2021-06,95,1
3019,2021-06,95,0
3020,2021-06,95,0
3021,2021-06,95,0
3022,2021-06,95,0
3023,2021-06,92,0
3024,2021-06,95,0
3025,2021-06,95,0
3026,2021-06,95,1
3027,2021-06,95,0
3028,2021-06,95,0
3029,2021-06,95,0
3030,2021-06,95,0
3031,2021-06,95,0
3032,2021-06,95,0
3033,2021-06,95,0
3034,2021-06,95,0
3035,2021-06,95,0
3036,2021-06,95,1
3037,2021-06,95,0
3038,2021-06,95,0
3039,2021-06,95,0
3040,2021-06,95,0
3041,2021-06,95,0
3042,2021-06,95,0
3043,2021-06,95,0
3044,2021-06,95,0
3045,2021-06,95,0
3046,2021-06,95,0
3047,2021-06,95,0
3048,2021-06,95,0
3049,2021-06,95,0
3050,2021-06,95,0
3051,2021-06,95,0
3052,2021-06,95,0
3053,2021-06,95,1
3054,2021-06,95,0
3055,2021-06,33,0
3056,2021-06,95,0
3057,2021-06,95,0
3058,2021-06,95,0
3059,2021-06,95,0
3060,2021-06,95,1
3061,2021-06,95,0
3062,2021-06,95,0
3063,2021-06,95,0
3064,2021-06,95,0
3065,2021-06,95,0
3066,2021-06,95,0
3067,2021-06,95,0
3068,2021-06,95,0
3069,2021-06,95,0
3070,2021-06,95,0
3071,2021-06,95,0
3072,2021-06,95,0
3073,2021-06,95,0
3074,2021-06,95,0
3075,2021-06,95,0
3076,2021-06,95,0
3077,2021-06,95,0
3078,2021-06,95,0
3079,2021-06,94,1
3080,2021-06,95,1
3081,2021-06,95,0
3082,2021-06,95,0
3083,2021-06,95,0
3084,2021-06,95,0
3085,2021-06,95,2
3086,2021-06,95,0
3087,2021-06,95,0
3088,2021-06,95,0
3089,2021-06,95,0
3090,2021-06,95,1
3091,2021-06,95,0
3092,2021-06,95,0
3093,2021-06,95,0
3094,2021-06,95,0
3095,2021-06,95,0
3096,2021-06,95,0
3097,2021-06,95,0
3098,2021-06,95,0
3099,2021-06,95,0
3100,2021-06,95,0
3101,2021-06,95,0
3102,2021-06,95,0
3103,2021-06,95,0
3104,2021-06,95,0
3105,2021-06,95,0
3106,2021-06,95,0
3107,2021-06,95,0
3108,2021-06,95,0
3109,2021-06,95,1
3110,2021-06,95,0
3111,2021-06,95,0
3112,2021-06,95,0
3113,2021-06,95,0
3114,2021-06,95,0
3115,2021-06,95,0
3116,2021-06,75,1
3117,2021-06,95,0
3118,2021-06,95,0
3119,2021-06,95,0
3120,2021-06,95,0
3121,2021-06,95,0
3122,2021-06,95,0
3123,2021-06,95,0
3124,2021-06,95,0
3125,2021-06,95,0
3126,2021-06,95,0
3127,2021-06,95,0
3128,2021-06,95,0
3129,2021-06,95,0
3130,2021-06,95,0
3131,2021-06,95,0
3132,2021-06,95,0
3133,2021-06,95,0
3134,2021-06,95,0
3135,2021-06,92,0
3136,2021-06,95,0
3137,2021-06,95,0
3138,2021-06,91,0
3139,2021-06,77,1
3140,2021-06,75,0
3141,2021-06,75,0
3142,2021-06,77,0
3143,2021-06,77,1
3144,2021-06,77,0
3145,2021-06,77,0
3146,2021-06,77,1
3147,2021-06,33,1
3148,2021-06,75,0
3149,2021-06,77,1
3150,2021-06,95,0
3151,2021-06,91,0
3152,2021-06,95,1
3153,2021-06,95,1
3154,2021-06,95,0
3155,2021-06,75,0
3156,2021-06,67,0
3157,2021-06,67,0
3158,2021-06,67,0
3159,2021-06,92,0
3160,2021-06,92,0
3161,2021-06,91,1
3162,2021-06,67,1
3163,2021-06,75,0
3164,2021-06,75,0
3165,2021-06,75,0
3166,2021-06,75,0
3167,2021-06,44,0
3168,2021-06,75,0
3169,2021-06,92,0
3170,2021-06,92,0
3171,2021-06,75,0
3172,2021-06,75,0
3173,2021-06,75,0
3174,2021-06,77,2
3175,2021-06,94,1
3176,2021-06,94,0
3177,2021-06,94,0
3178,2021-06,78,0
3179,2021-06,78,0
3180,2021-06,78,0
3181,2021-06,78,0
3182,2021-06,78,0
3183,2021-06,78,0
3184,2021-06,78,0
3185,2021-06,95,2
3186,2021-06,77,1
3187,2021-06,77,1
3188,2021-06,77,1
3189,2021-06,67,1
3190,2021-06,95,0
3191,2021-06,77,2
3192,2021-06,91,1
3193,2021-06,91,0
3194,2021-06,91,2
3195,2021-06,77,4
3196,2021-06,06,1
3197,2021-06,77,1
3198,2021-06,77,1
3199,2021-06,77,1
3200,2021-06,92,0
3201,2021-06,77,1
3202,2021-06,92,0
3203,2021-06,77,1
3204,2021-06,95,1
3205,2021-06,77,1
3206,2021-06,06,2
3207,2021-06,77,1
3208,2021-06,91,1
3209,2021-06,75,1
3210,2021-06,75,0
3211,2021-06,75,0
3212,2021-06,77,1
3213,2021-06,91,2
3214,2021-06,77,0
3215,2021-06,77,0
3216,2021-06,77,0
3217,2021-06,06,1
3218,2021-06,78,0
3219,2021-06,94,1
3220,2021-06,75,0
3221,2021-06,06,1
3222,2021-06,06,1
3223,2021-06,06,1
3224,2021-06,06,0
3225,2021-06,06,1
3226,2021-06,06,0
3227,2021-06,06,0
3228,2021-06,06,0
3229,2021-06,06,2
3230,2021-06,06,1
3231,2021-06,06,0
3232,2021-06,06,2
3233,2021-06,06,5
3234,2021-06,06,0
3235,2021-06,06,0
3236,2021-06,06,1
3237,2021-06,06,1
3238,2021-06,06,1
3239,2021-06,06,0
3240,2021-06,06,0
3241,2021-06,06,2
3242,2021-06,06,0
3243,2021-06,06,0
3244,2021-06,92,1
3245,2021-06,06,0
3246,2021-06,06,1
3247,2021-06,06,1
3248,2021-06,06,2
3249,2021-06,06,0
3250,2021-06,06,0
3251,2021-06,06,0
3252,2021-06,06,0
3253,2021-06,06,1
3254,2021-06,06,1
3255,2021-06,06,2
3256,2021-06,06,1
3257,2021-06,06,1
3258,2021-06,06,0
3259,2021-06,06,0
3260,2021-06,06,2
3261,2021-06,06,1
3262,2021-06,06,0
3263,2021-06,06,0
3264,2021-06,06,0
3265,2021-06,06,0
3266,2021-06,06,0
3267,2021-06,06,0
3268,2021-06,06,0
3269,2021-06,06,0
3270,2021-06,06,0
3271,2021-06,06,1
3272,2021-06,06,0
3273,2021-06,06,0
3274,2021-06,06,0
3275,2021-06,06,0
3276,2021-06,77,1
3277,2021-06,44,0
3278,2021-06,44,0
3279,2021-06,77,1
3280,2021-06,77,0
3281,2021-06,91,1
3282,2021-06,92,1
3283,2021-06,92,0
3284,2021-06,92,1
3285,2021-06,06,1
3286,2021-06,77,1
3287,2021-06,77,1
3288,2021-06,77,1
3289,2021-06,44,0
3290,2021-07,44,0
3291,2021-07,91,2
3292,2021-07,95,1
3293,2021-07,44,0
3294,2021-07,44,0
3295,2021-07,44,0
3296,2021-07,77,1
3297,2021-07,95,0
3298,2021-07,95,1
3299,2021-07,95,0
3300,2021-07,77,3
3301,2021-07,94,0
3302,2021-07,77,1
3303,2021-07,33,1
3304,2021-07,94,0
3305,2021-07,95,1
3306,2021-07,75,1
3307,2021-07,06,0
3308,2021-07,75,0
3309,2021-07,33,1
3310,2021-07,95,1
3311,2021-07,95,0
3312,2021-07,95,1
3313,2021-07,93,1
3314,2021-07,75,0
3315,2021-07,75,0
3316,2021-07,75,0
3317,2021-07,75,0
3318,2021-07,06,0
3319,2021-07,06,1
3320,2021-07,94,1
3321,2021-07,06,0
3322,2021-07,77,0
3323,2021-07,95,0
3324,2021-07,95,0
3325,2021-07,92,1
3326,2021-07,91,0
3327,2021-07,06,2
3328,2021-07,75,0
3329,2021-07,44,1
3330,2021-07,94,0
3331,2021-07,94,1
3332,2021-07,75,0
3333,2021-07,94,0
3334,2021-07,75,0
3335,2021-07,75,0
3336,2021-07,44,0
3337,2021-07,44,0
3338,2021-07,44,0
3339,2021-07,44,0
3340,2021-07,77,1
3341,2021-07,95,1
3342,2021-07,95,0
3343,2021-07,95,0
3344,2021-07,92,0
3345,2021-07,92,0
3346,2021-07,92,0
3347,2021-07,92,0
3348,2021-07,92,0
3349,2021-07,92,0
3350,2021-07,91,0
3351,2021-07,77,1
3352,2021-07,67,0
3353,2021-07,77,1
3354,2021-07,06,2
3355,2021-07,67,0
3356,2021-07,67,0
3357,2021-07,77,0
3358,2021-07,77,0
3359,2021-07,44,0
3360,2021-07,06,1
3361,2021-07,77,1
3362,2021-07,67,0
3363,2021-07,67,0
3364,2021-07,75,0
3365,2021-07,77,1
3366,2021-07,33,0
3367,2021-07,67,0
3368,2021-07,67,0
3369,2021-07,06,1
3370,2021-07,77,0
3371,2021-07,77,1
3372,2021-07,67,0
3373,2021-07,77,1
3374,2021-07,33,1
3375,2021-07,67,1
3376,2021-07,33,0
3377,2021-07,44,1
3378,2021-07,77,0
3379,2021-07,77,2
3380,2021-07,77,2
3381,2021-07,95,0
3382,2021-07,95,0
3383,2021-07,06,1
3384,2021-07,06,1
3385,2021-07,95,0
3386,2021-07,91,0
3387,2021-07,91,0
3388,2021-07,91,1
3389,2021-07,91,0
3390,2021-07,33,0
3391,2021-07,91,0
3392,2021-07,95,0
3393,2021-07,06,2
3394,2021-08,67,0
3395,2021-08,67,0
3396,2021-08,77,7
3397,2021-08,91,0
3398,2021-08,91,0
3399,2021-08,91,0
3400,2021-08,33,0
3401,2021-08,33,0
3402,2021-08,33,0
3403,2021-08,77,0
3404,2021-08,77,0
3405,2021-08,77,0
3406,2021-08,77,0
3407,2021-08,77,0
3408,2021-08,33,0
3409,2021-08,94,0
3410,2021-08,78,1
3411,2021-08,91,0
3412,2021-08,93,0
3413,2021-08,33,1
3414,2021-08,95,1
3415,2021-08,77,1
3416,2021-08,75,1
3417,2021-08,67,0
3418,2021-08,67,0
3419,2021-08,92,0
3420,2021-08,67,0
3421,2021-08,67,0
3422,2021-08,33,0
3423,2021-08,33,0
3424,2021-08,33,1
3425,2021-08,67,0
3426,2021-08,67,0
3427,2021-08,67,0
3428,2021-08,67,0
3429,2021-08,67,0
3430,2021-08,67,0
3431,2021-08,67,0
3432,2021-08,67,0
3433,2021-08,67,0
3434,2021-08,67,0
3435,2021-08,67,0
3436,2021-08,92,0
3437,2021-08,67,0
3438,2021-08,67,0
3439,2021-08,77,1
3440,2021-08,63,0
3441,2021-08,77,0
3442,2021-08,33,2
3443,2021-08,06,1
3444,2021-08,91,1
3445,2021-08,91,0
3446,2021-08,91,0
3447,2021-08,91,0
3448,2021-08,91,0
3449,2021-08,91,0
3450,2021-08,78,1
3451,2021-08,33,0
3452,2021-08,91,0
3453,2021-08,77,1
3454,2021-08,91,1
3455,2021-08,33,1
3456,2021-08,92,0
3457,2021-08,91,1
3458,2021-08,06,0
3459,2021-08,91,0
3460,2021-08,77,1
3461,2021-08,33,0
3462,2021-08,77,1
3463,2021-08,77,0
3464,2021-08,77,1
3465,2021-08,77,0
3466,2021-08,77,0
3467,2021-08,77,1
3468,2021-08,77,0
3469,2021-08,77,1
3470,2021-08,06,1
3471,2021-08,33,1
3472,2021-08,95,1
3473,2021-08,93,0
3474,2021-09,78,0
3475,2021-09,95,0
3476,2021-09,75,0
3477,2021-09,75,0
3478,2021-09,75,0
3479,2021-09,94,2
3480,2021-09,93,0
3481,2021-09,06,0
3482,2021-09,78,3
3483,2021-09,77,2
3484,2021-09,91,1
3485,2021-09,67,0
3486,2021-09,92,2
3487,2021-09,77,2
3488,2021-09,77,1
3489,2021-09,77,1
3490,2021-09,77,0
3491,2021-09,94,0
3492,2021-09,77,0
3493,2021-09,94,1
3494,2021-09,94,0
3495,2021-09,75,0
3496,2021-09,78,0
3497,2021-09,78,1
3498,2021-09,91,0
3499,2021-09,13,1
3500,2021-09,13,1
3501,2021-09,,2
3502,2021-09,,0
3503,2021-09,,1
3504,2021-09,,1
3505,2021-09,,0
3506,2021-09,,0
3507,2021-09,,1
3508,2021-09,,1
3509,2021-09,,2
3510,2021-09,,1
3511,2021-09,,1
3512,2021-09,,1
3513,2021-09,,0
3514,2021-09,,0
3515,2021-09,,0
3516,2021-09,,0
3517,2021-09,,0
3518,2021-09,,0
3519,2021-09,,0
3520,2021-09,,0
3521,2021-09,,1
3522,2021-09,,0
3523,2021-09,,1
3524,2021-09,,0
3525,2021-09,,0
3526,2021-09,,0
3527,2021-09,,1
3528,2021-09,,2
3529,2021-09,,1
3530,2021-09,,0
3531,2021-09,,0
3532,2021-09,,0
3533,2021-09,,1
3534,2021-09,,1
3535,2021-09,,0
3536,2021-09,,0
3537,2021-09,,2
3538,2021-09,,1
3539,2021-10,,1
3540,2021-10,,0
3541,2021-10,,1
3542,2021-10,,1
3543,2021-10,,0
3544,2021-10,,0
3545,2021-10,,1
3546,2021-10,,0
3547,2021-10,,1
3548,2021-10,,1
3549,2021-10,,0
3550,2021-10,,1
3551,2021-10,,1
3552,2021-10,,0
3553,2021-10,,0
3554,2021-10,,1
3555,2021-10,,0
3556,2021-10,,0
3557,2021-10,,0
3558,2021-10,,0
3559,2021-10,,0
3560,2021-10,,1
3561,2021-10,,1
3562,2021-10,,1
3563,2021-10,,1
3564,2021-10,,0
3565,2021-10,,0
3566,2021-10,,1
3567,2021-10,,1
3568,2021-10,,1
3569,2021-10,,0
3570,2021-10,,1
3571,2021-10,,1
3572,2021-10,,1
3573,2021-10,,1
3574,2021-10,,0
3575,2021-10,,0
3576,2021-10,,1
3577,2021-10,,3
3578,2021-10,,0
3579,2021-10,,1
3580,2021-10,,1
3581,2021-10,,1
3582,2021-10,,1
3583,2021-10,,2
3584,2021-10,,1
3585,2021-10,,1
3586,2021-10,,1
3587,2021-10,,1
3588,2021-10,,0
3589,2021-10,,1
3590,2021-10,,1
3591,2021-10,,0
3592,2021-10,,0
3593,2021-10,,1
3594,2021-10,,2
3595,2021-10,,2
3596,2021-10,,1
3597,2021-10,,1
3598,2021-10,,0
3599,2021-10,,0
3600,2021-10,,1
3601,2021-10,,0
3602,2021-10,,1
3603,2021-10,,1
3604,2021-10,,1
3605,2021-10,,1
3606,2021-10,,0
3607,2021-10,,0
3608,2021-10,,0
3609,2021-10,,1
3610,2021-10,,1
3611,2021-10,,1
3612,2021-10,,0
3613,2021-10,,1
3614,2021-10,,0
3615,2021-10,,1
3616,2021-10,,1
3617,2021-10,,1
3618,2021-10,,1
3619,2021-10,,1
3620,2021-10,,1
3621,2021-10,,1
3622,2021-10,,0
3623,2021-10,,1
3624,2021-10,,3
3625,2021-10,,0
3626,2021-10,,1
3627,2021-10,,1
3628,2021-10,,1
3629,2021-10,,2
3630,2021-10,,0
3631,2021-10,,0
3632,2021-10,,1
3633,2021-10,,1
3634,2021-10,,0
3635,2021-10,,0
3636,2021-10,,1
3637,2021-10,,0
3638,2021-10,,0
3639,2021-10,,1
3640,2021-10,,1
3641,2021-10,,0
3642,2021-10,,1
3643,2021-10,,1
3644,2021-10,,1
3645,2021-10,,0
3646,2021-10,,0
3647,2021-10,,0
3648,2021-10,,0
3649,2021-10,,1
3650,2021-10,,1
3651,2021-10,,1
3652,2021-10,,1
3653,2021-10,,1
3654,2021-10,,4
3655,2021-10,,1
3656,2021-10,,1
3657,2021-11,,0
3658,2021-11,,0
3659,2021-11,,1
3660,2021-11,,1
3661,2021-11,,1
3662,2021-11,,1
3663,2021-11,,1
3664,2021-11,,0
3665,2021-11,,0
3666,2021-11,,0
3667,2021-11,,0
3668,2021-11,,0
3669,2021-11,,0
3670,2021-11,,3
3671,2021-11,,1
3672,2021-11,,1
3673,2021-11,,0
3674,2021-11,,1
3675,2021-11,,0
3676,2021-11,,0
3677,2021-11,,1
3678,2021-11,,1
3679,2021-11,,0
3680,2021-11,,2
3681,2021-11,,1
3682,2021-11,,0
3683,2021-11,,0
3684,2021-11,,0
3685,2021-11,,0
3686,2021-11,,1
3687,2021-11,,0
3688,2021-11,,0
3689,2021-11,,0
3690,2021-11,,1
3691,2021-11,,0
3692,2021-11,,0
3693,2021-11,,2
3694,2021-11,,0
3695,2021-11,,1
3696,2021-11,,0
3697,2021-11,,0
3698,2021-11,,0
3699,2021-11,,1
3700,2021-11,,1
3701,2021-11,,1
3702,2021-11,,2
3703,2021-11,,0
3704,2021-11,,0
3705,2021-11,,0
3706,2021-11,,1
3707,2021-11,,1
3708,2021-11,,1
3709,2021-11,,1
3710,2021-11,,1
3711,2021-11,,0
3712,2021-11,,0
3713,2021-11,,0
3714,2021-11,,0
3715,2021-11,,0
3716,2021-11,,0
3717,2021-11,,0
3718,2021-11,,0
3719,2021-11,,0
3720,2021-11,,0
3721,2021-11,,0
3722,2021-11,,0
3723,2021-11,,0
3724,2021-11,,0
3725,2021-11,,0
3726,2021-11,,0
3727,2021-11,,0
3728,2021-11,,0
3729,2021-11,,0
3730,2021-11,,0
3731,2021-11,,0
3732,2021-11,,0
3733,2021-11,,0
3734,2021-11,,0
3735,2021-11,,0
3736,2021-11,,0
3737,2021-11,,0
3738,2021-11,,0
3739,2021-11,,0
3740,2021-11,,0
3741,2021-11,,0
3742,2021-11,,0
3743,2021-11,,0
3744,2021-11,,0
3745,2021-11,,0
3746,2021-11,,1
3747,2021-11,,0
3748,2021-11,,0
3749,2021-11,,0
3750,2021-11,,0
3751,2021-11,,0
3752,2021-11,,1
3753,2021-11,,1
3754,2021-11,,0
3755,2021-11,,0
3756,2021-11,,2
3757,2021-11,,1
3758,2021-11,,0
3759,2021-11,,1
3760,2021-11,,0
3761,2021-11,,1
3762,2021-11,,1
3763,2021-11,,1
3764,2021-11,,1
3765,2021-11,,0
3766,2021-11,,0
3767,2021-11,,0
3768,2021-11,,0
3769,2021-11,,1
3770,2021-11,,0
3771,2021-11,,0
3772,2021-11,,0
3773,2021-11,,0
3774,2021-11,,0
3775,2021-11,,0
3776,2021-11,,0
3777,2021-11,,0
3778,2021-11,,0
3779,2021-11,,0
3780,2021-11,,0
3781,2021-11,,1
3782,2021-11,,0
3783,2021-11,,1
3784,2021-11,,1
3785,2021-11,,0
3786,2021-11,,1
3787,2021-11,,0
3788,2021-11,,1
3789,2021-11,,0
3790,2021-11,,0
3791,2021-11,,0
3792,2021-11,,0
3793,2021-11,,0
3794,2021-11,,0
3795,2021-11,,0
3796,2021-11,,0
3797,2021-11,,0
3798,2021-11,,0
3799,2021-11,,0
3800,2021-11,,0
3801,2021-11,,0
3802,2021-11,,0
3803,2021-11,,0
3804,2021-11,,0
3805,2021-11,,0
3806,2021-11,,0
3807,2021-11,,0
3808,2021-11,,0
3809,2021-11,,0
3810,2021-11,,0
3811,2021-11,,0
3812,2021-11,,0
3813,2021-11,,0
3814,2021-11,,0
3815,2021-11,,1
3816,2021-11,,0
3817,2021-11,,0
3818,2021-11,,0
3819,2021-11,,0
3820,2021-11,,0
3821,2021-11,,0
3822,2021-11,,1
3823,2021-11,,0
3824,2021-11,,0
3825,2021-11,,0
3826,2021-11,,0
3827,2021-11,,0
3828,2021-11,,0
3829,2021-11,,0
3830,2021-11,,0
3831,2021-11,,0
3832,2021-11,,0
3833,2021-11,,0
3834,2021-11,,1
3835,2021-11,,0
3836,2021-11,,0
3837,2021-11,,0
3838,2021-11,,0
3839,2021-11,,0
3840,2021-11,,0
3841,2021-11,,0
3842,2021-11,,0
3843,2021-11,,0
3844,2021-11,,0
3845,2021-11,,0
3846,2021-11,,0
3847,2021-11,,0
3848,2021-11,,0
3849,2021-11,,0
3850,2021-11,,0
3851,2021-11,,1
3852,2021-11,,1
3853,2021-11,,1
3854,2021-11,,0
3855,2021-11,,0
3856,2021-11,,0
3857,2021-11,,0
3858,2021-11,,0
3859,2021-11,,0
3860,2021-11,,0
3861,2021-11,,1
3862,2021-11,,0
3863,2021-11,,0
3864,2021-11,,0
3865,2021-11,,0
3866,2021-11,,0
3867,2021-11,,0
3868,2021-11,,0
3869,2021-11,,0
3870,2021-11,,0
3871,2021-11,,0
3872,2021-11,,0
3873,2021-11,,0
3874,2021-11,,0
3875,2021-11,,0
3876,2021-11,,0
3877,2021-11,,0
3878,2021-11,,0
3879,2021-11,,0
3880,2021-11,,0
3881,2021-11,,0
3882,2021-11,,0
3883,2021-11,,0
3884,2021-11,,0
3885,2021-11,,0
3886,2021-11,,0
3887,2021-11,,0
3888,2021-11,,0
3889,2021-11,,0
3890,2021-11,,0
3891,2021-11,,0
3892,2021-11,,0
3893,2021-11,,0
3894,2021-11,,0
3895,2021-11,,0
3896,2021-11,,0
3897,2021-11,,0
3898,2021-11,,0
3899,2021-11,,0
3900,2021-11,,0
3901,2021-11,,0
3902,2021-11,,0
3903,2021-11,,0
3904,2021-11,,0
3905,2021-11,,0
3906,2021-11,,0
3907,2021-11,,0
3908,2021-11,,0
3909,2021-11,,0
3910,2021-11,,0
3911,2021-11,,0
3912,2021-11,,0
3913,2021-11,,0
3914,2021-11,,0
3915,2021-11,,0
3916,2021-11,,0
3917,2021-11,,0
3918,2021-11,,0
3919,2021-11,,0
3920,2021-11,,0
3921,2021-11,,0
3922,2021-11,,0
3923,2021-11,,0
3924,2021-11,,0
3925,2021-11,,0
3926,2021-11,,0
3927,2021-11,,0
3928,2021-11,,0
3929,2021-11,,0
3930,2021-11,,0
3931,2021-11,,0
3932,2021-11,,0
3933,2021-11,,0
3934,2021-11,,0
3935,2021-11,,0
3936,2021-11,,0
3937,2021-11,,0
3938,2021-11,,2
3939,2021-11,,0
3940,2021-11,,0
3941,2021-11,,0
3942,2021-11,,1
3943,2021-11,,2
3944,2021-11,,0
3945,2021-11,,0
3946,2021-11,,0
3947,2021-11,,0
3948,2021-11,,0
3949,2021-11,,0
3950,2021-11,,0
3951,2021-11,,0
3952,2021-11,,0
3953,2021-11,,0
3954,2021-11,,1
3955,2021-11,,0
3956,2021-11,,0
3957,2021-11,,0
3958,2021-11,,0
3959,2021-11,,0
3960,2021-11,,0
3961,2021-11,,0
3962,2021-11,,0
3963,2021-11,,0
3964,2021-11,,0
3965,2021-11,,0
3966,2021-11,,0
3967,2021-11,,0
3968,2021-11,,0
3969,2021-11,,0
3970,2021-11,,0
3971,2021-11,,0
3972,2021-11,,0
3973,2021-11,,0
3974,2021-11,,0
3975,2021-11,,0
3976,2021-11,,0
3977,2021-11,,0
3978,2021-11,,0
3979,2021-11,,0
3980,2021-11,,0
3981,2021-11,,0
3982,2021-11,,0
3983,2021-11,,0
3984,2021-11,,0
3985,2021-11,,0
3986,2021-11,,0
3987,2021-11,,1
3988,2021-11,,4
3989,2021-11,,0
3990,2021-11,,1
3991,2021-11,,0
3992,2021-11,,0
3993,2021-11,,2
3994,2021-11,,1
3995,2021-11,,2
3996,2021-11,,0
3997,2021-11,,0
3998,2021-11,,0
3999,2021-11,,0
4000,2021-11,,0
4001,2021-11,,0
4002,2021-11,,0
4003,2021-11,,0
4004,2021-11,,0
4005,2021-11,,0
4006,2021-11,,0
4007,2021-11,,0
4008,2021-11,,0
4009,2021-11,,0
4010,2021-11,,0
4011,2021-11,,0
4012,2021-11,,0
4013,2021-11,,0
4014,2021-11,,0
4015,2021-11,,0
4016,2021-11,,0
4017,2021-11,,0
4018,2021-11,,1
4019,2021-11,,1
4020,2021-11,,0
4021,2021-12,,0
4022,2021-12,,0
4023,2021-12,,0
4024,2021-12,,2
4025,2021-12,,0
4026,2021-12,,0
4027,2021-12,,0
4028,2021-12,,0
4029,2021-12,,0
4030,2021-12,,1
4031,2021-12,,0
4032,2021-12,,0
4033,2021-12,,1
4034,2021-12,,0
4035,2021-12,,0
4036,2021-12,,0
4037,2021-12,,0
4038,2021-12,,0
4039,2021-12,,0
4040,2021-12,,1
4041,2021-12,,0
4042,2021-12,,0
4043,2021-12,,0
4044,2021-12,,1
4045,2021-12,,0
4046,2021-12,,1
4047,2021-12,,0
4048,2021-12,,0
4049,2021-12,,0
4050,2021-12,,1
4051,2021-12,,0
4052,2021-12,,0
4053,2021-12,,0
4054,2021-12,,0
4055,2021-12,,2
4056,2021-12,,1
4057,2021-12,,1
4058,2021-12,,1
4059,2021-12,,0
4060,2021-12,,0
4061,2021-12,,1
4062,2021-12,,1
4063,2021-12,,0
4064,2021-12,,0
4065,2021-12,,1
4066,2021-12,,1
4067,2021-12,,1
4068,2021-12,,1
4069,2021-12,,1
4070,2021-12,,1
4071,2021-12,,1
4072,2021-12,,0
4073,2021-12,,0
4074,2021-12,,0
4075,2021-12,,1
4076,2021-12,,3
4077,2021-12,,2
4078,2021-12,,4
4079,2021-12,,1
4080,2021-12,,0
4081,2021-12,,1
4082,2021-12,,1
4083,2021-12,,0
4084,2021-12,,0
4085,2021-12,,1
4086,2021-12,,0
4087,2021-12,,1
4088,2021-12,,1
4089,2021-12,,0
4090,2021-12,,1
4091,2021-12,,0
4092,2021-12,,0
4093,2021-12,,3
4094,2021-12,,1
4095,2021-12,,1
4096,2021-12,,1
4097,2021-12,,0
4098,2021-12,,2
4099,2021-12,,1
4100,2021-12,,0
4101,2021-12,,1
4102,2021-12,,1
4103,2021-12,,0
4104,2021-12,,0
4105,2021-12,,1
4106,2021-12,,1
4107,2021-12,,1
4108,2021-12,,1
4109,2021-12,,1
4110,2021-12,,0
4111,2021-12,,0
4112,2021-12,,0
4113,2021-12,,3
4114,2021-12,,1
4115,2021-12,,1
4116,2021-12,,1
4117,2021-12,,0
4118,2021-12,,3
4119,2021-12,,0
4120,2021-12,,0
4121,2021-12,,1
4122,2021-12,,1
4123,2021-12,,1
4124,2021-12,,1
4125,2021-12,,1
4126,2021-12,,1
4127,2021-12,,1
4128,2021-12,,0
4129,2021-12,,1
4130,2021-12,,1
4131,2021-12,,1
4132,2021-12,,1
4133,2021-12,,0
4134,2021-12,,1
4135,2021-12,,0
4136,2021-12,,1
4137,2021-12,,2
4138,2021-12,,0
4139,2021-12,,0
4140,2021-12,,0
4141,2021-12,,0
4142,2021-12,,1
4143,2021-12,,0
4144,2021-12,,0
4145,2021-12,,0
4146,2021-12,,2
4147,2021-12,,1
4148,2021-12,,1
4149,2021-12,,0
4150,2021-12,,0
4151,2021-12,,0
4152,2021-12,,0
4153,2021-12,,0
4154,2021-12,,1
4155,2021-12,,1
4156,2021-12,,1
4157,2021-12,,0
4158,2021-12,,0
4159,2021-12,,2
4160,2021-12,,2
4161,2021-12,,1
4162,2021-12,,1
4163,2021-12,,0
4164,2021-12,,1
4165,2021-12,,2
4166,2021-12,,1
4167,2021-12,,1
4168,2021-12,,1
4169,2021-12,,1
4170,2021-12,,1
4171,2021-12,,1
4172,2022-01,,0
4173,2022-01,,1
4174,2022-01,,1
4175,2022-01,,1
4176,2022-01,,0
4177,2022-01,,0
4178,2022-01,,1
4179,2022-01,,1
4180,2022-01,,1
4181,2022-01,,0
4182,2022-01,,0
4183,2022-01,,2
4184,2022-01,,1
4185,2022-01,,0
4186,2022-01,,0
4187,2022-01,,1
4188,2022-01,,0
4189,2022-01,,1
4190,2022-01,,0
4191,2022-01,,0
4192,2022-01,,0
4193,2022-01,,0
4194,2022-01,,0
4195,2022-01,,0
4196,2022-01,,0
4197,2022-01,,0
4198,2022-01,,0
4199,2022-01,,1
4200,2022-01,,0
4201,2022-01,,0
4202,2022-01,,0
4203,2022-01,,0
4204,2022-01,,2
4205,2022-01,,0
4206,2022-01,,0
4207,2022-01,,0
4208,2022-01,,0
4209,2022-01,,0
4210,2022-01,,0
4211,2022-01,,0
4212,2022-01,,0
4213,2022-01,,0
4214,2022-01,,0
4215,2022-01,,0
4216,2022-01,,0
4217,2022-01,,0
4218,2022-01,,0
4219,2022-01,,0
4220,2022-01,,0
4221,2022-01,,0
4222,2022-01,,0
4223,2022-01,,0
4224,2022-01,,0
4225,2022-01,,0
4226,2022-01,,0
4227,2022-01,,0
4228,2022-01,,0
4229,2022-01,,0
4230,2022-01,,0
4231,2022-01,,0
4232,2022-01,,0
4233,2022-01,,0
4234,2022-01,,0
4235,2022-01,,0
4236,2022-01,,0
4237,2022-01,,0
4238,2022-01,,0
4239,2022-01,,0
4240,2022-01,,0
4241,2022-01,,2
4242,2022-01,,1
4243,2022-01,,0
4244,2022-01,,0
4245,2022-01,,0
4246,2022-01,,0
4247,2022-01,,0
4248,2022-01,,1
4249,2022-01,,0
4250,2022-01,,0
4251,2022-01,,1
4252,2022-01,,0
4253,2022-01,,0
4254,2022-01,,0
4255,2022-01,,3
4256,2022-01,,0
4257,2022-01,,1
4258,2022-01,,1
4259,2022-01,,1
4260,2022-01,,0
4261,2022-01,,0
4262,2022-01,,0
4263,2022-01,,2
4264,2022-01,,0
4265,2022-01,,0
4266,2022-01,,0
4267,2022-01,,0
4268,2022-01,,0
4269,2022-01,,0
4270,2022-01,,0
4271,2022-01,,0
4272,2022-01,,0
4273,2022-01,,0
4274,2022-01,,0
4275,2022-01,,0
4276,2022-01,,0
4277,2022-01,,0
4278,2022-01,,0
4279,2022-01,,0
4280,2022-01,,0
4281,2022-01,,0
4282,2022-01,,0
4283,2022-01,,0
4284,2022-01,,0
4285,2022-01,,0
4286,2022-01,,0
4287,2022-01,,0
4288,2022-01,,0
4289,2022-01,,0
4290,2022-01,,0
4291,2022-01,,1
4292,2022-01,,1
4293,2022-01,,1
4294,2022-01,,0
4295,2022-01,,0
4296,2022-01,,1
4297,2022-01,,0
4298,2022-01,,0
4299,2022-01,,0
4300,2022-01,,1
4301,2022-01,,2
4302,2022-01,,0
4303,2022-01,,0
4304,2022-01,,2
4305,2022-01,,0
4306,2022-01,,2
4307,2022-01,,4
4308,2022-01,,0
4309,2022-01,,0
4310,2022-01,,1
4311,2022-01,,0
4312,2022-01,,1
4313,2022-01,,0
4314,2022-01,,0
4315,2022-01,,0
4316,2022-01,,0
4317,2022-01,,0
4318,2022-01,,0
4319,2022-01,,1
4320,2022-01,,1
4321,2022-01,,1
4322,2022-01,,1
4323,2022-01,,2
4324,2022-01,,2
4325,2022-01,,1
4326,2022-01,,1
4327,2022-01,,1
4328,2022-01,,1
4329,2022-01,,0
4330,2022-01,,1
4331,2022-01,,0
4332,2022-01,,0
4333,2022-01,,0
4334,2022-01,,0
4335,2022-01,,0
4336,2022-01,,0
4337,2022-01,,1
4338,2022-01,,0
4339,2022-01,,1
4340,2022-01,,0
4341,2022-01,,0
4342,2022-01,,0
4343,2022-01,,0
4344,2022-01,,3
4345,2022-01,,1
4346,2022-01,,1
4347,2022-01,,2
4348,2022-01,,0
4349,2022-01,,0
4350,2022-01,,0
4351,2022-01,,0
4352,2022-01,,0
4353,2022-01,,0
4354,2022-01,,0
4355,2022-01,,1
4356,2022-01,,0
4357,2022-01,,0
4358,2022-01,,1
4359,2022-01,,0
4360,2022-01,,0
4361,2022-01,,1
4362,2022-01,,0
4363,2022-01,,0
4364,2022-01,,1
4365,2022-01,,0
4366,2022-01,,0
4367,2022-01,,0
4368,2022-01,,0
4369,2022-01,,0
4370,2022-01,,0
4371,2022-01,,0
4372,2022-01,,0
4373,2022-01,,1
4374,2022-01,,1
4375,2022-01,,0
4376,2022-01,,0
4377,2022-01,,0
4378,2022-01,,3
4379,2022-01,,1
4380,2022-01,,1
4381,2022-01,,0
4382,2022-01,,0
4383,2022-01,,0
4384,2022-01,,0
4385,2022-01,,0
4386,2022-01,,0
4387,2022-01,,0
4388,2022-01,,0
4389,2022-01,,0
4390,2022-01,,0
4391,2022-01,,1
4392,2022-01,,0
4393,2022-01,,0
4394,2022-01,,0
4395,2022-01,,0
4396,2022-01,,0
4397,2022-01,,0
4398,2022-01,,0
4399,2022-01,,0
4400,2022-01,,0
4401,2022-01,,0
4402,2022-01,,0
4403,2022-01,,0
4404,2022-01,,0
4405,2022-01,,0
4406,2022-01,,0
4407,2022-01,,0
4408,2022-01,,0
4409,2022-01,,0
4410,2022-01,,0
4411,2022-01,,0
4412,2022-01,,0
4413,2022-01,,0
4414,2022-01,,1
4415,2022-01,,2
4416,2022-01,,1
4417,2022-01,,1
4418,2022-01,,0
4419,2022-01,,0
4420,2022-01,,0
4421,2022-01,,0
4422,2022-01,,0
4423,2022-01,,0
4424,2022-01,,0
4425,2022-01,,0
4426,2022-01,,0
4427,2022-01,,1
4428,2022-01,,0
4429,2022-01,,0
4430,2022-01,,0
4431,2022-01,,0
4432,2022-01,,0
4433,2022-01,,0
4434,2022-01,,0
4435,2022-01,,0
4436,2022-01,,0
4437,2022-01,,0
4438,2022-01,,0
4439,2022-01,,0
4440,2022-01,,0
4441,2022-01,,1
4442,2022-01,,0
4443,2022-01,,0
4444,2022-01,,0
4445,2022-01,,0
4446,2022-01,,0
4447,2022-01,,0
4448,2022-01,,0
4449,2022-01,,0
4450,2022-01,,0
4451,2022-01,,1
4452,2022-01,,0
4453,2022-01,,0
4454,2022-01,,0
4455,2022-01,,0
4456,2022-01,,0
4457,2022-01,,0
4458,2022-01,,0
4459,2022-01,,0
4460,2022-01,,1
4461,2022-01,,2
4462,2022-01,,1
4463,2022-01,,0
4464,2022-01,,1
4465,2022-01,,0
4466,2022-01,,0
4467,2022-01,,0
4468,2022-01,,1
4469,2022-01,,0
4470,2022-01,,2
4471,2022-01,,0
4472,2022-01,,0
4473,2022-01,,0
4474,2022-01,,0
4475,2022-01,,0
4476,2022-01,,0
4477,2022-01,,1
4478,2022-01,,0
4479,2022-01,,0
4480,2022-01,,0
4481,2022-01,,1
4482,2022-01,,0
4483,2022-01,,1
4484,2022-01,,0
4485,2022-01,,0
4486,2022-01,,0
4487,2022-01,,1
4488,2022-01,,0
4489,2022-01,,1
4490,2022-01,,0
4491,2022-01,,1
4492,2022-02,,0
4493,2022-02,,0
4494,2022-02,,0
4495,2022-02,,0
4496,2022-02,,0
4497,2022-02,,0
4498,2022-02,,0
4499,2022-02,,0
4500,2022-02,,1
4501,2022-02,,1
4502,2022-02,,1
4503,2022-02,,0
4504,2022-02,,0
4505,2022-02,,1
4506,2022-02,,0
4507,2022-02,,1
4508,2022-02,,0
4509,2022-02,,0
4510,2022-02,,2
4511,2022-02,,1
4512,2022-02,,0
4513,2022-02,,0
4514,2022-02,,0
4515,2022-02,,0
4516,2022-02,,1
4517,2022-02,,0
4518,2022-02,,0
4519,2022-02,,0
4520,2022-02,,1
4521,2022-02,,1
4522,2022-02,,1
4523,2022-02,,0
4524,2022-02,,0
4525,2022-02,,0
4526,2022-02,,2
4527,2022-02,,0
4528,2022-02,,0
4529,2022-02,,0
4530,2022-02,,0
4531,2022-02,,0
4532,2022-02,,0
4533,2022-02,,1
4534,2022-02,,0
4535,2022-02,,0
4536,2022-02,,1
4537,2022-02,,0
4538,2022-02,,0
4539,2022-02,,0
4540,2022-02,,0
4541,2022-02,,0
4542,2022-02,,0
4543,2022-02,,1
4544,2022-02,,0
4545,2022-02,,1
4546,2022-02,,0
4547,2022-02,,0
4548,2022-02,,1
4549,2022-02,,2
4550,2022-02,,1
4551,2022-02,,0
4552,2022-02,,1
4553,2022-02,,0
4554,2022-02,,0
4555,2022-02,,0
4556,2022-02,,0
4557,2022-02,,0
4558,2022-02,,0
4559,2022-02,,1
4560,2022-02,,0
4561,2022-02,,0
4562,2022-02,,1
4563,2022-02,,0
4564,2022-02,,1
4565,2022-02,,0
4566,2022-02,,0
4567,2022-02,,0
4568,2022-02,,0
4569,2022-02,,0
4570,2022-02,,0
4571,2022-02,,0
4572,2022-02,,0
4573,2022-02,,0
4574,2022-02,,0
4575,2022-02,,0
4576,2022-02,,1
4577,2022-02,,0
4578,2022-02,,0
4579,2022-02,,0
4580,2022-02,,1
4581,2022-02,,0
4582,2022-02,,0
4583,2022-02,,0
4584,2022-02,,0
4585,2022-02,,1
4586,2022-02,,0
4587,2022-02,,0
4588,2022-02,,0
4589,2022-02,,0
4590,2022-02,,0
4591,2022-02,,0
4592,2022-02,,0
4593,2022-02,,0
4594,2022-02,,0
4595,2022-02,,0
4596,2022-02,,0
4597,2022-02,,0
4598,2022-02,,0
4599,2022-02,,0
4600,2022-02,,0
4601,2022-02,,0
4602,2022-02,,0
4603,2022-02,,0
4604,2022-02,,0
4605,2022-02,,0
4606,2022-02,,0
4607,2022-02,,0
4608,2022-02,,1
4609,2022-02,,0
4610,2022-02,,0
4611,2022-02,,0
4612,2022-02,,0
4613,2022-02,,0
4614,2022-02,,0
4615,2022-02,,0
4616,2022-02,,1
4617,2022-02,,0
4618,2022-02,,1
4619,2022-02,,1
4620,2022-02,,0
4621,2022-02,,1
4622,2022-02,,0
4623,2022-02,,0
4624,2022-02,,1
4625,2022-02,,1
4626,2022-02,,0
4627,2022-02,,0
4628,2022-02,,1
4629,2022-02,,0
4630,2022-02,,1
4631,2022-02,,1
4632,2022-02,,1
4633,2022-02,,0
4634,2022-02,,0
4635,2022-02,,0
4636,2022-02,,1
4637,2022-02,,0
4638,2022-02,,0
4639,2022-02,,0
4640,2022-02,,0
4641,2022-02,,0
4642,2022-02,,0
4643,2022-02,,0
4644,2022-02,,0
4645,2022-02,,0
4646,2022-02,,0
4647,2022-02,,0
4648,2022-02,,0
4649,2022-02,,0
4650,2022-02,,0
4651,2022-02,,0
4652,2022-02,,0
4653,2022-02,,0
4654,2022-02,,0
4655,2022-02,,1
4656,2022-02,,0
4657,2022-02,,0
4658,2022-02,,0
4659,2022-02,,1
4660,2022-02,,1
4661,2022-02,,0
4662,2022-02,,0
4663,2022-02,,0
4664,2022-02,,0
4665,2022-02,,0
4666,2022-02,,0
4667,2022-02,,0
4668,2022-02,,1
4669,2022-02,,0
4670,2022-02,,0
4671,2022-02,,0
4672,2022-02,,0
4673,2022-02,,0
4674,2022-02,,3
4675,2022-02,,1
4676,2022-02,,0
4677,2022-02,,1
4678,2022-02,,0
4679,2022-02,,0
4680,2022-02,,0
4681,2022-02,,0
4682,2022-02,,0
4683,2022-02,,0
4684,2022-02,,0
4685,2022-02,,1
4686,2022-02,,1
4687,2022-02,,0
4688,2022-02,,0
4689,2022-02,,1
4690,2022-02,,1
4691,2022-02,,0
4692,2022-02,,0
4693,2022-02,,0
4694,2022-02,,0
4695,2022-02,,0
4696,2022-02,,0
4697,2022-02,,0
4698,2022-02,,1
4699,2022-02,,1
4700,2022-02,,0
4701,2022-02,,1
4702,2022-02,,0
4703,2022-02,,1
4704,2022-02,,0
4705,2022-02,,2
4706,2022-02,,0
4707,2022-02,,0
4708,2022-02,,0
4709,2022-02,,0
4710,2022-02,,0
4711,2022-02,,2
4712,2022-02,,0
4713,2022-02,,0
4714,2022-02,,0
4715,2022-02,,0
4716,2022-02,,0
4717,2022-02,,0
4718,2022-02,,0
4719,2022-02,,0
4720,2022-02,,0
4721,2022-02,,0
4722,2022-02,,1
4723,2022-02,,0
4724,2022-02,,0
4725,2022-02,,0
4726,2022-02,,0
4727,2022-02,,0
4728,2022-02,,0
4729,2022-02,,0
4730,2022-02,,0
4731,2022-02,,0
4732,2022-02,,0
4733,2022-02,,0
4734,2022-02,,0
4735,2022-02,,1
4736,2022-02,,0
4737,2022-02,,0
4738,2022-02,,0
4739,2022-02,,0
4740,2022-02,,0
4741,2022-02,,2
4742,2022-02,,0
4743,2022-02,,0
4744,2022-02,,0
4745,2022-02,,0
4746,2022-02,,0
4747,2022-02,,0
4748,2022-02,,0
4749,2022-02,,0
4750,2022-02,,0
4751,2022-02,,0
4752,2022-02,,0
4753,2022-02,,0
4754,2022-02,,0
4755,2022-02,,0
