,organization_id,createdAt,territories
0,0,2020-11,33
1,1,2020-11,33
2,2,2020-11,33
3,3,2020-11,33
4,5,2020-11,33
5,6,2020-11,33
6,7,2020-11,33
7,8,2020-11,33
8,9,2020-11,33
9,12,2020-11,33
10,25,2020-11,33
11,26,2020-11,33
12,27,2020-11,33
13,28,2020-11,33
14,29,2020-11,33
15,30,2020-11,33
16,31,2020-11,33
17,32,2020-11,33
18,33,2020-11,33
19,34,2020-11,33
20,35,2020-11,33
21,37,2020-11,33
22,40,2020-11,33
23,41,2020-11,33
24,42,2020-11,33
25,43,2020-11,33
26,44,2020-11,33
27,45,2020-11,33
28,46,2020-11,33
29,47,2020-11,33
30,49,2020-11,33
31,50,2020-11,33
32,51,2020-11,33
33,52,2020-11,33
34,53,2020-11,33
35,54,2020-11,33
36,55,2020-11,33
37,56,2020-11,33
38,57,2020-11,33
39,58,2020-11,33
40,59,2020-11,33
41,60,2020-11,33
42,61,2020-11,33
43,62,2020-11,33
44,63,2020-11,33
45,64,2020-11,33
46,65,2020-11,33
47,66,2020-11,33
48,67,2020-11,33
49,68,2020-11,33
50,69,2020-11,33
51,70,2020-11,33
52,71,2020-11,33
53,72,2020-11,33
54,73,2020-11,33
55,74,2020-11,33
56,75,2020-11,33
57,76,2020-11,33
58,77,2020-11,33
59,78,2020-11,33
60,79,2020-11,33
61,80,2020-11,33
62,81,2020-11,33
63,82,2020-11,33
64,83,2020-11,33
65,84,2020-11,33
66,85,2020-11,33
67,86,2020-11,33
68,88,2020-11,33
69,89,2020-11,33
70,90,2020-11,33
71,91,2020-11,33
72,92,2020-11,33
73,93,2020-11,33
74,94,2020-11,33
75,95,2020-11,33
76,96,2020-11,33
77,97,2020-11,33
78,98,2020-11,33
79,99,2020-11,33
80,100,2020-11,33
81,101,2020-11,33
82,102,2020-11,33
83,103,2020-11,33
84,104,2020-11,33
85,105,2020-11,33
86,106,2020-11,33
87,107,2020-11,33
88,108,2020-11,33
89,109,2020-11,33
90,111,2020-11,33
91,112,2020-11,33
92,113,2020-11,33
93,114,2020-11,33
94,115,2020-11,33
95,116,2020-11,33
96,117,2020-11,33
97,118,2020-11,33
98,119,2020-11,33
99,120,2020-11,33
100,121,2020-11,33
101,122,2020-11,33
102,123,2020-11,33
103,124,2020-11,33
104,125,2020-11,33
105,126,2020-11,33
106,127,2020-11,33
107,128,2020-11,33
108,129,2020-11,33
109,130,2020-11,33
110,131,2020-11,33
111,132,2020-11,33
112,133,2020-11,33
113,134,2020-11,33
114,135,2020-11,33
115,136,2020-11,33
116,137,2020-11,33
117,138,2020-11,33
118,139,2020-11,33
119,140,2020-11,33
120,141,2020-11,33
121,142,2020-11,33
122,143,2020-11,33
123,144,2020-11,33
124,147,2020-11,33
125,148,2020-11,33
126,149,2020-11,33
127,150,2020-11,33
128,151,2020-11,33
129,152,2020-11,33
130,153,2020-11,33
131,154,2020-11,33
132,157,2020-11,33
133,158,2020-11,33
134,168,2020-11,33
135,169,2020-11,33
136,170,2020-11,33
137,171,2020-11,33
138,172,2020-11,33
139,173,2020-11,33
140,174,2020-11,33
141,175,2020-11,33
142,177,2020-11,33
143,179,2020-11,33
144,180,2020-11,33
145,181,2020-11,33
146,182,2020-11,33
147,183,2020-11,33
148,184,2020-11,33
149,185,2020-11,33
150,186,2020-11,33
151,187,2020-11,33
152,188,2020-11,33
153,189,2020-11,33
154,190,2020-11,33
155,191,2020-11,33
156,192,2020-11,33
157,194,2020-11,33
158,195,2020-11,33
159,196,2020-11,33
160,197,2020-11,33
161,198,2020-11,33
162,199,2020-11,33
163,200,2020-11,33
164,201,2020-11,33
165,202,2020-11,33
166,203,2020-11,33
167,206,2020-11,33
168,207,2020-11,33
169,208,2020-11,33
170,209,2020-11,33
171,210,2020-11,33
172,211,2020-11,33
173,212,2020-11,33
174,213,2020-11,33
175,214,2020-11,33
176,215,2020-11,33
177,216,2020-11,33
178,217,2020-11,33
179,218,2020-11,33
180,219,2020-11,33
181,220,2020-11,33
182,222,2020-11,33
183,223,2020-11,33
184,226,2020-11,33
185,227,2020-11,33
186,228,2020-11,33
187,229,2020-11,33
188,230,2020-11,33
189,231,2020-11,33
190,232,2020-11,33
191,233,2020-11,33
192,234,2020-11,33
193,235,2020-11,33
194,237,2020-11,33
195,238,2020-11,33
196,239,2020-11,33
197,242,2020-11,33
198,244,2020-11,33
199,245,2020-11,33
200,246,2020-11,33
201,247,2020-11,33
202,248,2020-11,33
203,249,2020-11,33
204,250,2020-11,33
205,254,2020-11,33
206,257,2020-11,33
207,258,2020-11,33
208,260,2020-11,33
209,262,2020-11,33
210,263,2020-11,33
211,264,2020-11,33
212,266,2020-11,33
213,268,2020-11,33
214,269,2020-11,33
215,270,2020-11,33
216,271,2020-11,33
217,272,2020-11,33
218,273,2020-11,33
219,274,2020-11,33
220,275,2020-11,33
221,276,2020-11,33
222,277,2020-11,33
223,278,2020-11,33
224,279,2020-11,33
225,280,2020-11,33
226,281,2020-11,33
227,282,2020-11,33
228,284,2020-11,33
229,285,2020-11,33
230,286,2020-11,33
231,287,2020-11,33
232,289,2020-11,33
233,290,2020-11,33
234,293,2020-11,33
235,295,2020-11,33
236,296,2020-11,33
237,297,2020-11,33
238,299,2020-11,33
239,300,2020-11,33
240,301,2020-11,33
241,302,2020-11,33
242,303,2020-11,33
243,304,2020-11,33
244,305,2020-11,33
245,306,2020-11,33
246,307,2020-11,33
247,308,2020-11,33
248,309,2020-11,33
249,310,2020-11,33
250,311,2020-11,33
251,312,2020-11,33
252,314,2020-11,33
253,315,2020-11,33
254,316,2020-11,33
255,317,2020-11,33
256,318,2020-11,33
257,319,2020-11,33
258,320,2020-11,33
259,321,2020-11,33
260,322,2020-11,33
261,324,2020-11,33
262,325,2020-11,33
263,326,2020-11,33
264,327,2020-11,33
265,328,2020-11,33
266,329,2020-11,33
267,331,2020-11,33
268,332,2020-11,33
269,333,2020-11,33
270,334,2020-11,33
271,335,2020-11,33
272,337,2020-11,33
273,338,2020-11,33
274,340,2020-11,33
275,341,2020-11,33
276,342,2020-11,33
277,343,2020-11,33
278,344,2020-11,33
279,345,2020-11,33
280,346,2020-11,33
281,347,2020-11,33
282,348,2020-11,33
283,349,2020-11,33
284,350,2020-11,33
285,351,2020-11,33
286,352,2020-11,33
287,353,2020-11,33
288,354,2020-11,33
289,355,2020-11,33
290,357,2020-11,33
291,358,2020-11,33
292,359,2020-11,33
293,360,2020-11,33
294,361,2020-11,33
295,362,2020-11,33
296,363,2020-11,33
297,364,2020-11,44
298,365,2020-11,44
299,368,2020-11,44
300,369,2020-11,44
301,370,2020-11,44
302,371,2020-11,44
303,373,2020-11,44
304,375,2020-11,44
305,376,2020-11,44
306,381,2020-11,44
307,383,2020-11,44
308,384,2020-11,44
309,385,2020-11,44
310,386,2020-11,44
311,387,2020-11,44
312,390,2020-11,44
313,392,2020-11,44
314,393,2020-11,44
315,395,2020-11,44
316,396,2020-11,44
317,397,2020-11,44
318,398,2020-11,44
319,399,2020-11,44
320,400,2020-11,44
321,402,2020-11,44
322,403,2020-11,44
323,404,2020-11,44
324,405,2020-11,44
325,408,2020-11,44
326,409,2020-11,44
327,410,2020-11,44
328,411,2020-11,44
329,413,2020-11,44
330,414,2020-11,44
331,415,2020-11,44
332,416,2020-11,44
333,417,2020-11,44
334,418,2020-11,44
335,419,2020-11,44
336,421,2020-11,44
337,422,2020-11,44
338,424,2020-11,44
339,425,2020-11,44
340,426,2020-11,44
341,427,2020-11,44
342,428,2020-11,44
343,429,2020-11,44
344,430,2020-11,44
345,431,2020-11,44
346,432,2020-11,44
347,434,2020-11,44
348,435,2020-11,44
349,436,2020-11,44
350,437,2020-11,44
351,438,2020-11,44
352,439,2020-11,44
353,440,2020-11,44
354,441,2020-11,44
355,443,2020-11,44
356,444,2020-11,44
357,445,2020-11,44
358,446,2020-11,44
359,447,2020-11,44
360,448,2020-11,44
361,449,2020-11,44
362,450,2020-11,44
363,451,2020-11,44
364,452,2020-11,44
365,453,2020-11,44
366,454,2020-11,44
367,455,2020-11,44
368,457,2020-11,44
369,459,2020-11,44
370,461,2020-11,44
371,462,2020-11,44
372,463,2020-11,44
373,464,2020-11,44
374,465,2020-11,44
375,466,2020-11,44
376,467,2020-11,44
377,468,2020-11,44
378,469,2020-11,44
379,470,2020-11,44
380,471,2020-11,44
381,472,2020-11,44
382,473,2020-11,44
383,475,2020-11,44
384,477,2020-11,44
385,478,2020-11,44
386,480,2020-11,44
387,481,2020-11,44
388,482,2020-11,44
389,483,2020-11,44
390,484,2020-11,44
391,485,2020-11,44
392,486,2020-11,44
393,487,2020-11,44
394,488,2020-11,44
395,489,2020-11,44
396,490,2020-11,44
397,491,2020-11,44
398,492,2020-11,44
399,493,2020-11,44
400,494,2020-11,44
401,495,2020-11,44
402,496,2020-11,44
403,497,2020-11,44
404,498,2020-11,44
405,499,2020-11,44
406,500,2020-11,44
407,501,2020-11,44
408,502,2020-11,44
409,503,2020-11,44
410,504,2020-11,44
411,505,2020-11,44
412,506,2020-11,44
413,507,2020-11,44
414,508,2020-11,44
415,509,2020-11,44
416,510,2020-11,44
417,511,2020-11,44
418,512,2020-11,44
419,513,2020-11,44
420,514,2020-11,44
421,515,2020-11,44
422,517,2020-11,44
423,518,2020-11,44
424,519,2020-11,44
425,520,2020-11,44
426,521,2020-11,44
427,522,2020-11,44
428,523,2020-11,44
429,524,2020-11,44
430,525,2020-11,44
431,526,2020-11,44
432,527,2020-11,44
433,528,2020-11,44
434,530,2020-11,44
435,531,2020-11,44
436,532,2020-11,44
437,533,2020-11,44
438,534,2020-11,44
439,535,2020-11,44
440,536,2020-11,44
441,537,2020-11,44
442,538,2020-11,44
443,539,2020-11,44
444,540,2020-11,44
445,541,2020-11,44
446,542,2020-11,44
447,543,2020-11,44
448,544,2020-11,44
449,545,2020-11,44
450,546,2020-11,44
451,547,2020-11,44
452,548,2020-11,44
453,549,2020-11,44
454,550,2020-11,44
455,551,2020-11,44
456,552,2020-11,44
457,553,2020-11,44
458,554,2020-11,44
459,555,2020-11,44
460,556,2020-11,44
461,557,2020-11,44
462,558,2020-11,44
463,559,2020-11,44
464,560,2020-11,44
465,561,2020-11,44
466,562,2020-11,44
467,563,2020-11,44
468,564,2020-11,44
469,565,2020-11,44
470,566,2020-11,44
471,567,2020-11,44
472,568,2020-11,44
473,569,2020-11,44
474,570,2020-11,44
475,571,2020-11,44
476,573,2020-11,44
477,574,2020-11,44
478,575,2020-11,44
479,576,2020-11,44
480,577,2020-11,44
481,578,2020-11,44
482,579,2020-11,44
483,580,2020-11,44
484,581,2020-11,44
485,582,2020-11,44
486,583,2020-11,44
487,584,2020-11,44
488,585,2020-11,44
489,586,2020-11,44
490,587,2020-11,44
491,588,2020-11,44
492,589,2020-11,44
493,590,2020-11,44
494,591,2020-11,44
495,592,2020-11,44
496,593,2020-11,44
497,594,2020-11,44
498,595,2020-11,44
499,596,2020-11,44
500,597,2020-11,44
501,598,2020-11,44
502,599,2020-11,44
503,600,2020-11,44
504,601,2020-11,44
505,602,2020-11,44
506,603,2020-11,44
507,604,2020-11,44
508,605,2020-11,44
509,606,2020-11,44
510,607,2020-11,44
511,608,2020-11,44
512,609,2020-11,44
513,610,2020-11,44
514,611,2020-11,44
515,612,2020-11,44
516,613,2020-11,44
517,614,2020-11,44
518,615,2020-11,44
519,616,2020-11,44
520,617,2020-11,44
521,618,2020-11,44
522,619,2020-11,44
523,620,2020-11,44
524,621,2020-11,44
525,623,2020-11,44
526,624,2020-11,44
527,625,2020-11,44
528,626,2020-11,44
529,627,2020-11,44
530,628,2020-11,44
531,629,2020-11,44
532,630,2020-11,44
533,631,2020-11,44
534,632,2020-11,44
535,634,2020-11,44
536,636,2020-11,44
537,637,2020-11,44
538,639,2020-11,44
539,640,2020-11,44
540,641,2020-11,44
541,642,2020-11,44
542,643,2020-11,44
543,644,2020-11,44
544,645,2020-11,44
545,646,2020-11,44
546,647,2020-11,44
547,648,2020-11,44
548,650,2020-11,44
549,653,2020-11,44
550,656,2020-11,44
551,657,2020-11,44
552,658,2020-11,44
553,659,2020-11,44
554,660,2020-11,44
555,661,2020-11,44
556,662,2020-11,44
557,663,2020-11,44
558,664,2020-11,44
559,665,2020-11,44
560,666,2020-11,44
561,667,2020-11,44
562,668,2020-11,44
563,669,2020-11,44
564,670,2020-11,44
565,671,2020-11,44
566,672,2020-11,44
567,674,2020-11,44
568,676,2020-11,44
569,677,2020-11,44
570,678,2020-11,44
571,679,2020-11,44
572,680,2020-11,44
573,682,2020-11,44
574,684,2020-11,44
575,685,2020-11,44
576,686,2020-11,44
577,688,2020-11,44
578,689,2020-11,44
579,690,2020-11,44
580,691,2020-11,44
581,692,2020-11,44
582,693,2020-11,44
583,694,2020-11,44
584,695,2020-11,44
585,696,2020-11,44
586,697,2020-11,44
587,698,2020-11,44
588,699,2020-11,44
589,700,2020-11,44
590,701,2020-11,44
591,702,2020-11,44
592,703,2020-11,44
593,705,2020-11,44
594,706,2020-11,44
595,708,2020-11,44
596,709,2020-11,44
597,710,2020-11,44
598,711,2020-11,44
599,713,2020-11,44
600,714,2020-11,44
601,717,2020-11,44
602,718,2020-11,44
603,720,2020-11,44
604,722,2020-11,44
605,723,2020-11,44
606,724,2020-11,44
607,725,2020-11,44
608,727,2020-11,44
609,728,2020-11,44
610,729,2020-11,44
611,730,2020-11,44
612,731,2020-11,44
613,733,2020-11,44
614,734,2020-11,44
615,735,2020-11,44
616,736,2020-11,44
617,737,2020-11,44
618,740,2020-11,44
619,742,2020-11,44
620,745,2020-11,44
621,756,2020-11,44
622,757,2020-11,44
623,758,2020-11,44
624,762,2020-11,44
625,770,2020-11,44
626,773,2020-11,44
627,781,2020-11,44
628,782,2020-11,44
629,790,2020-11,44
630,793,2020-11,44
631,794,2020-11,44
632,826,2020-11,44
633,857,2020-11,44
634,863,2020-11,44
635,869,2020-11,44
636,870,2020-11,44
637,871,2020-11,44
638,872,2020-11,44
639,873,2020-11,44
640,875,2020-11,67
641,876,2020-11,67
642,877,2020-11,67
643,878,2020-11,67
644,879,2020-11,67
645,880,2020-11,67
646,881,2020-11,67
647,882,2020-11,67
648,883,2020-11,67
649,884,2020-11,67
650,885,2020-11,67
651,886,2020-11,67
652,887,2020-11,67
653,888,2020-11,67
654,889,2020-11,67
655,890,2020-11,67
656,891,2020-11,67
657,892,2020-11,67
658,893,2020-11,67
659,894,2020-11,67
660,895,2020-11,67
661,896,2020-11,67
662,897,2020-11,67
663,898,2020-11,67
664,899,2020-11,67
665,900,2020-11,67
666,901,2020-11,67
667,902,2020-11,67
668,903,2020-11,67
669,904,2020-11,67
670,905,2020-11,67
671,906,2020-11,67
672,907,2020-11,67
673,908,2020-11,67
674,909,2020-11,67
675,910,2020-11,67
676,911,2020-11,67
677,912,2020-11,67
678,913,2020-11,67
679,914,2020-11,67
680,915,2020-11,67
681,916,2020-11,67
682,917,2020-11,67
683,918,2020-11,67
684,919,2020-11,67
685,920,2020-11,67
686,921,2020-11,67
687,922,2020-11,67
688,923,2020-11,67
689,924,2020-11,67
690,925,2020-11,67
691,926,2020-11,67
692,927,2020-11,67
693,928,2020-11,67
694,929,2020-11,67
695,930,2020-11,67
696,931,2020-11,67
697,932,2020-11,67
698,933,2020-11,67
699,934,2020-11,67
700,935,2020-11,67
701,936,2020-11,67
702,937,2020-11,67
703,938,2020-11,67
704,939,2020-11,67
705,940,2020-11,67
706,941,2020-11,67
707,942,2020-11,67
708,943,2020-11,67
709,944,2020-11,67
710,945,2020-11,67
711,946,2020-11,67
712,947,2020-11,67
713,948,2020-11,67
714,949,2020-11,67
715,950,2020-11,67
716,951,2020-11,75
717,952,2020-11,75
718,953,2020-11,75
719,954,2020-11,75
720,955,2020-11,75
721,956,2020-11,75
722,957,2020-11,75
723,958,2020-11,75
724,959,2020-11,75
725,960,2020-11,75
726,962,2020-11,75
727,967,2020-11,75
728,968,2020-11,75
729,969,2020-11,75
730,970,2020-11,75
731,971,2020-11,75
732,973,2020-11,75
733,974,2020-11,75
734,975,2020-11,75
735,976,2020-11,75
736,977,2020-11,75
737,978,2020-11,75
738,979,2020-11,75
739,980,2020-11,75
740,981,2020-11,75
741,982,2020-11,75
742,983,2020-11,75
743,984,2020-11,75
744,986,2020-11,75
745,987,2020-11,75
746,988,2020-11,75
747,989,2020-11,75
748,990,2020-11,75
749,991,2020-11,75
750,992,2020-11,75
751,993,2020-11,75
752,995,2020-11,75
753,996,2020-11,75
754,997,2020-11,75
755,998,2020-11,75
756,999,2020-11,75
757,1000,2020-11,75
758,1001,2020-11,75
759,1002,2020-11,75
760,1003,2020-11,75
761,1004,2020-11,75
762,1006,2020-11,75
763,1007,2020-11,75
764,1008,2020-11,75
765,1009,2020-11,75
766,1010,2020-11,75
767,1011,2020-11,75
768,1012,2020-11,75
769,1013,2020-11,75
770,1014,2020-11,75
771,1016,2020-11,75
772,1017,2020-11,75
773,1018,2020-11,75
774,1019,2020-11,75
775,1020,2020-11,75
776,1022,2020-11,75
777,1023,2020-11,75
778,1024,2020-11,75
779,1025,2020-11,75
780,1026,2020-11,75
781,1027,2020-11,75
782,1028,2020-11,75
783,1029,2020-11,75
784,1030,2020-11,75
785,1031,2020-11,75
786,1032,2020-11,75
787,1033,2020-11,75
788,1034,2020-11,75
789,1035,2020-11,75
790,1036,2020-11,75
791,1037,2020-11,75
792,1038,2020-11,75
793,1039,2020-11,75
794,1040,2020-11,75
795,1041,2020-11,75
796,1042,2020-11,75
797,1043,2020-11,75
798,1044,2020-11,75
799,1045,2020-11,75
800,1046,2020-11,75
801,1047,2020-11,75
802,1048,2020-11,75
803,1049,2020-11,75
804,1050,2020-11,75
805,1051,2020-11,75
806,1052,2020-11,75
807,1055,2020-11,75
808,1056,2020-11,75
809,1057,2020-11,75
810,1058,2020-11,75
811,1059,2020-11,75
812,1060,2020-11,75
813,1062,2020-11,75
814,1064,2020-11,75
815,1065,2020-11,75
816,1066,2020-11,75
817,1067,2020-11,75
818,1068,2020-11,75
819,1069,2020-11,75
820,1070,2020-11,75
821,1071,2020-11,75
822,1073,2020-11,75
823,1075,2020-11,75
824,1076,2020-11,75
825,1078,2020-11,75
826,1080,2020-11,75
827,1081,2020-11,75
828,1082,2020-11,75
829,1083,2020-11,75
830,1084,2020-11,75
831,1085,2020-11,75
832,1086,2020-11,75
833,1087,2020-11,75
834,1088,2020-11,75
835,1089,2020-11,75
836,1090,2020-11,75
837,1091,2020-11,75
838,1093,2020-11,75
839,1094,2020-11,75
840,1095,2020-11,75
841,1096,2020-11,75
842,1098,2020-11,75
843,1099,2020-11,75
844,1100,2020-11,75
845,1101,2020-11,75
846,1102,2020-11,75
847,1103,2020-11,75
848,1105,2020-11,75
849,1106,2020-11,75
850,1107,2020-11,75
851,1109,2020-11,75
852,1110,2020-11,75
853,1112,2020-11,75
854,1114,2020-11,75
855,1115,2020-11,75
856,1116,2020-11,75
857,1117,2020-11,75
858,1118,2020-11,75
859,1119,2020-11,75
860,1121,2020-11,75
861,1122,2020-11,75
862,1123,2020-11,75
863,1124,2020-11,75
864,1125,2020-11,75
865,1126,2020-11,75
866,1127,2020-11,75
867,1128,2020-11,75
868,1129,2020-11,75
869,1130,2020-11,75
870,1131,2020-11,75
871,1132,2020-11,75
872,1133,2020-11,75
873,1134,2020-11,75
874,1135,2020-11,75
875,1136,2020-11,75
876,1138,2020-11,75
877,1139,2020-11,75
878,1140,2020-11,75
879,1141,2020-11,75
880,1142,2020-11,75
881,1143,2020-11,75
882,1144,2020-11,75
883,1146,2020-11,75
884,1148,2020-11,75
885,1149,2020-11,75
886,1150,2020-11,75
887,1151,2020-11,75
888,1152,2020-11,75
889,1153,2020-11,75
890,1154,2020-11,75
891,1155,2020-11,75
892,1156,2020-11,75
893,1157,2020-11,75
894,1158,2020-11,75
895,1160,2020-11,75
896,1161,2020-11,75
897,1164,2020-11,75
898,1165,2020-11,75
899,1166,2020-11,75
900,1167,2020-11,75
901,1168,2020-11,75
902,1169,2020-11,75
903,1170,2020-11,75
904,1171,2020-11,75
905,1172,2020-11,75
906,1173,2020-11,75
907,1174,2020-11,75
908,1175,2020-11,75
909,1176,2020-11,75
910,1178,2020-11,75
911,1179,2020-11,75
912,1180,2020-11,75
913,1181,2020-11,75
914,1182,2020-11,75
915,1183,2020-11,75
916,1184,2020-11,75
917,1185,2020-11,75
918,1186,2020-11,75
919,1187,2020-11,75
920,1188,2020-11,75
921,1189,2020-11,75
922,1190,2020-11,75
923,1191,2020-11,75
924,1192,2020-11,75
925,1194,2020-11,75
926,1195,2020-11,75
927,1196,2020-11,75
928,1197,2020-11,75
929,1198,2020-11,75
930,1199,2020-11,75
931,1200,2020-11,75
932,1201,2020-11,75
933,1202,2020-11,75
934,1203,2020-11,75
935,1204,2020-11,75
936,1205,2020-11,75
937,1206,2020-11,75
938,1207,2020-11,75
939,1208,2020-11,75
940,1210,2020-11,75
941,1211,2020-11,75
942,1212,2020-11,75
943,1213,2020-11,75
944,1214,2020-11,75
945,1215,2020-11,75
946,1216,2020-11,75
947,1217,2020-11,75
948,1218,2020-11,75
949,1219,2020-11,75
950,1221,2020-11,75
951,1222,2020-11,75
952,1223,2020-11,75
953,1224,2020-11,75
954,1225,2020-11,75
955,1226,2020-11,75
956,1227,2020-11,75
957,1228,2020-11,75
958,1229,2020-11,75
959,1230,2020-11,75
960,1231,2020-11,75
961,1232,2020-11,75
962,1233,2020-11,75
963,1234,2020-11,75
964,1237,2020-11,75
965,1241,2020-11,75
966,1242,2020-11,75
967,1247,2020-11,75
968,1248,2020-11,75
969,1249,2020-11,75
970,1250,2020-11,75
971,1251,2020-11,75
972,1252,2020-11,75
973,1253,2020-11,75
974,1254,2020-11,75
975,1255,2020-11,75
976,1257,2020-11,75
977,1258,2020-11,75
978,1259,2020-11,75
979,1260,2020-11,75
980,1261,2020-11,75
981,1262,2020-11,75
982,1263,2020-11,75
983,1264,2020-11,75
984,1265,2020-11,75
985,1266,2020-11,75
986,1267,2020-11,75
987,1268,2020-11,75
988,1269,2020-11,75
989,1270,2020-11,75
990,1271,2020-11,75
991,1274,2020-11,75
992,1275,2020-11,75
993,1276,2020-11,75
994,1277,2020-11,75
995,1278,2020-11,75
996,1279,2020-11,75
997,1280,2020-11,75
998,1281,2020-11,75
999,1282,2020-11,75
1000,1283,2020-11,75
1001,1284,2020-11,75
1002,1285,2020-11,75
1003,1286,2020-11,75
1004,1287,2020-11,75
1005,1288,2020-11,75
1006,1289,2020-11,75
1007,1290,2020-11,75
1008,1291,2020-11,75
1009,1292,2020-11,75
1010,1293,2020-11,75
1011,1294,2020-11,75
1012,1295,2020-11,75
1013,1296,2020-11,75
1014,1298,2020-11,75
1015,1299,2020-11,75
1016,1300,2020-11,75
1017,1301,2020-11,75
1018,1302,2020-11,75
1019,1303,2020-11,75
1020,1304,2020-11,75
1021,1305,2020-11,75
1022,1306,2020-11,75
1023,1307,2020-11,75
1024,1308,2020-11,75
1025,1309,2020-11,75
1026,1310,2020-11,75
1027,1311,2020-11,75
1028,1312,2020-11,75
1029,1313,2020-11,75
1030,1315,2020-11,75
1031,1316,2020-11,75
1032,1318,2020-11,75
1033,1319,2020-11,75
1034,1320,2020-11,75
1035,1321,2020-11,75
1036,1322,2020-11,75
1037,1323,2020-11,75
1038,1324,2020-11,75
1039,1325,2020-11,75
1040,1326,2020-11,75
1041,1327,2020-11,75
1042,1328,2020-11,75
1043,1329,2020-11,75
1044,1330,2020-11,75
1045,1331,2020-11,75
1046,1332,2020-11,75
1047,1333,2020-11,75
1048,1334,2020-11,75
1049,1335,2020-11,75
1050,1336,2020-11,75
1051,1337,2020-11,75
1052,1338,2020-11,75
1053,1339,2020-11,75
1054,1341,2020-11,75
1055,1344,2020-11,75
1056,1346,2020-11,75
1057,1355,2020-11,75
1058,1356,2020-11,75
1059,1357,2020-11,75
1060,1358,2020-11,75
1061,1359,2020-11,75
1062,1360,2020-11,75
1063,1361,2020-11,75
1064,1362,2020-11,75
1065,1363,2020-11,75
1066,1364,2020-11,75
1067,1365,2020-11,75
1068,1366,2020-11,75
1069,1367,2020-11,75
1070,1368,2020-11,75
1071,1369,2020-11,75
1072,1370,2020-11,75
1073,1371,2020-11,75
1074,1373,2020-11,75
1075,1374,2020-11,75
1076,1375,2020-11,75
1077,1376,2020-11,75
1078,1377,2020-11,75
1079,1379,2020-11,75
1080,1380,2020-11,75
1081,1381,2020-11,75
1082,1383,2020-11,75
1083,1384,2020-11,75
1084,1386,2020-11,75
1085,1391,2020-11,75
1086,1392,2020-11,75
1087,1393,2020-11,75
1088,1394,2020-11,75
1089,1395,2020-11,75
1090,1396,2020-11,75
1091,1397,2020-11,75
1092,1398,2020-11,75
1093,1399,2020-11,75
1094,1400,2020-11,75
1095,1401,2020-11,75
1096,1402,2020-11,75
1097,1403,2020-11,75
1098,1404,2020-11,75
1099,1406,2020-11,75
1100,1408,2020-11,75
1101,1409,2020-11,75
1102,1410,2020-11,75
1103,1411,2020-11,75
1104,1412,2020-11,75
1105,1413,2020-11,75
1106,1414,2020-11,75
1107,1415,2020-11,75
1108,1417,2020-11,75
1109,1418,2020-11,75
1110,1419,2020-11,75
1111,1421,2020-11,75
1112,1422,2020-11,75
1113,1424,2020-11,75
1114,1425,2020-11,75
1115,1426,2020-11,75
1116,1427,2020-11,75
1117,1428,2020-11,75
1118,1429,2020-11,75
1119,1430,2020-11,75
1120,1431,2020-11,75
1121,1432,2020-11,75
1122,1434,2020-11,75
1123,1435,2020-11,75
1124,1438,2020-11,75
1125,1439,2020-11,75
1126,1440,2020-11,75
1127,1441,2020-11,75
1128,1442,2020-11,75
1129,1443,2020-11,75
1130,1444,2020-11,75
1131,1445,2020-11,75
1132,1446,2020-11,75
1133,1447,2020-11,75
1134,1448,2020-11,75
1135,1449,2020-11,75
1136,1450,2020-11,75
1137,1451,2020-11,75
1138,1452,2020-11,75
1139,1453,2020-11,75
1140,1454,2020-11,75
1141,1455,2020-11,75
1142,1456,2020-11,75
1143,1457,2020-11,75
1144,1458,2020-11,75
1145,1459,2020-11,75
1146,1460,2020-11,75
1147,1461,2020-11,75
1148,1462,2020-11,75
1149,1463,2020-11,75
1150,1464,2020-11,75
1151,1465,2020-11,75
1152,1466,2020-11,75
1153,1467,2020-11,75
1154,1468,2020-11,75
1155,1469,2020-11,75
1156,1470,2020-11,75
1157,1471,2020-11,75
1158,1472,2020-11,75
1159,1473,2020-11,75
1160,1474,2020-11,75
1161,1475,2020-11,75
1162,1476,2020-11,75
1163,1477,2020-11,75
1164,1478,2020-11,75
1165,1481,2020-11,75
1166,1483,2020-11,75
1167,1484,2020-11,75
1168,1486,2020-11,75
1169,1489,2020-11,75
1170,1491,2020-11,75
1171,1492,2020-11,75
1172,1494,2020-11,75
1173,1495,2020-11,75
1174,1496,2020-11,75
1175,1497,2020-11,75
1176,1498,2020-11,75
1177,1500,2020-11,75
1178,1501,2020-11,75
1179,1502,2020-11,75
1180,1503,2020-11,75
1181,1504,2020-11,75
1182,1505,2020-11,75
1183,1508,2020-11,75
1184,1509,2020-11,75
1185,1510,2020-11,75
1186,1511,2020-11,75
1187,1512,2020-11,75
1188,1513,2020-11,75
1189,1514,2020-11,75
1190,1515,2020-11,75
1191,1516,2020-11,75
1192,1517,2020-11,75
1193,1518,2020-11,75
1194,1519,2020-11,75
1195,1520,2020-11,75
1196,1521,2020-11,75
1197,1522,2020-11,75
1198,1523,2020-11,75
1199,1524,2020-11,75
1200,1525,2020-11,75
1201,1526,2020-11,75
1202,1527,2020-11,75
1203,1528,2020-11,75
1204,1529,2020-11,75
1205,1530,2020-11,75
1206,1531,2020-11,75
1207,1532,2020-11,75
1208,1533,2020-11,75
1209,1534,2020-11,75
1210,1535,2020-11,75
1211,1536,2020-11,75
1212,1537,2020-11,75
1213,1538,2020-11,75
1214,1539,2020-11,75
1215,1540,2020-11,75
1216,1541,2020-11,75
1217,1542,2020-11,75
1218,1543,2020-11,75
1219,1544,2020-11,75
1220,1545,2020-11,75
1221,1546,2020-11,75
1222,1547,2020-11,75
1223,1548,2020-11,75
1224,1549,2020-11,75
1225,1550,2020-11,75
1226,1551,2020-11,75
1227,1552,2020-11,75
1228,1553,2020-11,75
1229,1554,2020-11,75
1230,1555,2020-11,75
1231,1556,2020-11,75
1232,1557,2020-11,75
1233,1558,2020-11,75
1234,1559,2020-11,75
1235,1560,2020-11,75
1236,1561,2020-11,75
1237,1562,2020-11,75
1238,1563,2020-11,75
1239,1564,2020-11,75
1240,1565,2020-11,75
1241,1566,2020-11,75
1242,1567,2020-11,75
1243,1568,2020-11,75
1244,1569,2020-11,75
1245,1570,2020-11,75
1246,1571,2020-11,75
1247,1579,2020-11,75
1248,1580,2020-11,75
1249,1581,2020-11,75
1250,1582,2020-11,75
1251,1583,2020-11,75
1252,1584,2020-11,75
1253,1586,2020-11,75
1254,1587,2020-11,75
1255,1591,2020-11,75
1256,1593,2020-11,75
1257,1596,2020-11,78
1258,1597,2020-11,78
1259,1598,2020-11,78
1260,1599,2020-11,78
1261,1601,2020-11,78
1262,1605,2020-11,78
1263,1606,2020-11,78
1264,1609,2020-11,78
1265,1610,2020-11,78
1266,1611,2020-11,78
1267,1613,2020-11,78
1268,1614,2020-11,78
1269,1615,2020-11,78
1270,1616,2020-11,78
1271,1617,2020-11,78
1272,1618,2020-11,78
1273,1619,2020-11,78
1274,1620,2020-11,78
1275,1621,2020-11,78
1276,1622,2020-11,78
1277,1624,2020-11,78
1278,1625,2020-11,78
1279,1627,2020-11,78
1280,1628,2020-11,78
1281,1629,2020-11,78
1282,1630,2020-11,78
1283,1631,2020-11,78
1284,1632,2020-11,78
1285,1635,2020-11,78
1286,1636,2020-11,78
1287,1637,2020-11,78
1288,1638,2020-11,78
1289,1640,2020-11,78
1290,1642,2020-11,78
1291,1643,2020-11,78
1292,1644,2020-11,78
1293,1645,2020-11,78
1294,1647,2020-11,78
1295,1648,2020-11,78
1296,1649,2020-11,78
1297,1650,2020-11,78
1298,1651,2020-11,78
1299,1652,2020-11,78
1300,1653,2020-11,78
1301,1654,2020-11,78
1302,1655,2020-11,78
1303,1656,2020-11,78
1304,1657,2020-11,78
1305,1658,2020-11,78
1306,1659,2020-11,78
1307,1660,2020-11,78
1308,1661,2020-11,78
1309,1662,2020-11,78
1310,1663,2020-11,78
1311,1664,2020-11,78
1312,1665,2020-11,78
1313,1666,2020-11,78
1314,1667,2020-11,78
1315,1668,2020-11,78
1316,1669,2020-11,78
1317,1670,2020-11,78
1318,1673,2020-11,78
1319,1674,2020-11,78
1320,1675,2020-11,78
1321,1676,2020-11,78
1322,1677,2020-11,78
1323,1678,2020-11,78
1324,1679,2020-11,78
1325,1680,2020-11,78
1326,1681,2020-11,78
1327,1682,2020-11,78
1328,1685,2020-11,78
1329,1689,2020-11,78
1330,1690,2020-11,78
1331,1691,2020-11,78
1332,1692,2020-11,78
1333,1693,2020-11,78
1334,1694,2020-11,78
1335,1695,2020-11,78
1336,1696,2020-11,78
1337,1697,2020-11,78
1338,1698,2020-11,78
1339,1699,2020-11,78
1340,1700,2020-11,78
1341,1701,2020-11,78
1342,1702,2020-11,78
1343,1703,2020-11,78
1344,1704,2020-11,78
1345,1706,2020-11,78
1346,1708,2020-11,78
1347,1709,2020-11,78
1348,1711,2020-11,78
1349,1712,2020-11,78
1350,1713,2020-11,78
1351,1714,2020-11,78
1352,1715,2020-11,78
1353,1716,2020-11,78
1354,1717,2020-11,78
1355,1718,2020-11,78
1356,1719,2020-11,78
1357,1720,2020-11,78
1358,1721,2020-11,78
1359,1722,2020-11,78
1360,1723,2020-11,78
1361,1724,2020-11,78
1362,1725,2020-11,78
1363,1726,2020-11,78
1364,1727,2020-11,78
1365,1728,2020-11,78
1366,1729,2020-11,78
1367,1730,2020-11,78
1368,1731,2020-11,78
1369,1732,2020-11,78
1370,1733,2020-11,78
1371,1734,2020-11,78
1372,1735,2020-11,78
1373,1736,2020-11,78
1374,1737,2020-11,78
1375,1738,2020-11,78
1376,1739,2020-11,78
1377,1740,2020-11,78
1378,1741,2020-11,78
1379,1742,2020-11,78
1380,1743,2020-11,78
1381,1744,2020-11,78
1382,1745,2020-11,78
1383,1746,2020-11,78
1384,1747,2020-11,78
1385,1748,2020-11,78
1386,1749,2020-11,78
1387,1750,2020-11,78
1388,1751,2020-11,78
1389,1752,2020-11,78
1390,1753,2020-11,78
1391,1754,2020-11,78
1392,1755,2020-11,78
1393,1756,2020-11,78
1394,1757,2020-11,78
1395,1758,2020-11,78
1396,1759,2020-11,78
1397,1760,2020-11,78
1398,1761,2020-11,78
1399,1762,2020-11,78
1400,1763,2020-11,78
1401,1764,2020-11,78
1402,1765,2020-11,78
1403,1766,2020-11,78
1404,1767,2020-11,78
1405,1768,2020-11,78
1406,1769,2020-11,78
1407,1770,2020-11,78
1408,1771,2020-11,78
1409,1772,2020-11,78
1410,1773,2020-11,78
1411,1774,2020-11,78
1412,1775,2020-11,78
1413,1776,2020-11,78
1414,1777,2020-11,78
1415,1778,2020-11,78
1416,1779,2020-11,78
1417,1780,2020-11,78
1418,1781,2020-11,78
1419,1782,2020-11,78
1420,1783,2020-11,78
1421,1785,2020-11,78
1422,1786,2020-11,78
1423,1787,2020-11,78
1424,1788,2020-11,78
1425,1789,2020-11,78
1426,1790,2020-11,78
1427,1791,2020-11,78
1428,1792,2020-11,78
1429,1793,2020-11,78
1430,1794,2020-11,78
1431,1795,2020-11,78
1432,1796,2020-11,78
1433,1797,2020-11,78
1434,1798,2020-11,78
1435,1799,2020-11,78
1436,1800,2020-11,78
1437,1801,2020-11,78
1438,1802,2020-11,78
1439,1803,2020-11,78
1440,1804,2020-11,78
1441,1805,2020-11,78
1442,1806,2020-11,78
1443,1807,2020-11,78
1444,1808,2020-11,78
1445,1809,2020-11,78
1446,1810,2020-11,78
1447,1811,2020-11,78
1448,1812,2020-11,78
1449,1813,2020-11,78
1450,1814,2020-11,78
1451,1815,2020-11,78
1452,1816,2020-11,78
1453,1817,2020-11,78
1454,1818,2020-11,78
1455,1819,2020-11,78
1456,1820,2020-11,78
1457,1821,2020-11,78
1458,1822,2020-11,78
1459,1823,2020-11,78
1460,1825,2020-11,78
1461,1826,2020-11,78
1462,1827,2020-11,78
1463,1828,2020-11,78
1464,1829,2020-11,78
1465,1830,2020-11,78
1466,1832,2020-11,78
1467,1833,2020-11,78
1468,1834,2020-11,78
1469,1835,2020-11,78
1470,1838,2020-11,78
1471,1839,2020-11,78
1472,1841,2020-11,78
1473,1842,2020-11,78
1474,1843,2020-11,78
1475,1844,2020-11,78
1476,1845,2020-11,78
1477,1846,2020-11,78
1478,1847,2020-11,78
1479,1848,2020-11,78
1480,1849,2020-11,78
1481,1850,2020-11,78
1482,1851,2020-11,78
1483,1852,2020-11,78
1484,1853,2020-11,78
1485,1854,2020-11,78
1486,1855,2020-11,78
1487,1856,2020-11,78
1488,1857,2020-11,78
1489,1858,2020-11,78
1490,1859,2020-11,78
1491,1860,2020-11,78
1492,1861,2020-11,78
1493,1862,2020-11,78
1494,1863,2020-11,78
1495,1864,2020-11,78
1496,1867,2020-11,78
1497,1893,2020-11,78
1498,1894,2020-11,78
1499,1896,2020-11,78
1500,1897,2020-11,78
1501,1898,2020-11,78
1502,1899,2020-11,78
1503,1900,2020-11,78
1504,1901,2020-11,78
1505,1902,2020-11,78
1506,1903,2020-11,78
1507,1904,2020-11,78
1508,1905,2020-11,78
1509,1907,2020-11,78
1510,1912,2020-11,78
1511,1915,2020-11,78
1512,1916,2020-11,78
1513,1929,2020-11,78
1514,1930,2020-11,78
1515,1931,2020-11,78
1516,1934,2020-11,78
1517,1936,2020-11,92
1518,1937,2020-11,92
1519,1938,2020-11,92
1520,1939,2020-11,92
1521,1940,2020-11,92
1522,1941,2020-11,92
1523,1942,2020-11,92
1524,1943,2020-11,92
1525,1944,2020-11,92
1526,1945,2020-11,92
1527,1946,2020-11,92
1528,1947,2020-11,92
1529,1948,2020-11,92
1530,1949,2020-11,92
1531,1950,2020-11,92
1532,1951,2020-11,92
1533,1952,2020-11,92
1534,1953,2020-11,92
1535,1954,2020-11,92
1536,1955,2020-11,92
1537,1956,2020-11,92
1538,1957,2020-11,92
1539,1958,2020-11,92
1540,1959,2020-11,92
1541,1960,2020-11,92
1542,1961,2020-11,92
1543,1962,2020-11,92
1544,1963,2020-11,92
1545,1964,2020-11,92
1546,1965,2020-11,92
1547,1966,2020-11,92
1548,1967,2020-11,92
1549,1968,2020-11,92
1550,1969,2020-11,92
1551,1970,2020-11,92
1552,1971,2020-11,92
1553,1972,2020-11,92
1554,1973,2020-11,92
1555,1974,2020-11,92
1556,1975,2020-11,92
1557,1976,2020-11,92
1558,1977,2020-11,92
1559,1978,2020-11,92
1560,1979,2020-11,92
1561,1980,2020-11,92
1562,1981,2020-11,92
1563,1982,2020-11,92
1564,1983,2020-11,92
1565,1984,2020-11,92
1566,1985,2020-11,92
1567,1986,2020-11,92
1568,1987,2020-11,92
1569,1988,2020-11,92
1570,1989,2020-11,92
1571,1990,2020-11,92
1572,1991,2020-11,92
1573,1992,2020-11,92
1574,1993,2020-11,92
1575,1994,2020-11,92
1576,1995,2020-11,92
1577,1996,2020-11,92
1578,1997,2020-11,92
1579,1998,2020-11,92
1580,1999,2020-11,92
1581,2000,2020-11,92
1582,2001,2020-11,92
1583,2002,2020-11,92
1584,2003,2020-11,92
1585,2004,2020-11,92
1586,2005,2020-11,92
1587,2006,2020-11,92
1588,2007,2020-11,92
1589,2008,2020-11,92
1590,2009,2020-11,92
1591,2010,2020-11,92
1592,2011,2020-11,92
1593,2012,2020-11,92
1594,2013,2020-11,92
1595,2014,2020-11,92
1596,2015,2020-11,92
1597,2017,2020-11,92
1598,2018,2020-11,92
1599,2019,2020-11,92
1600,2020,2020-11,92
1601,2021,2020-11,92
1602,2022,2020-11,92
1603,2023,2020-11,92
1604,2024,2020-11,92
1605,2025,2020-11,92
1606,2026,2020-11,92
1607,2027,2020-11,92
1608,2028,2020-11,92
1609,2029,2020-11,92
1610,2030,2020-11,92
1611,2031,2020-11,92
1612,2032,2020-11,92
1613,2033,2020-11,92
1614,2035,2020-11,92
1615,2036,2020-11,92
1616,2037,2020-11,92
1617,2038,2020-11,92
1618,2039,2020-11,92
1619,2040,2020-11,92
1620,2041,2020-11,92
1621,2042,2020-11,92
1622,2043,2020-11,92
1623,2044,2020-11,92
1624,2045,2020-11,92
1625,2046,2020-11,92
1626,2047,2020-11,92
1627,2048,2020-11,92
1628,2049,2020-11,92
1629,2050,2020-11,92
1630,2051,2020-11,92
1631,2052,2020-11,92
1632,2053,2020-11,92
1633,2054,2020-11,92
1634,2055,2020-11,92
1635,2057,2020-11,92
1636,2058,2020-11,92
1637,2059,2020-11,92
1638,2060,2020-11,92
1639,2061,2020-11,92
1640,2062,2020-11,92
1641,2063,2020-11,92
1642,2064,2020-11,92
1643,2065,2020-11,92
1644,2066,2020-11,92
1645,2067,2020-11,92
1646,2068,2020-11,92
1647,2069,2020-11,92
1648,2070,2020-11,92
1649,2071,2020-11,92
1650,2072,2020-11,92
1651,2073,2020-11,92
1652,2074,2020-11,92
1653,2075,2020-11,92
1654,2076,2020-11,92
1655,2077,2020-11,92
1656,2078,2020-11,92
1657,2079,2020-11,92
1658,2080,2020-11,92
1659,2081,2020-11,92
1660,2082,2020-11,92
1661,2083,2020-11,92
1662,2084,2020-11,92
1663,2085,2020-11,92
1664,2086,2020-11,92
1665,2087,2020-11,92
1666,2088,2020-11,92
1667,2089,2020-11,92
1668,2090,2020-11,92
1669,2091,2020-11,92
1670,2092,2020-11,92
1671,2093,2020-11,92
1672,2094,2020-11,92
1673,2095,2020-11,92
1674,2096,2020-11,92
1675,2097,2020-11,92
1676,2098,2020-11,92
1677,2099,2020-11,92
1678,2100,2020-11,92
1679,2101,2020-11,92
1680,2102,2020-11,92
1681,2103,2020-11,92
1682,2104,2020-11,92
1683,2105,2020-11,92
1684,2106,2020-11,92
1685,2107,2020-11,92
1686,2108,2020-11,92
1687,2109,2020-11,92
1688,2110,2020-11,92
1689,2111,2020-11,92
1690,2112,2020-11,92
1691,2113,2020-11,92
1692,2114,2020-11,92
1693,2115,2020-11,92
1694,2116,2020-11,92
1695,2117,2020-11,92
1696,2118,2020-11,92
1697,2119,2020-11,92
1698,2120,2020-11,92
1699,2121,2020-11,92
1700,2122,2020-11,92
1701,2123,2020-11,92
1702,2124,2020-11,92
1703,2125,2020-11,92
1704,2126,2020-11,92
1705,2127,2020-11,92
1706,2128,2020-11,92
1707,2129,2020-11,92
1708,2130,2020-11,92
1709,2131,2020-11,92
1710,2132,2020-11,92
1711,2133,2020-11,92
1712,2134,2020-11,92
1713,2135,2020-11,92
1714,2136,2020-11,92
1715,2137,2020-11,92
1716,2138,2020-11,92
1717,2139,2020-11,92
1718,2140,2020-11,92
1719,2141,2020-11,92
1720,2142,2020-11,92
1721,2143,2020-11,92
1722,2144,2020-11,92
1723,2145,2020-11,92
1724,2146,2020-11,92
1725,2147,2020-11,92
1726,2148,2020-11,92
1727,2149,2020-11,92
1728,2150,2020-11,92
1729,2151,2020-11,92
1730,2152,2020-11,92
1731,2153,2020-11,92
1732,2154,2020-11,92
1733,2155,2020-11,92
1734,2157,2020-11,92
1735,2158,2020-11,92
1736,2160,2020-11,92
1737,2161,2020-11,92
1738,2162,2020-11,92
1739,2163,2020-11,92
1740,2164,2020-11,92
1741,2165,2020-11,92
1742,2166,2020-11,92
1743,2167,2020-11,92
1744,2168,2020-11,92
1745,2169,2020-11,92
1746,2170,2020-11,92
1747,2171,2020-11,92
1748,2172,2020-11,92
1749,2173,2020-11,92
1750,2174,2020-11,92
1751,2175,2020-11,92
1752,2176,2020-11,92
1753,2177,2020-11,92
1754,2178,2020-11,92
1755,2179,2020-11,92
1756,2180,2020-11,92
1757,2181,2020-11,92
1758,2182,2020-11,92
1759,2183,2020-11,92
1760,2184,2020-11,92
1761,2185,2020-11,92
1762,2186,2020-11,92
1763,2187,2020-11,92
1764,2188,2020-11,92
1765,2189,2020-11,92
1766,2190,2020-11,92
1767,2191,2020-11,92
1768,2192,2020-11,92
1769,2193,2020-11,92
1770,2194,2020-11,92
1771,2195,2020-11,92
1772,2196,2020-11,92
1773,2197,2020-11,92
1774,2198,2020-11,92
1775,2199,2020-11,92
1776,2200,2020-11,92
1777,2201,2020-11,92
1778,2202,2020-11,92
1779,2203,2020-11,92
1780,2204,2020-11,92
1781,2205,2020-11,92
1782,2206,2020-11,92
1783,2207,2020-11,92
1784,2208,2020-11,92
1785,2209,2020-11,92
1786,2210,2020-11,92
1787,2211,2020-11,92
1788,2212,2020-11,92
1789,2213,2020-11,92
1790,2214,2020-11,92
1791,2215,2020-11,92
1792,2216,2020-11,92
1793,2217,2020-11,92
1794,2218,2020-11,92
1795,2219,2020-11,92
1796,2220,2020-11,92
1797,2221,2020-11,92
1798,2222,2020-11,92
1799,2223,2020-11,92
1800,2224,2020-11,92
1801,2225,2020-11,92
1802,2226,2020-11,92
1803,2227,2020-11,92
1804,2228,2020-11,92
1805,2229,2020-11,92
1806,2230,2020-11,92
1807,2231,2020-11,92
1808,2232,2020-11,92
1809,2234,2020-11,92
1810,2236,2020-11,92
1811,2237,2020-11,92
1812,2238,2020-11,92
1813,2239,2020-11,92
1814,2240,2020-11,92
1815,2241,2020-11,92
1816,2242,2020-11,92
1817,2243,2020-11,92
1818,2244,2020-11,92
1819,2245,2020-11,92
1820,2246,2020-11,92
1821,2247,2020-11,92
1822,2248,2020-11,92
1823,2249,2020-11,92
1824,2250,2020-11,92
1825,2251,2020-11,92
1826,2252,2020-11,92
1827,2253,2020-11,92
1828,2256,2020-11,92
1829,2257,2020-11,92
1830,2258,2020-11,92
1831,2259,2020-11,92
1832,2260,2020-11,92
1833,2261,2020-11,92
1834,2262,2020-11,92
1835,2263,2020-11,92
1836,2264,2020-11,92
1837,2265,2020-11,92
1838,2266,2020-11,92
1839,2267,2020-11,92
1840,2268,2020-11,93
1841,2269,2020-11,93
1842,2270,2020-11,93
1843,2271,2020-11,93
1844,2272,2020-11,93
1845,2273,2020-11,93
1846,2274,2020-11,93
1847,2275,2020-11,93
1848,2276,2020-11,93
1849,2277,2020-11,93
1850,2278,2020-11,93
1851,2279,2020-11,93
1852,2280,2020-11,93
1853,2281,2020-11,93
1854,2282,2020-11,93
1855,2283,2020-11,93
1856,2284,2020-11,93
1857,2285,2020-11,93
1858,2286,2020-11,93
1859,2287,2020-11,93
1860,2288,2020-11,93
1861,2289,2020-11,93
1862,2290,2020-11,93
1863,2291,2020-11,93
1864,2292,2020-11,93
1865,2293,2020-11,93
1866,2294,2020-11,93
1867,2295,2020-11,93
1868,2296,2020-11,93
1869,2297,2020-11,93
1870,2298,2020-11,93
1871,2299,2020-11,93
1872,2300,2020-11,93
1873,2301,2020-11,93
1874,2302,2020-11,93
1875,2303,2020-11,93
1876,2304,2020-11,93
1877,2305,2020-11,93
1878,2306,2020-11,93
1879,2307,2020-11,93
1880,2308,2020-11,93
1881,2309,2020-11,93
1882,2310,2020-11,93
1883,2311,2020-11,93
1884,2312,2020-11,93
1885,2313,2020-11,93
1886,2314,2020-11,93
1887,2315,2020-11,93
1888,2316,2020-11,93
1889,2317,2020-11,93
1890,2318,2020-11,93
1891,2319,2020-11,93
1892,2321,2020-11,93
1893,2322,2020-11,93
1894,2324,2020-11,93
1895,2325,2020-11,93
1896,2326,2020-11,93
1897,2327,2020-11,93
1898,2328,2020-11,93
1899,2329,2020-11,93
1900,2330,2020-11,93
1901,2331,2020-11,93
1902,2332,2020-11,93
1903,2333,2020-11,93
1904,2334,2020-11,93
1905,2335,2020-11,93
1906,2336,2020-11,93
1907,2337,2020-11,93
1908,2338,2020-11,93
1909,2339,2020-11,93
1910,2340,2020-11,93
1911,2341,2020-11,93
1912,2342,2020-11,93
1913,2343,2020-11,93
1914,2344,2020-11,93
1915,2345,2020-11,93
1916,2346,2020-11,93
1917,2347,2020-11,93
1918,2348,2020-11,93
1919,2349,2020-11,93
1920,2350,2020-11,93
1921,2351,2020-11,93
1922,2352,2020-11,93
1923,2353,2020-11,93
1924,2354,2020-11,93
1925,2355,2020-11,93
1926,2356,2020-11,93
1927,2357,2020-11,93
1928,2358,2020-11,93
1929,2359,2020-11,93
1930,2360,2020-11,93
1931,2361,2020-11,93
1932,2362,2020-11,93
1933,2363,2020-11,93
1934,2364,2020-11,93
1935,2365,2020-11,93
1936,2366,2020-11,93
1937,2367,2020-11,93
1938,2368,2020-11,93
1939,2369,2020-11,93
1940,2370,2020-11,93
1941,2371,2020-11,93
1942,2372,2020-11,93
1943,2373,2020-11,93
1944,2374,2020-11,93
1945,2375,2020-11,93
1946,2376,2020-11,93
1947,2377,2020-11,93
1948,2378,2020-11,93
1949,2379,2020-11,93
1950,2380,2020-11,93
1951,2381,2020-11,93
1952,2382,2020-11,93
1953,2383,2020-11,93
1954,2384,2020-11,93
1955,2385,2020-11,93
1956,2386,2020-11,93
1957,2387,2020-11,93
1958,2388,2020-11,93
1959,2389,2020-11,93
1960,2390,2020-11,93
1961,2391,2020-11,93
1962,2392,2020-11,93
1963,2393,2020-11,93
1964,2394,2020-11,93
1965,2395,2020-11,93
1966,2396,2020-11,93
1967,2397,2020-11,93
1968,2399,2020-11,93
1969,2400,2020-11,93
1970,2402,2020-11,93
1971,2403,2020-11,93
1972,2404,2020-11,93
1973,2405,2020-11,93
1974,2406,2020-11,93
1975,2407,2020-11,93
1976,2408,2020-11,93
1977,2409,2020-11,93
1978,2410,2020-11,93
1979,2411,2020-11,93
1980,2412,2020-11,93
1981,2413,2020-11,93
1982,2414,2020-11,93
1983,2415,2020-11,93
1984,2417,2020-11,93
1985,2418,2020-11,93
1986,2419,2020-11,93
1987,2420,2020-11,93
1988,2421,2020-11,93
1989,2422,2020-11,93
1990,2423,2020-11,93
1991,2424,2020-11,93
1992,2426,2020-11,93
1993,2427,2020-11,93
1994,2428,2020-11,93
1995,2429,2020-11,93
1996,2430,2020-11,93
1997,2431,2020-11,93
1998,2432,2020-11,93
1999,2433,2020-11,93
2000,2434,2020-11,93
2001,2435,2020-11,93
2002,2436,2020-11,93
2003,2437,2020-11,93
2004,2438,2020-11,93
2005,2439,2020-11,93
2006,2440,2020-11,93
2007,2441,2020-11,93
2008,2442,2020-11,93
2009,2443,2020-11,93
2010,2444,2020-11,93
2011,2445,2020-11,93
2012,2446,2020-11,93
2013,2447,2020-11,93
2014,2448,2020-11,93
2015,2449,2020-11,93
2016,2450,2020-11,93
2017,2451,2020-11,93
2018,2452,2020-11,93
2019,2453,2020-11,93
2020,2454,2020-11,93
2021,2455,2020-11,93
2022,2456,2020-11,93
2023,2457,2020-11,93
2024,2458,2020-11,93
2025,2459,2020-11,93
2026,2460,2020-11,93
2027,2461,2020-11,93
2028,2462,2020-11,93
2029,2463,2020-11,93
2030,2464,2020-11,93
2031,2465,2020-11,93
2032,2466,2020-11,93
2033,2467,2020-11,93
2034,2468,2020-11,93
2035,2469,2020-11,93
2036,2470,2020-11,93
2037,2471,2020-11,93
2038,2472,2020-11,93
2039,2473,2020-11,93
2040,2474,2020-11,93
2041,2475,2020-11,93
2042,2476,2020-11,93
2043,2477,2020-11,93
2044,2478,2020-11,93
2045,2479,2020-11,93
2046,2480,2020-11,93
2047,2481,2020-11,93
2048,2482,2020-11,93
2049,2483,2020-11,93
2050,2484,2020-11,93
2051,2485,2020-11,93
2052,2486,2020-11,93
2053,2487,2020-11,93
2054,2488,2020-11,93
2055,2489,2020-11,93
2056,2490,2020-11,93
2057,2491,2020-11,93
2058,2492,2020-11,93
2059,2493,2020-11,93
2060,2494,2020-11,93
2061,2495,2020-11,93
2062,2496,2020-11,93
2063,2497,2020-11,93
2064,2498,2020-11,93
2065,2499,2020-11,93
2066,2500,2020-11,93
2067,2501,2020-11,93
2068,2502,2020-11,93
2069,2503,2020-11,93
2070,2504,2020-11,93
2071,2505,2020-11,93
2072,2506,2020-11,93
2073,2507,2020-11,93
2074,2508,2020-11,93
2075,2509,2020-11,93
2076,2510,2020-11,93
2077,2511,2020-11,93
2078,2512,2020-11,93
2079,2513,2020-11,93
2080,2514,2020-11,93
2081,2515,2020-11,93
2082,2516,2020-11,93
2083,2517,2020-11,93
2084,2518,2020-11,93
2085,2519,2020-11,93
2086,2520,2020-11,93
2087,2521,2020-11,93
2088,2522,2020-11,93
2089,2523,2020-11,93
2090,2524,2020-11,93
2091,2525,2020-11,93
2092,2526,2020-11,93
2093,2527,2020-11,93
2094,2528,2020-11,93
2095,2529,2020-11,93
2096,2530,2020-11,93
2097,2531,2020-11,93
2098,2532,2020-11,93
2099,2533,2020-11,93
2100,2534,2020-11,93
2101,2535,2020-11,93
2102,2536,2020-11,93
2103,2537,2020-11,93
2104,2539,2020-11,93
2105,2540,2020-11,93
2106,2541,2020-11,93
2107,2542,2020-11,93
2108,2543,2020-11,93
2109,2544,2020-11,93
2110,2545,2020-11,93
2111,2546,2020-11,93
2112,2547,2020-11,93
2113,2548,2020-11,93
2114,2549,2020-11,93
2115,2550,2020-11,93
2116,2551,2020-11,93
2117,2553,2020-11,93
2118,2557,2020-11,93
2119,2558,2020-11,93
2120,2559,2020-11,93
2121,2560,2020-11,93
2122,2561,2020-11,93
2123,2562,2020-11,93
2124,2563,2020-11,93
2125,2564,2020-11,93
2126,2565,2020-11,93
2127,2566,2020-11,93
2128,2567,2020-11,93
2129,2568,2020-11,93
2130,2569,2020-11,93
2131,2570,2020-11,93
2132,2571,2020-11,93
2133,2572,2020-11,93
2134,2573,2020-11,93
2135,2574,2020-11,93
2136,2575,2020-11,93
2137,2576,2020-11,93
2138,2577,2020-11,93
2139,2578,2020-11,93
2140,2579,2020-11,93
2141,2580,2020-11,93
2142,2581,2020-11,93
2143,2582,2020-11,93
2144,2583,2020-11,93
2145,2584,2020-11,93
2146,2585,2020-11,93
2147,2586,2020-11,93
2148,2587,2020-11,93
2149,2588,2020-11,93
2150,2589,2020-11,93
2151,2590,2020-11,93
2152,2591,2020-11,93
2153,2592,2020-11,93
2154,2593,2020-11,93
2155,2594,2020-11,93
2156,2595,2020-11,93
2157,2596,2020-11,93
2158,2597,2020-11,93
2159,2598,2020-11,93
2160,2599,2020-11,93
2161,2600,2020-11,93
2162,2601,2020-11,93
2163,2602,2020-11,93
2164,2603,2020-11,93
2165,2604,2020-11,93
2166,2605,2020-11,93
2167,2606,2020-11,93
2168,2607,2020-11,93
2169,2608,2020-11,93
2170,2609,2020-11,93
2171,2610,2020-11,94
2172,2611,2020-11,94
2173,2612,2020-11,94
2174,2614,2020-11,94
2175,2615,2020-11,94
2176,2618,2020-11,94
2177,2619,2020-11,94
2178,2620,2020-11,94
2179,2621,2020-11,94
2180,2622,2020-11,94
2181,2623,2020-11,94
2182,2624,2020-11,94
2183,2625,2020-11,94
2184,2626,2020-11,94
2185,2627,2020-11,94
2186,2628,2020-11,94
2187,2629,2020-11,94
2188,2630,2020-11,94
2189,2631,2020-11,94
2190,2632,2020-11,94
2191,2633,2020-11,94
2192,2634,2020-11,94
2193,2635,2020-11,94
2194,2636,2020-11,94
2195,2637,2020-11,94
2196,2638,2020-11,94
2197,2639,2020-11,94
2198,2640,2020-11,94
2199,2641,2020-11,94
2200,2642,2020-11,94
2201,2643,2020-11,94
2202,2644,2020-11,94
2203,2645,2020-11,94
2204,2646,2020-11,94
2205,2647,2020-11,94
2206,2648,2020-11,94
2207,2649,2020-11,94
2208,2650,2020-11,94
2209,2651,2020-11,94
2210,2652,2020-11,94
2211,2654,2020-11,94
2212,2655,2020-11,94
2213,2656,2020-11,94
2214,2657,2020-11,94
2215,2659,2020-11,94
2216,2660,2020-11,94
2217,2661,2020-11,94
2218,2662,2020-11,94
2219,2663,2020-11,94
2220,2664,2020-11,94
2221,2665,2020-11,94
2222,2666,2020-11,94
2223,2667,2020-11,94
2224,2668,2020-11,94
2225,2669,2020-11,94
2226,2670,2020-11,94
2227,2671,2020-11,94
2228,2672,2020-11,94
2229,2673,2020-11,94
2230,2674,2020-11,94
2231,2675,2020-11,94
2232,2676,2020-11,94
2233,2677,2020-11,94
2234,2678,2020-11,94
2235,2679,2020-11,94
2236,2680,2020-11,94
2237,2681,2020-11,94
2238,2682,2020-11,94
2239,2683,2020-11,94
2240,2684,2020-11,94
2241,2685,2020-11,94
2242,2686,2020-11,94
2243,2687,2020-11,94
2244,2688,2020-11,94
2245,2689,2020-11,94
2246,2691,2020-11,94
2247,2692,2020-11,94
2248,2693,2020-11,94
2249,2694,2020-11,94
2250,2695,2020-11,94
2251,2696,2020-11,94
2252,2697,2020-11,94
2253,2699,2020-11,94
2254,2700,2020-11,94
2255,2701,2020-11,94
2256,2702,2020-11,94
2257,2703,2020-11,94
2258,2704,2020-11,94
2259,2705,2020-11,94
2260,2706,2020-11,94
2261,2707,2020-11,94
2262,2708,2020-11,94
2263,2709,2020-11,94
2264,2710,2020-11,94
2265,2711,2020-11,94
2266,2712,2020-11,94
2267,2713,2020-11,94
2268,2714,2020-11,94
2269,2715,2020-11,94
2270,2716,2020-11,94
2271,2717,2020-11,94
2272,2718,2020-11,94
2273,2719,2020-11,94
2274,2720,2020-11,94
2275,2722,2020-11,94
2276,2723,2020-11,94
2277,2724,2020-11,94
2278,2725,2020-11,94
2279,2726,2020-11,94
2280,2727,2020-11,94
2281,2728,2020-11,94
2282,2729,2020-11,94
2283,2730,2020-11,94
2284,2731,2020-11,94
2285,2732,2020-11,94
2286,2733,2020-11,94
2287,2734,2020-11,94
2288,2735,2020-11,94
2289,2736,2020-11,94
2290,2737,2020-11,94
2291,2738,2020-11,94
2292,2739,2020-11,94
2293,2740,2020-11,94
2294,2741,2020-11,94
2295,2742,2020-11,94
2296,2743,2020-11,94
2297,2744,2020-11,94
2298,2745,2020-11,94
2299,2746,2020-11,94
2300,2747,2020-11,94
2301,2748,2020-11,94
2302,2749,2020-11,94
2303,2750,2020-11,94
2304,2751,2020-11,94
2305,2752,2020-11,94
2306,2754,2020-11,94
2307,2755,2020-11,94
2308,2756,2020-11,94
2309,2757,2020-11,94
2310,2758,2020-11,94
2311,2759,2020-11,94
2312,2760,2020-11,94
2313,2761,2020-11,94
2314,2762,2020-11,94
2315,2763,2020-11,94
2316,2764,2020-11,94
2317,2765,2020-11,94
2318,2766,2020-11,94
2319,2767,2020-11,94
2320,2768,2020-11,94
2321,2769,2020-11,94
2322,2770,2020-11,94
2323,2771,2020-11,94
2324,2773,2020-11,94
2325,2774,2020-11,94
2326,2775,2020-11,94
2327,2777,2020-11,94
2328,2778,2020-11,94
2329,2779,2020-11,94
2330,2780,2020-11,94
2331,2781,2020-11,94
2332,2782,2020-11,94
2333,2783,2020-11,94
2334,2784,2020-11,94
2335,2785,2020-11,94
2336,2786,2020-11,94
2337,2787,2020-11,94
2338,2788,2020-11,94
2339,2789,2020-11,94
2340,2790,2020-11,94
2341,2791,2020-11,94
2342,2792,2020-11,94
2343,2794,2020-11,94
2344,2795,2020-11,94
2345,2796,2020-11,94
2346,2797,2020-11,94
2347,2798,2020-11,94
2348,2799,2020-11,94
2349,2800,2020-11,94
2350,2801,2020-11,94
2351,2802,2020-11,94
2352,2803,2020-11,94
2353,2804,2020-11,94
2354,2805,2020-11,94
2355,2806,2020-11,94
2356,2809,2020-11,94
2357,2810,2020-11,94
2358,2811,2020-11,94
2359,2812,2020-11,94
2360,2813,2020-11,94
2361,2814,2020-11,94
2362,2815,2020-11,94
2363,2816,2020-11,94
2364,2817,2020-11,94
2365,2818,2020-11,94
2366,2819,2020-11,94
2367,2820,2020-11,94
2368,2821,2020-11,94
2369,2822,2020-11,94
2370,2823,2020-11,94
2371,2824,2020-11,94
2372,2825,2020-11,94
2373,2826,2020-11,94
2374,2827,2020-11,94
2375,2829,2020-11,94
2376,2830,2020-11,94
2377,2831,2020-11,94
2378,2832,2020-11,94
2379,2833,2020-11,94
2380,2835,2020-11,94
2381,2836,2020-11,94
2382,2837,2020-11,94
2383,2838,2020-11,94
2384,2839,2020-11,94
2385,2840,2020-11,94
2386,2841,2020-11,94
2387,2843,2020-11,94
2388,2844,2020-11,94
2389,2845,2020-11,94
2390,2846,2020-11,94
2391,2848,2020-11,94
2392,2849,2020-11,94
2393,2850,2020-11,94
2394,2851,2020-11,94
2395,2852,2020-11,94
2396,2853,2020-11,94
2397,2854,2020-11,94
2398,2855,2020-11,94
2399,2856,2020-11,94
2400,2857,2020-11,94
2401,2858,2020-11,94
2402,2859,2020-11,94
2403,2860,2020-11,94
2404,2862,2020-11,94
2405,2863,2020-11,94
2406,2864,2020-11,94
2407,2865,2020-11,94
2408,2866,2020-11,94
2409,2867,2020-11,94
2410,2868,2020-11,94
2411,2869,2020-11,94
2412,2870,2020-11,94
2413,2871,2020-11,94
2414,2872,2020-11,94
2415,2873,2020-11,94
2416,2874,2020-11,94
2417,2875,2020-11,94
2418,2876,2020-11,94
2419,2877,2020-11,94
2420,2878,2020-11,94
2421,2879,2020-11,94
2422,2880,2020-11,94
2423,2881,2020-11,94
2424,2882,2020-11,94
2425,2883,2020-11,94
2426,2884,2020-11,94
2427,2885,2020-11,94
2428,2886,2020-11,94
2429,2887,2020-11,94
2430,2888,2020-11,94
2431,2890,2020-11,94
2432,2891,2020-11,94
2433,2892,2020-11,94
2434,2894,2020-11,94
2435,2896,2020-11,94
2436,2897,2020-11,94
2437,2898,2020-11,94
2438,2899,2020-11,94
2439,2902,2020-11,94
2440,2903,2020-11,94
2441,2904,2020-11,94
2442,2905,2020-11,94
2443,2906,2020-11,94
2444,2907,2020-11,94
2445,2908,2020-11,94
2446,2909,2020-11,94
2447,2910,2020-11,94
2448,2911,2020-11,94
2449,2912,2020-11,94
2450,2913,2020-11,94
2451,2914,2020-11,94
2452,2915,2020-11,94
2453,2916,2020-11,94
2454,2917,2020-11,94
2455,2918,2020-11,94
2456,2919,2020-11,94
2457,2920,2020-11,94
2458,2921,2020-11,94
2459,2922,2020-11,94
2460,2923,2020-11,94
2461,2924,2020-11,94
2462,2925,2020-11,94
2463,2926,2020-11,94
2464,2927,2020-11,94
2465,2928,2020-11,94
2466,2929,2020-11,94
2467,2930,2020-11,94
2468,2932,2020-11,94
2469,2933,2020-11,94
2470,2934,2020-11,94
2471,2935,2020-11,94
2472,2936,2020-11,94
2473,2937,2020-11,94
2474,2939,2020-11,94
2475,2940,2020-11,94
2476,2941,2020-11,94
2477,2942,2020-11,94
2478,2943,2020-11,94
2479,2944,2020-11,94
2480,2945,2020-11,94
2481,2948,2020-11,94
2482,2949,2020-11,94
2483,2950,2020-11,94
2484,2951,2020-11,94
2485,2952,2020-11,94
2486,2953,2020-11,94
2487,2954,2020-11,94
2488,2955,2020-11,94
2489,2956,2020-11,94
2490,2957,2020-11,94
2491,2958,2020-11,94
2492,2959,2020-11,94
2493,2960,2020-11,94
2494,2961,2020-11,94
2495,2962,2020-11,94
2496,2963,2020-11,94
2497,2965,2020-11,94
2498,2966,2020-11,94
2499,2967,2020-11,94
2500,2968,2020-11,94
2501,2969,2020-11,94
2502,2970,2020-11,94
2503,2971,2020-11,94
2504,2972,2020-11,94
2505,2973,2020-11,94
2506,2974,2020-11,94
2507,2975,2020-11,94
2508,2976,2020-11,94
2509,2977,2020-11,95
2510,2980,2020-11,95
2511,2981,2020-11,95
2512,2982,2020-11,95
2513,2983,2020-11,95
2514,2984,2020-11,95
2515,2985,2020-11,95
2516,2987,2020-11,95
2517,2989,2020-11,95
2518,2990,2020-11,95
2519,2991,2020-11,75
2520,2992,2020-12,75
2521,3017,2020-12,44
2522,3018,2020-12,75
2523,3019,2020-12,75
2524,3021,2020-12,75
2525,3022,2020-12,75
2526,3023,2020-12,75
2527,3024,2020-12,75
2528,3025,2020-12,75
2529,3026,2020-12,75
2530,3027,2020-12,75
2531,3028,2020-12,75
2532,3029,2020-12,75
2533,3030,2020-12,75
2534,3031,2020-12,75
2535,3032,2020-12,75
2536,3033,2020-12,75
2537,3035,2020-12,75
2538,3036,2020-12,75
2539,3037,2020-12,75
2540,3038,2020-12,75
2541,3039,2020-12,93
2542,3040,2020-12,33
2543,3041,2020-12,93
2544,3042,2020-12,67
2545,3044,2020-12,78
2546,3045,2020-12,78
2547,3046,2020-12,78
2548,3057,2020-12,78
2549,3060,2020-12,78
2550,3062,2020-12,78
2551,3067,2020-12,78
2552,3070,2020-12,78
2553,3071,2020-12,78
2554,3072,2020-12,78
2555,3073,2020-12,78
2556,3074,2020-12,78
2557,3076,2020-12,78
2558,3083,2020-12,78
2559,3086,2020-12,78
2560,3087,2020-12,78
2561,3089,2020-12,78
2562,3097,2020-12,78
2563,3098,2020-12,78
2564,3099,2020-12,78
2565,3101,2020-12,78
2566,3102,2020-12,69
2567,3105,2020-12,75
2568,3108,2021-01,33
2569,3109,2021-01,33
2570,3110,2021-01,95
2571,3111,2021-01,67
2572,3117,2021-01,94
2573,3136,2021-01,94
2574,3137,2021-01,00
2575,3138,2021-01,00
2576,3139,2021-01,33
2577,3140,2021-01,34
2578,3141,2021-01,94
2579,3142,2021-01,93
2580,3147,2021-01,92
2581,3154,2021-01,92
2582,3155,2021-01,92
2583,3156,2021-01,92
2584,3157,2021-01,75
2585,3158,2021-01,33
2586,3159,2021-01,95
2587,3160,2021-01,95
2588,3161,2021-01,94
2589,3162,2021-01,75
2590,3163,2021-01,75
2591,3164,2021-01,75
2592,3165,2021-01,75
2593,3166,2021-01,75
2594,3167,2021-01,75
2595,3170,2021-01,75
2596,3171,2021-02,75
2597,3172,2021-02,75
2598,3173,2021-02,92
2599,3174,2021-02,92
2600,3175,2021-02,92
2601,3176,2021-02,92
2602,3177,2021-02,92
2603,3178,2021-02,92
2604,3179,2021-02,92
2605,3180,2021-02,92
2606,3181,2021-02,92
2607,3182,2021-02,92
2608,3183,2021-02,92
2609,3184,2021-02,92
2610,3185,2021-02,92
2611,3186,2021-02,92
2612,3187,2021-02,92
2613,3188,2021-02,92
2614,3189,2021-02,92
2615,3190,2021-02,75
2616,3192,2021-02,92
2617,3193,2021-02,92
2618,3194,2021-02,92
2619,3196,2021-02,92
2620,3198,2021-02,92
2621,3199,2021-02,92
2622,3200,2021-02,92
2623,3201,2021-02,00
2624,3202,2021-02,92
2625,3203,2021-02,92
2626,3204,2021-02,92
2627,3206,2021-02,92
2628,3207,2021-02,95
2629,3209,2021-02,67
2630,3211,2021-02,92
2631,3212,2021-02,67
2632,3213,2021-02,06
2633,3214,2021-02,67
2634,3215,2021-02,75
2635,3216,2021-02,75
2636,3217,2021-02,92
2637,3218,2021-02,92
2638,3219,2021-02,92
2639,3220,2021-02,95
2640,3221,2021-02,95
2641,3222,2021-02,95
2642,3223,2021-02,95
2643,3224,2021-02,95
2644,3225,2021-02,78
2645,3226,2021-02,78
2646,3227,2021-02,78
2647,3228,2021-02,78
2648,3229,2021-02,78
2649,3230,2021-02,78
2650,3231,2021-02,78
2651,3232,2021-02,78
2652,3233,2021-02,78
2653,3234,2021-02,78
2654,3236,2021-02,75
2655,3237,2021-02,78
2656,3238,2021-02,78
2657,3239,2021-02,78
2658,3240,2021-02,78
2659,3241,2021-02,78
2660,3242,2021-02,78
2661,3243,2021-02,78
2662,3244,2021-02,78
2663,3245,2021-02,78
2664,3246,2021-02,78
2665,3247,2021-02,78
2666,3248,2021-02,78
2667,3249,2021-02,92
2668,3250,2021-02,06
2669,3251,2021-02,92
2670,3252,2021-02,92
2671,3253,2021-02,92
2672,3254,2021-02,94
2673,3255,2021-02,75
2674,3256,2021-02,94
2675,3257,2021-02,75
2676,3258,2021-02,94
2677,3259,2021-02,92
2678,3260,2021-02,94
2679,3261,2021-02,67
2680,3262,2021-02,94
2681,3263,2021-02,92
2682,3264,2021-02,75
2683,3265,2021-02,92
2684,3267,2021-02,94
2685,3268,2021-02,67
2686,3269,2021-02,92
2687,3270,2021-02,95
2688,3271,2021-02,93
2689,3272,2021-02,92
2690,3274,2021-02,94
2691,3275,2021-02,94
2692,3276,2021-02,94
2693,3277,2021-02,94
2694,3278,2021-02,94
2695,3279,2021-02,94
2696,3280,2021-02,67
2697,3281,2021-02,67
2698,3282,2021-02,94
2699,3283,2021-02,94
2700,3284,2021-02,75
2701,3285,2021-02,06
2702,3286,2021-02,78
2703,3287,2021-02,78
2704,3288,2021-02,78
2705,3289,2021-02,67
2706,3290,2021-02,92
2707,3291,2021-02,34
2708,3292,2021-02,92
2709,3293,2021-02,92
2710,3294,2021-02,92
2711,3295,2021-02,92
2712,3296,2021-02,95
2713,3297,2021-02,92
2714,3298,2021-02,94
2715,3299,2021-02,94
2716,3301,2021-02,94
2717,3302,2021-02,94
2718,3303,2021-02,94
2719,3304,2021-02,94
2720,3305,2021-02,94
2721,3306,2021-02,94
2722,3307,2021-02,33
2723,3308,2021-02,33
2724,3309,2021-03,94
2725,3310,2021-03,92
2726,3311,2021-03,92
2727,3312,2021-03,93
2728,3313,2021-03,67
2729,3314,2021-03,93
2730,3315,2021-03,94
2731,3316,2021-03,93
2732,3317,2021-03,28
2733,3318,2021-03,93
2734,3320,2021-03,93
2735,3321,2021-03,92
2736,3322,2021-03,95
2737,3323,2021-03,95
2738,3324,2021-03,78
2739,3325,2021-03,78
2740,3326,2021-03,92
2741,3328,2021-03,78
2742,3329,2021-03,67
2743,3330,2021-03,93
2744,3331,2021-03,92
2745,3332,2021-03,92
2746,3333,2021-03,75
2747,3334,2021-03,44
2748,3335,2021-03,94
2749,3336,2021-03,92
2750,3337,2021-03,13
2751,3339,2021-03,75
2752,3340,2021-03,75
2753,3342,2021-03,75
2754,3343,2021-03,75
2755,3344,2021-03,75
2756,3345,2021-03,75
2757,3347,2021-03,75
2758,3349,2021-03,75
2759,3351,2021-03,75
2760,3352,2021-03,94
2761,3355,2021-03,95
2762,3356,2021-03,95
2763,3358,2021-03,95
2764,3359,2021-03,95
2765,3360,2021-03,95
2766,3362,2021-03,95
2767,3364,2021-03,95
2768,3365,2021-03,95
2769,3366,2021-03,95
2770,3367,2021-03,95
2771,3368,2021-03,95
2772,3369,2021-03,95
2773,3370,2021-03,95
2774,3371,2021-03,95
2775,3372,2021-03,95
2776,3373,2021-03,95
2777,3374,2021-03,95
2778,3375,2021-03,95
2779,3376,2021-03,95
2780,3377,2021-03,95
2781,3378,2021-03,06
2782,3379,2021-03,78
2783,3380,2021-03,92
2784,3381,2021-03,94
2785,3382,2021-03,67
2786,3384,2021-03,94
2787,3385,2021-03,93
2788,3386,2021-03,92
2789,3387,2021-03,94
2790,3388,2021-03,78
2791,3390,2021-03,95
2792,3391,2021-03,93
2793,3392,2021-03,93
2794,3393,2021-03,95
2795,3394,2021-03,67
2796,3395,2021-03,95
2797,3396,2021-03,93
2798,3398,2021-03,67
2799,3399,2021-03,93
2800,3400,2021-03,78
2801,3401,2021-03,44
2802,3402,2021-03,93
2803,3404,2021-03,92
2804,3405,2021-04,33
2805,3407,2021-04,67
2806,3408,2021-04,94
2807,3410,2021-04,67
2808,3411,2021-04,92
2809,3412,2021-04,92
2810,3414,2021-04,77
2811,3415,2021-04,67
2812,3416,2021-04,95
2813,3417,2021-04,95
2814,3418,2021-04,95
2815,3419,2021-04,95
2816,3420,2021-04,95
2817,3421,2021-04,94
2818,3422,2021-04,78
2819,3423,2021-04,78
2820,3424,2021-04,93
2821,3425,2021-04,06
2822,3426,2021-04,06
2823,3427,2021-04,36
2824,3428,2021-04,78
2825,3429,2021-04,78
2826,3430,2021-04,75
2827,3431,2021-04,92
2828,3432,2021-04,92
2829,3434,2021-04,974
2830,3436,2021-04,93
2831,3437,2021-04,93
2832,3438,2021-04,78
2833,3439,2021-04,93
2834,3441,2021-04,93
2835,3442,2021-04,33
2836,3443,2021-04,93
2837,3444,2021-04,67
2838,3445,2021-04,75
2839,3446,2021-04,75
2840,3448,2021-04,75
2841,3452,2021-04,67
2842,3453,2021-04,06
2843,3454,2021-04,93
2844,3455,2021-04,93
2845,3456,2021-04,93
2846,3457,2021-04,67
2847,3458,2021-04,44
2848,3460,2021-04,06
2849,3461,2021-04,93
2850,3462,2021-04,06
2851,3463,2021-04,78
2852,3465,2021-04,75
2853,3466,2021-04,91
2854,3467,2021-04,93
2855,3468,2021-04,93
2856,3469,2021-04,33
2857,3470,2021-04,94
2858,3471,2021-04,33
2859,3472,2021-04,94
2860,3474,2021-05,33
2861,3475,2021-05,94
2862,3476,2021-05,78
2863,3477,2021-05,67
2864,3478,2021-05,93
2865,3479,2021-05,93
2866,3480,2021-05,93
2867,3481,2021-05,93
2868,3482,2021-05,75
2869,3483,2021-05,93
2870,3484,2021-05,93
2871,3485,2021-05,33
2872,3486,2021-05,93
2873,3487,2021-05,44
2874,3488,2021-05,75
2875,3489,2021-05,93
2876,3490,2021-05,91
2877,3491,2021-05,92
2878,3492,2021-05,94
2879,3493,2021-05,93
2880,3494,2021-05,44
2881,3499,2021-05,44
2882,3500,2021-05,44
2883,3501,2021-05,44
2884,3502,2021-05,44
2885,3503,2021-05,67
2886,3504,2021-05,75
2887,3506,2021-05,67
2888,3507,2021-05,77
2889,3508,2021-05,77
2890,3509,2021-05,77
2891,3510,2021-05,95
2892,3512,2021-05,67
2893,3513,2021-05,78
2894,3514,2021-05,78
2895,3515,2021-05,95
2896,3516,2021-05,33
2897,3517,2021-05,06
2898,3518,2021-05,75
2899,3519,2021-05,77
2900,3520,2021-05,77
2901,3521,2021-05,06
2902,3522,2021-05,06
2903,3523,2021-05,75
2904,3524,2021-05,33
2905,3525,2021-05,67
2906,3526,2021-05,44
2907,3527,2021-05,44
2908,3529,2021-05,77
2909,3530,2021-05,44
2910,3531,2021-05,44
2911,3532,2021-05,44
2912,3533,2021-05,44
2913,3534,2021-05,44
2914,3535,2021-05,44
2915,3536,2021-05,06
2916,3537,2021-05,67
2917,3538,2021-05,95
2918,3539,2021-05,95
2919,3540,2021-05,44
2920,3541,2021-05,44
2921,3542,2021-05,44
2922,3543,2021-05,44
2923,3546,2021-05,44
2924,3547,2021-05,33
2925,3548,2021-05,77
2926,3550,2021-05,75
2927,3551,2021-05,93
2928,3552,2021-05,94
2929,3553,2021-05,93
2930,3554,2021-05,33
2931,3555,2021-06,93
2932,3556,2021-06,67
2933,3557,2021-06,33
2934,3558,2021-06,93
2935,3559,2021-06,92
2936,3560,2021-06,44
2937,3561,2021-06,44
2938,3562,2021-06,44
2939,3563,2021-06,44
2940,3564,2021-06,44
2941,3565,2021-06,44
2942,3567,2021-06,44
2943,3568,2021-06,44
2944,3569,2021-06,44
2945,3570,2021-06,44
2946,3572,2021-06,44
2947,3573,2021-06,44
2948,3574,2021-06,75
2949,3575,2021-06,78
2950,3576,2021-06,67
2951,3577,2021-06,67
2952,3578,2021-06,75
2953,3579,2021-06,33
2954,3580,2021-06,78
2955,3581,2021-06,95
2956,3582,2021-06,44
2957,3583,2021-06,44
2958,3584,2021-06,77
2959,3585,2021-06,92
2960,3586,2021-06,67
2961,3587,2021-06,94
2962,3588,2021-06,75
2963,3589,2021-06,94
2964,3590,2021-06,94
2965,3591,2021-06,67
2966,3592,2021-06,77
2967,3593,2021-06,92
2968,3594,2021-06,75
2969,3595,2021-06,77
2970,3596,2021-06,75
2971,3597,2021-06,75
2972,3600,2021-06,75
2973,3601,2021-06,75
2974,3602,2021-06,44
2975,3604,2021-06,75
2976,3605,2021-06,44
2977,3606,2021-06,44
2978,3608,2021-06,75
2979,3609,2021-06,75
2980,3610,2021-06,44
2981,3611,2021-06,44
2982,3612,2021-06,75
2983,3613,2021-06,44
2984,3616,2021-06,44
2985,3618,2021-06,75
2986,3619,2021-06,75
2987,3620,2021-06,44
2988,3621,2021-06,44
2989,3622,2021-06,44
2990,3623,2021-06,75
2991,3624,2021-06,44
2992,3625,2021-06,44
2993,3626,2021-06,44
2994,3630,2021-06,44
2995,3631,2021-06,94
2996,3632,2021-06,77
2997,3633,2021-06,75
2998,3634,2021-06,44
2999,3635,2021-06,44
3000,3636,2021-06,44
3001,3637,2021-06,44
3002,3638,2021-06,78
3003,3639,2021-06,78
3004,3642,2021-06,78
3005,3643,2021-06,94
3006,3644,2021-06,78
3007,3645,2021-06,78
3008,3646,2021-06,75
3009,3647,2021-06,75
3010,3648,2021-06,75
3011,3649,2021-06,44
3012,3652,2021-06,44
3013,3653,2021-06,44
3014,3655,2021-06,44
3015,3656,2021-06,44
3016,3657,2021-06,94
3017,3658,2021-06,75
3018,3659,2021-06,75
3019,3660,2021-06,92
3020,3662,2021-06,77
3021,3663,2021-06,75
3022,3664,2021-06,77
3023,3665,2021-06,77
3024,3666,2021-06,92
3025,3667,2021-06,94
3026,3668,2021-06,94
3027,3669,2021-06,94
3028,3670,2021-06,77
3029,3671,2021-06,94
3030,3672,2021-06,77
3031,3673,2021-06,44
3032,3674,2021-06,77
3033,3675,2021-06,92
3034,3676,2021-06,67
3035,3677,2021-06,95
3036,3678,2021-06,95
3037,3679,2021-06,95
3038,3680,2021-06,95
3039,3681,2021-06,95
3040,3682,2021-06,95
3041,3683,2021-06,95
3042,3684,2021-06,95
3043,3685,2021-06,95
3044,3687,2021-06,95
3045,3688,2021-06,95
3046,3689,2021-06,95
3047,3690,2021-06,92
3048,3691,2021-06,95
3049,3692,2021-06,95
3050,3693,2021-06,95
3051,3694,2021-06,95
3052,3695,2021-06,95
3053,3696,2021-06,95
3054,3697,2021-06,95
3055,3698,2021-06,95
3056,3702,2021-06,95
3057,3703,2021-06,95
3058,3704,2021-06,95
3059,3706,2021-06,95
3060,3707,2021-06,95
3061,3709,2021-06,95
3062,3710,2021-06,95
3063,3711,2021-06,95
3064,3712,2021-06,95
3065,3713,2021-06,95
3066,3714,2021-06,95
3067,3715,2021-06,95
3068,3716,2021-06,95
3069,3717,2021-06,95
3070,3718,2021-06,95
3071,3719,2021-06,95
3072,3720,2021-06,95
3073,3721,2021-06,95
3074,3722,2021-06,95
3075,3723,2021-06,95
3076,3724,2021-06,95
3077,3725,2021-06,95
3078,3726,2021-06,95
3079,3727,2021-06,33
3080,3728,2021-06,95
3081,3729,2021-06,95
3082,3730,2021-06,95
3083,3731,2021-06,95
3084,3732,2021-06,95
3085,3733,2021-06,95
3086,3734,2021-06,95
3087,3735,2021-06,95
3088,3736,2021-06,95
3089,3737,2021-06,95
3090,3738,2021-06,95
3091,3739,2021-06,95
3092,3740,2021-06,95
3093,3741,2021-06,95
3094,3742,2021-06,95
3095,3743,2021-06,95
3096,3744,2021-06,95
3097,3745,2021-06,95
3098,3746,2021-06,95
3099,3747,2021-06,95
3100,3748,2021-06,95
3101,3749,2021-06,95
3102,3750,2021-06,95
3103,3751,2021-06,94
3104,3752,2021-06,95
3105,3753,2021-06,95
3106,3754,2021-06,95
3107,3755,2021-06,95
3108,3756,2021-06,95
3109,3757,2021-06,95
3110,3759,2021-06,95
3111,3760,2021-06,95
3112,3761,2021-06,95
3113,3762,2021-06,95
3114,3763,2021-06,95
3115,3764,2021-06,95
3116,3765,2021-06,95
3117,3766,2021-06,95
3118,3768,2021-06,95
3119,3769,2021-06,95
3120,3770,2021-06,95
3121,3772,2021-06,95
3122,3773,2021-06,95
3123,3774,2021-06,95
3124,3775,2021-06,95
3125,3776,2021-06,95
3126,3777,2021-06,95
3127,3778,2021-06,95
3128,3779,2021-06,95
3129,3780,2021-06,95
3130,3781,2021-06,95
3131,3782,2021-06,95
3132,3784,2021-06,95
3133,3785,2021-06,95
3134,3787,2021-06,95
3135,3789,2021-06,95
3136,3790,2021-06,95
3137,3791,2021-06,95
3138,3792,2021-06,95
3139,3793,2021-06,95
3140,3794,2021-06,75
3141,3795,2021-06,95
3142,3796,2021-06,95
3143,3797,2021-06,95
3144,3798,2021-06,95
3145,3799,2021-06,95
3146,3801,2021-06,95
3147,3802,2021-06,95
3148,3803,2021-06,95
3149,3804,2021-06,95
3150,3805,2021-06,95
3151,3806,2021-06,95
3152,3808,2021-06,95
3153,3809,2021-06,95
3154,3810,2021-06,95
3155,3811,2021-06,95
3156,3812,2021-06,95
3157,3813,2021-06,95
3158,3814,2021-06,95
3159,3815,2021-06,92
3160,3816,2021-06,95
3161,3818,2021-06,95
3162,3819,2021-06,91
3163,3820,2021-06,77
3164,3821,2021-06,75
3165,3822,2021-06,75
3166,3823,2021-06,77
3167,3824,2021-06,77
3168,3825,2021-06,77
3169,3826,2021-06,77
3170,3827,2021-06,77
3171,3828,2021-06,33
3172,3829,2021-06,75
3173,3830,2021-06,77
3174,3831,2021-06,95
3175,3832,2021-06,91
3176,3833,2021-06,95
3177,3834,2021-06,95
3178,3835,2021-06,95
3179,3836,2021-06,75
3180,3837,2021-06,67
3181,3838,2021-06,67
3182,3839,2021-06,67
3183,3840,2021-06,92
3184,3841,2021-06,92
3185,3842,2021-06,91
3186,3844,2021-06,67
3187,3845,2021-06,75
3188,3846,2021-06,75
3189,3847,2021-06,75
3190,3848,2021-06,75
3191,3849,2021-06,44
3192,3850,2021-06,75
3193,3852,2021-06,92
3194,3853,2021-06,92
3195,3854,2021-06,75
3196,3855,2021-06,75
3197,3856,2021-06,75
3198,3857,2021-06,77
3199,3858,2021-06,94
3200,3859,2021-06,94
3201,3860,2021-06,94
3202,3861,2021-06,78
3203,3862,2021-06,78
3204,3863,2021-06,78
3205,3864,2021-06,78
3206,3865,2021-06,78
3207,3866,2021-06,78
3208,3868,2021-06,78
3209,3869,2021-06,95
3210,3870,2021-06,77
3211,3871,2021-06,77
3212,3872,2021-06,77
3213,3873,2021-06,67
3214,3874,2021-06,92
3215,3875,2021-06,95
3216,3876,2021-06,77
3217,3877,2021-06,91
3218,3878,2021-06,91
3219,3879,2021-06,91
3220,3880,2021-06,77
3221,3881,2021-06,06
3222,3882,2021-06,77
3223,3883,2021-06,77
3224,3886,2021-06,77
3225,3887,2021-06,92
3226,3888,2021-06,77
3227,3889,2021-06,92
3228,3890,2021-06,77
3229,3891,2021-06,95
3230,3892,2021-06,77
3231,3893,2021-06,06
3232,3894,2021-06,77
3233,3895,2021-06,91
3234,3896,2021-06,75
3235,3897,2021-06,75
3236,3898,2021-06,75
3237,3899,2021-06,77
3238,3900,2021-06,91
3239,3901,2021-06,77
3240,3902,2021-06,75
3241,3903,2021-06,77
3242,3904,2021-06,77
3243,3905,2021-06,06
3244,3906,2021-06,78
3245,3907,2021-06,94
3246,3908,2021-06,75
3247,3909,2021-06,06
3248,3910,2021-06,06
3249,3911,2021-06,06
3250,3912,2021-06,06
3251,3913,2021-06,06
3252,3914,2021-06,06
3253,3915,2021-06,06
3254,3916,2021-06,06
3255,3917,2021-06,06
3256,3918,2021-06,06
3257,3919,2021-06,06
3258,3920,2021-06,06
3259,3921,2021-06,06
3260,3922,2021-06,06
3261,3924,2021-06,06
3262,3927,2021-06,06
3263,3928,2021-06,06
3264,3929,2021-06,06
3265,3930,2021-06,06
3266,3932,2021-06,06
3267,3933,2021-06,06
3268,3934,2021-06,06
3269,3935,2021-06,06
3270,3936,2021-06,92
3271,3937,2021-06,06
3272,3938,2021-06,06
3273,3940,2021-06,06
3274,3942,2021-06,06
3275,3943,2021-06,06
3276,3944,2021-06,06
3277,3945,2021-06,06
3278,3946,2021-06,06
3279,3947,2021-06,06
3280,3948,2021-06,06
3281,3949,2021-06,06
3282,3950,2021-06,06
3283,3951,2021-06,06
3284,3952,2021-06,06
3285,3954,2021-06,06
3286,3955,2021-06,06
3287,3956,2021-06,06
3288,3957,2021-06,06
3289,3958,2021-06,06
3290,3959,2021-06,06
3291,3960,2021-06,06
3292,3961,2021-06,06
3293,3962,2021-06,06
3294,3963,2021-06,06
3295,3964,2021-06,06
3296,3965,2021-06,06
3297,3966,2021-06,06
3298,3967,2021-06,06
3299,3968,2021-06,06
3300,3969,2021-06,06
3301,3970,2021-06,06
3302,3971,2021-06,06
3303,3972,2021-06,77
3304,3974,2021-06,44
3305,3975,2021-06,44
3306,3978,2021-06,77
3307,3979,2021-06,77
3308,3980,2021-06,91
3309,3981,2021-06,92
3310,3982,2021-06,92
3311,3983,2021-06,92
3312,3984,2021-06,06
3313,3985,2021-06,77
3314,3986,2021-06,77
3315,3987,2021-06,77
3316,3988,2021-06,44
3317,3990,2021-07,44
3318,3991,2021-07,91
3319,3992,2021-07,95
3320,3995,2021-07,44
3321,3996,2021-07,44
3322,3998,2021-07,44
3323,3999,2021-07,77
3324,4000,2021-07,95
3325,4001,2021-07,95
3326,4002,2021-07,95
3327,4003,2021-07,77
3328,4005,2021-07,94
3329,4006,2021-07,77
3330,4007,2021-07,33
3331,4008,2021-07,94
3332,4009,2021-07,95
3333,4010,2021-07,75
3334,4011,2021-07,75
3335,4012,2021-07,75
3336,4013,2021-07,06
3337,4014,2021-07,75
3338,4015,2021-07,75
3339,4016,2021-07,33
3340,4017,2021-07,95
3341,4018,2021-07,95
3342,4019,2021-07,95
3343,4020,2021-07,93
3344,4021,2021-07,75
3345,4022,2021-07,75
3346,4023,2021-07,75
3347,4024,2021-07,75
3348,4025,2021-07,06
3349,4026,2021-07,06
3350,4027,2021-07,94
3351,4028,2021-07,06
3352,4029,2021-07,77
3353,4030,2021-07,95
3354,4031,2021-07,95
3355,4032,2021-07,92
3356,4033,2021-07,91
3357,4034,2021-07,06
3358,4035,2021-07,75
3359,4036,2021-07,44
3360,4037,2021-07,94
3361,4038,2021-07,94
3362,4039,2021-07,75
3363,4040,2021-07,94
3364,4041,2021-07,75
3365,4042,2021-07,75
3366,4043,2021-07,44
3367,4044,2021-07,44
3368,4045,2021-07,44
3369,4046,2021-07,44
3370,4047,2021-07,77
3371,4048,2021-07,95
3372,4049,2021-07,95
3373,4050,2021-07,95
3374,4051,2021-07,92
3375,4052,2021-07,75
3376,4053,2021-07,92
3377,4054,2021-07,92
3378,4055,2021-07,92
3379,4056,2021-07,92
3380,4057,2021-07,92
3381,4058,2021-07,91
3382,4059,2021-07,77
3383,4060,2021-07,67
3384,4061,2021-07,67
3385,4062,2021-07,77
3386,4063,2021-07,06
3387,4064,2021-07,67
3388,4065,2021-07,67
3389,4066,2021-07,77
3390,4067,2021-07,77
3391,4068,2021-07,44
3392,4069,2021-07,67
3393,4070,2021-07,06
3394,4071,2021-07,77
3395,4072,2021-07,67
3396,4073,2021-07,67
3397,4074,2021-07,75
3398,4075,2021-07,77
3399,4076,2021-07,33
3400,4077,2021-07,67
3401,4078,2021-07,67
3402,4079,2021-07,06
3403,4080,2021-07,77
3404,4081,2021-07,77
3405,4082,2021-07,67
3406,4083,2021-07,77
3407,4084,2021-07,33
3408,4085,2021-07,67
3409,4086,2021-07,33
3410,4087,2021-07,44
3411,4088,2021-07,77
3412,4089,2021-07,77
3413,4090,2021-07,77
3414,4092,2021-07,95
3415,4094,2021-07,95
3416,4095,2021-07,06
3417,4096,2021-07,06
3418,4097,2021-07,95
3419,4098,2021-07,91
3420,4099,2021-07,91
3421,4100,2021-07,91
3422,4101,2021-07,91
3423,4102,2021-07,33
3424,4103,2021-07,91
3425,4104,2021-07,95
3426,4105,2021-07,06
3427,4106,2021-08,67
3428,4107,2021-08,67
3429,4108,2021-08,77
3430,4110,2021-08,91
3431,4111,2021-08,91
3432,4112,2021-08,91
3433,4113,2021-08,33
3434,4114,2021-08,33
3435,4115,2021-08,33
3436,4117,2021-08,77
3437,4118,2021-08,77
3438,4119,2021-08,77
3439,4120,2021-08,77
3440,4121,2021-08,77
3441,4122,2021-08,33
3442,4123,2021-08,94
3443,4124,2021-08,78
3444,4125,2021-08,91
3445,4126,2021-08,93
3446,4127,2021-08,33
3447,4128,2021-08,95
3448,4129,2021-08,77
3449,4130,2021-08,75
3450,4131,2021-08,67
3451,4132,2021-08,67
3452,4133,2021-08,92
3453,4134,2021-08,67
3454,4135,2021-08,67
3455,4136,2021-08,67
3456,4137,2021-08,33
3457,4138,2021-08,33
3458,4139,2021-08,33
3459,4140,2021-08,67
3460,4141,2021-08,67
3461,4142,2021-08,67
3462,4143,2021-08,67
3463,4144,2021-08,67
3464,4145,2021-08,67
3465,4146,2021-08,67
3466,4147,2021-08,67
3467,4148,2021-08,67
3468,4149,2021-08,67
3469,4150,2021-08,67
3470,4151,2021-08,67
3471,4152,2021-08,92
3472,4153,2021-08,67
3473,4154,2021-08,67
3474,4155,2021-08,77
3475,4156,2021-08,63
3476,4157,2021-08,77
3477,4158,2021-08,33
3478,4159,2021-08,06
3479,4160,2021-08,91
3480,4161,2021-08,91
3481,4162,2021-08,91
3482,4163,2021-08,91
3483,4164,2021-08,91
3484,4165,2021-08,91
3485,4166,2021-08,78
3486,4167,2021-08,33
3487,4168,2021-08,91
3488,4169,2021-08,77
3489,4170,2021-08,91
3490,4171,2021-08,33
3491,4172,2021-08,33
3492,4173,2021-08,92
3493,4174,2021-08,91
3494,4175,2021-08,06
3495,4176,2021-08,91
3496,4177,2021-08,77
3497,4178,2021-08,33
3498,4179,2021-08,77
3499,4180,2021-08,77
3500,4181,2021-08,77
3501,4182,2021-08,77
3502,4183,2021-08,77
3503,4184,2021-08,77
3504,4185,2021-08,77
3505,4186,2021-08,77
3506,4187,2021-08,06
3507,4188,2021-08,33
3508,4189,2021-08,95
3509,4190,2021-08,93
3510,4193,2021-09,78
3511,4194,2021-09,95
3512,4195,2021-09,75
3513,4196,2021-09,75
3514,4197,2021-09,75
3515,4199,2021-09,94
3516,4200,2021-09,93
3517,4201,2021-09,06
3518,4202,2021-09,78
3519,4203,2021-09,77
3520,4204,2021-09,91
3521,4205,2021-09,67
3522,4206,2021-09,92
3523,4207,2021-09,77
3524,4208,2021-09,77
3525,4209,2021-09,77
3526,4210,2021-09,77
3527,4211,2021-09,94
3528,4212,2021-09,77
3529,4213,2021-09,94
3530,4214,2021-09,94
3531,4216,2021-09,75
3532,4217,2021-09,78
3533,4218,2021-09,78
3534,4219,2021-09,91
3535,4220,2021-09,13
3536,4221,2021-09,13
3537,4222,2021-09,06
3538,4225,2021-09,78
3539,4227,2021-09,75
3540,4228,2021-09,91
3541,4229,2021-09,06
3542,4230,2021-09,44
3543,4231,2021-09,95
3544,4232,2021-09,15
3545,4233,2021-09,13
3546,4234,2021-09,13
3547,4235,2021-09,13
3548,4236,2021-09,13
3549,4238,2021-09,13
3550,4239,2021-09,13
3551,4240,2021-09,13
3552,4241,2021-09,13
3553,4242,2021-09,13
3554,4244,2021-09,13
3555,4245,2021-09,13
3556,4246,2021-09,13
3557,4247,2021-09,13
3558,4248,2021-09,13
3559,4250,2021-09,13
3560,4251,2021-09,13
3561,4252,2021-09,13
3562,4253,2021-09,13
3563,4255,2021-09,67
3564,4256,2021-09,36
3565,4257,2021-09,95
3566,4258,2021-09,95
3567,4259,2021-09,95
3568,4260,2021-09,78
3569,4261,2021-09,95
3570,4262,2021-09,13
3571,4263,2021-09,06
3572,4264,2021-09,91
3573,4265,2021-09,78
3574,4266,2021-09,13
3575,4267,2021-10,77
3576,4268,2021-10,77
3577,4269,2021-10,13
3578,4270,2021-10,13
3579,4271,2021-10,13
3580,4272,2021-10,13
3581,4273,2021-10,13
3582,4274,2021-10,92
3583,4275,2021-10,13
3584,4276,2021-10,13
3585,4277,2021-10,13
3586,4278,2021-10,15
3587,4279,2021-10,44
3588,4280,2021-10,75
3589,4281,2021-10,75
3590,4282,2021-10,13
3591,4283,2021-10,44
3592,4284,2021-10,67
3593,4285,2021-10,06
3594,4286,2021-10,06
3595,4287,2021-10,06
3596,4288,2021-10,83
3597,4289,2021-10,91
3598,4290,2021-10,67
3599,4291,2021-10,91
3600,4292,2021-10,67
3601,4293,2021-10,75
3602,4294,2021-10,77
3603,4295,2021-10,13
3604,4296,2021-10,13
3605,4297,2021-10,06
3606,4298,2021-10,13
3607,4299,2021-10,13
3608,4300,2021-10,67
3609,4301,2021-10,36
3610,4302,2021-10,36
3611,4303,2021-10,36
3612,4304,2021-10,77
3613,4305,2021-10,36
3614,4306,2021-10,77
3615,4307,2021-10,77
3616,4309,2021-10,77
3617,4310,2021-10,13
3618,4311,2021-10,36
3619,4312,2021-10,92
3620,4313,2021-10,13
3621,4314,2021-10,13
3622,4315,2021-10,95
3623,4316,2021-10,13
3624,4317,2021-10,44
3625,4318,2021-10,06
3626,4319,2021-10,13
3627,4320,2021-10,93
3628,4321,2021-10,94
3629,4322,2021-10,75
3630,4323,2021-10,94
3631,4324,2021-10,06
3632,4325,2021-10,13
3633,4326,2021-10,94
3634,4327,2021-10,77
3635,4328,2021-10,95
3636,4329,2021-10,75
3637,4330,2021-10,67
3638,4331,2021-10,78
3639,4332,2021-10,95
3640,4333,2021-10,13
3641,4334,2021-10,13
3642,4335,2021-10,35
3643,4336,2021-10,35
3644,4337,2021-10,35
3645,4338,2021-10,13
3646,4339,2021-10,67
3647,4340,2021-10,13
3648,4341,2021-10,44
3649,4342,2021-10,94
3650,4343,2021-10,13
3651,4344,2021-10,13
3652,4345,2021-10,91
3653,4346,2021-10,13
3654,4347,2021-10,13
3655,4348,2021-10,13
3656,4349,2021-10,13
3657,4350,2021-10,77
3658,4351,2021-10,13
3659,4352,2021-10,91
3660,4353,2021-10,77
3661,4354,2021-10,13
3662,4356,2021-10,95
3663,4357,2021-10,2A
3664,4358,2021-10,77
3665,4359,2021-10,77
3666,4360,2021-10,94
3667,4361,2021-10,94
3668,4362,2021-10,94
3669,4363,2021-10,77
3670,4364,2021-10,75
3671,4365,2021-10,35
3672,4366,2021-10,93
3673,4368,2021-10,67
3674,4369,2021-10,67
3675,4370,2021-10,67
3676,4371,2021-10,75
3677,4372,2021-10,76
3678,4373,2021-10,77
3679,4374,2021-10,06
3680,4375,2021-10,77
3681,4376,2021-10,44
3682,4377,2021-10,44
3683,4379,2021-10,44
3684,4380,2021-10,44
3685,4381,2021-10,44
3686,4382,2021-10,77
3687,4383,2021-10,94
3688,4384,2021-10,06
3689,4385,2021-10,06
3690,4386,2021-10,77
3691,4387,2021-10,76
3692,4388,2021-10,63
3693,4389,2021-10,63
3694,4391,2021-11,06
3695,4392,2021-11,33
3696,4394,2021-11,44
3697,4395,2021-11,33
3698,4396,2021-11,91
3699,4397,2021-11,67
3700,4398,2021-11,94
3701,4399,2021-11,33
3702,4400,2021-11,13
3703,4401,2021-11,44
3704,4402,2021-11,33
3705,4403,2021-11,44
3706,4404,2021-11,94
3707,4405,2021-11,36
3708,4406,2021-11,44
3709,4407,2021-11,76
3710,4408,2021-11,44
3711,4409,2021-11,44
3712,4410,2021-11,15
3713,4411,2021-11,67
3714,4412,2021-11,67
3715,4413,2021-11,15
3716,4414,2021-11,44
3717,4415,2021-11,36
3718,4416,2021-11,91
3719,4417,2021-11,91
3720,4418,2021-11,13
3721,4419,2021-11,63
3722,4420,2021-11,44
3723,4421,2021-11,15
3724,4422,2021-11,13
3725,4423,2021-11,13
3726,4424,2021-11,13
3727,4425,2021-11,13
3728,4426,2021-11,13
3729,4427,2021-11,44
3730,4428,2021-11,34
3731,4429,2021-11,78
3732,4430,2021-11,76
3733,4431,2021-11,78
3734,4432,2021-11,78
3735,4433,2021-11,78
3736,4434,2021-11,33
3737,4435,2021-11,78
3738,4436,2021-11,44
3739,4437,2021-11,13
3740,4438,2021-11,33
3741,4439,2021-11,33
3742,4440,2021-11,63
3743,4441,2021-11,36
3744,4442,2021-11,77
3745,4443,2021-11,95
3746,4444,2021-11,78
3747,4445,2021-11,77
3748,4446,2021-11,33
3749,4447,2021-11,34
3750,4455,2021-11,78
3751,4456,2021-11,93
3752,4457,2021-11,93
3753,4458,2021-11,93
3754,4459,2021-11,93
3755,4460,2021-11,93
3756,4461,2021-11,93
3757,4462,2021-11,93
3758,4463,2021-11,93
3759,4464,2021-11,93
3760,4465,2021-11,93
3761,4466,2021-11,93
3762,4467,2021-11,93
3763,4468,2021-11,93
3764,4469,2021-11,93
3765,4470,2021-11,93
3766,4471,2021-11,93
3767,4472,2021-11,93
3768,4473,2021-11,93
3769,4474,2021-11,93
3770,4475,2021-11,93
3771,4476,2021-11,93
3772,4477,2021-11,93
3773,4478,2021-11,93
3774,4479,2021-11,93
3775,4480,2021-11,93
3776,4481,2021-11,93
3777,4482,2021-11,93
3778,4483,2021-11,93
3779,4484,2021-11,93
3780,4485,2021-11,93
3781,4486,2021-11,93
3782,4487,2021-11,93
3783,4488,2021-11,93
3784,4489,2021-11,93
3785,4490,2021-11,93
3786,4491,2021-11,93
3787,4492,2021-11,93
3788,4493,2021-11,93
3789,4494,2021-11,13
3790,4495,2021-11,75
3791,4496,2021-11,44
3792,4497,2021-11,75
3793,4498,2021-11,36
3794,4499,2021-11,34
3795,4500,2021-11,95
3796,4501,2021-11,91
3797,4502,2021-11,63
3798,4503,2021-11,34
3799,4504,2021-11,34
3800,4505,2021-11,34
3801,4506,2021-11,34
3802,4507,2021-11,67
3803,4508,2021-11,67
3804,4509,2021-11,67
3805,4510,2021-11,67
3806,4511,2021-11,95
3807,4512,2021-11,95
3808,4513,2021-11,95
3809,4514,2021-11,95
3810,4515,2021-11,95
3811,4516,2021-11,95
3812,4517,2021-11,95
3813,4518,2021-11,95
3814,4519,2021-11,95
3815,4520,2021-11,95
3816,4521,2021-11,95
3817,4522,2021-11,95
3818,4523,2021-11,13
3819,4524,2021-11,63
3820,4525,2021-11,36
3821,4526,2021-11,91
3822,4527,2021-11,78
3823,4528,2021-11,78
3824,4529,2021-11,78
3825,4530,2021-11,34
3826,4531,2021-11,06
3827,4532,2021-11,92
3828,4533,2021-11,92
3829,4534,2021-11,92
3830,4535,2021-11,92
3831,4536,2021-11,92
3832,4537,2021-11,92
3833,4538,2021-11,92
3834,4539,2021-11,92
3835,4540,2021-11,92
3836,4541,2021-11,92
3837,4542,2021-11,92
3838,4543,2021-11,92
3839,4544,2021-11,92
3840,4545,2021-11,92
3841,4546,2021-11,92
3842,4547,2021-11,92
3843,4548,2021-11,92
3844,4549,2021-11,92
3845,4550,2021-11,92
3846,4551,2021-11,92
3847,4552,2021-11,92
3848,4553,2021-11,92
3849,4554,2021-11,92
3850,4555,2021-11,92
3851,4556,2021-11,"94,92"
3852,4557,2021-11,77
3853,4558,2021-11,77
3854,4559,2021-11,78
3855,4560,2021-11,78
3856,4561,2021-11,78
3857,4562,2021-11,78
3858,4563,2021-11,78
3859,4564,2021-11,77
3860,4565,2021-11,78
3861,4566,2021-11,78
3862,4567,2021-11,78
3863,4568,2021-11,78
3864,4569,2021-11,78
3865,4570,2021-11,78
3866,4571,2021-11,78
3867,4572,2021-11,78
3868,4573,2021-11,77
3869,4574,2021-11,77
3870,4575,2021-11,36
3871,4576,2021-11,36
3872,4577,2021-11,36
3873,4578,2021-11,36
3874,4579,2021-11,92
3875,4580,2021-11,92
3876,4581,2021-11,92
3877,4582,2021-11,92
3878,4583,2021-11,92
3879,4584,2021-11,92
3880,4585,2021-11,92
3881,4586,2021-11,92
3882,4587,2021-11,92
3883,4588,2021-11,92
3884,4589,2021-11,92
3885,4590,2021-11,92
3886,4591,2021-11,92
3887,4592,2021-11,06
3888,4593,2021-11,15
3889,4594,2021-11,94
3890,4595,2021-11,77
3891,4596,2021-11,36
3892,4597,2021-11,36
3893,4598,2021-11,36
3894,4599,2021-11,36
3895,4600,2021-11,36
3896,4601,2021-11,36
3897,4602,2021-11,36
3898,4603,2021-11,36
3899,4604,2021-11,36
3900,4605,2021-11,92
3901,4606,2021-11,36
3902,4607,2021-11,92
3903,4608,2021-11,92
3904,4609,2021-11,36
3905,4610,2021-11,92
3906,4611,2021-11,36
3907,4612,2021-11,92
3908,4613,2021-11,92
3909,4614,2021-11,92
3910,4615,2021-11,92
3911,4616,2021-11,92
3912,4617,2021-11,92
3913,4618,2021-11,92
3914,4619,2021-11,92
3915,4620,2021-11,92
3916,4621,2021-11,92
3917,4622,2021-11,92
3918,4623,2021-11,92
3919,4624,2021-11,92
3920,4625,2021-11,92
3921,4626,2021-11,92
3922,4627,2021-11,92
3923,4628,2021-11,92
3924,4629,2021-11,92
3925,4630,2021-11,92
3926,4631,2021-11,92
3927,4632,2021-11,92
3928,4633,2021-11,92
3929,4634,2021-11,92
3930,4635,2021-11,92
3931,4636,2021-11,92
3932,4637,2021-11,92
3933,4638,2021-11,92
3934,4639,2021-11,92
3935,4640,2021-11,92
3936,4641,2021-11,92
3937,4642,2021-11,92
3938,4643,2021-11,92
3939,4644,2021-11,92
3940,4645,2021-11,92
3941,4646,2021-11,92
3942,4647,2021-11,92
3943,4648,2021-11,92
3944,4649,2021-11,92
3945,4650,2021-11,92
3946,4651,2021-11,92
3947,4652,2021-11,92
3948,4653,2021-11,92
3949,4654,2021-11,92
3950,4655,2021-11,92
3951,4656,2021-11,92
3952,4657,2021-11,92
3953,4658,2021-11,92
3954,4659,2021-11,92
3955,4660,2021-11,92
3956,4661,2021-11,92
3957,4662,2021-11,92
3958,4663,2021-11,92
3959,4664,2021-11,92
3960,4665,2021-11,33
3961,4666,2021-11,92
3962,4667,2021-11,92
3963,4668,2021-11,92
3964,4669,2021-11,92
3965,4670,2021-11,92
3966,4671,2021-11,33
3967,4672,2021-11,92
3968,4673,2021-11,92
3969,4674,2021-11,92
3970,4675,2021-11,33
3971,4676,2021-11,92
3972,4677,2021-11,92
3973,4678,2021-11,92
3974,4679,2021-11,92
3975,4680,2021-11,92
3976,4681,2021-11,75
3977,4682,2021-11,75
3978,4683,2021-11,75
3979,4684,2021-11,75
3980,4685,2021-11,75
3981,4686,2021-11,75
3982,4687,2021-11,75
3983,4688,2021-11,75
3984,4689,2021-11,75
3985,4690,2021-11,75
3986,4691,2021-11,75
3987,4692,2021-11,75
3988,4693,2021-11,75
3989,4694,2021-11,75
3990,4695,2021-11,75
3991,4696,2021-11,75
3992,4697,2021-11,75
3993,4698,2021-11,75
3994,4699,2021-11,75
3995,4700,2021-11,75
3996,4701,2021-11,75
3997,4702,2021-11,75
3998,4703,2021-11,75
3999,4704,2021-11,75
4000,4705,2021-11,75
4001,4706,2021-11,75
4002,4707,2021-11,75
4003,4708,2021-11,75
4004,4709,2021-11,75
4005,4710,2021-11,75
4006,4711,2021-11,75
4007,4712,2021-11,75
4008,4713,2021-11,75
4009,4714,2021-11,75
4010,4715,2021-11,75
4011,4716,2021-11,75
4012,4717,2021-11,75
4013,4718,2021-11,75
4014,4719,2021-11,75
4015,4720,2021-11,75
4016,4721,2021-11,75
4017,4722,2021-11,75
4018,4723,2021-11,75
4019,4724,2021-11,75
4020,4725,2021-11,75
4021,4726,2021-11,75
4022,4727,2021-11,75
4023,4728,2021-11,75
4024,4729,2021-11,75
4025,4730,2021-11,75
4026,4731,2021-11,34
4027,4732,2021-11,34
4028,4733,2021-11,78
4029,4734,2021-11,34
4030,4735,2021-11,77
4031,4736,2021-11,34
4032,4737,2021-11,36
4033,4738,2021-11,63
4034,4739,2021-11,78
4035,4740,2021-11,36
4036,4741,2021-11,36
4037,4742,2021-11,36
4038,4743,2021-11,36
4039,4744,2021-11,36
4040,4745,2021-11,36
4041,4746,2021-11,36
4042,4747,2021-11,36
4043,4748,2021-11,36
4044,4749,2021-11,36
4045,4750,2021-11,36
4046,4751,2021-11,36
4047,4752,2021-11,36
4048,4753,2021-11,36
4049,4754,2021-11,36
4050,4755,2021-11,36
4051,4756,2021-11,44
4052,4757,2021-11,44
4053,4758,2021-11,44
4054,4759,2021-11,44
4055,4760,2021-11,63
4056,4761,2021-11,06
4057,4762,2021-11,75
4058,4763,2021-11,34
4059,4764,2021-11,34
4060,4765,2021-12,95
4061,4766,2021-12,63
4062,4767,2021-12,63
4063,4769,2021-12,63
4064,4770,2021-12,63
4065,4771,2021-12,63
4066,4772,2021-12,91
4067,4773,2021-12,33
4068,4774,2021-12,06
4069,4775,2021-12,91
4070,4776,2021-12,15
4071,4777,2021-12,15
4072,4778,2021-12,15
4073,4779,2021-12,15
4074,4780,2021-12,15
4075,4781,2021-12,15
4076,4782,2021-12,15
4077,4783,2021-12,15
4078,4784,2021-12,15
4079,4785,2021-12,15
4080,4786,2021-12,91
4081,4787,2021-12,34
4082,4788,2021-12,91
4083,4789,2021-12,34
4084,4790,2021-12,34
4085,4791,2021-12,34
4086,4792,2021-12,91
4087,4793,2021-12,91
4088,4794,2021-12,06
4089,4795,2021-12,06
4090,4796,2021-12,77
4091,4797,2021-12,77
4092,4798,2021-12,77
4093,4800,2021-12,77
4094,4801,2021-12,95
4095,4802,2021-12,95
4096,4803,2021-12,36
4097,4804,2021-12,44
4098,4805,2021-12,77
4099,4806,2021-12,77
4100,4807,2021-12,13
4101,4809,2021-12,77
4102,4810,2021-12,78
4103,4811,2021-12,95
4104,4812,2021-12,36
4105,4813,2021-12,95
4106,4814,2021-12,95
4107,4815,2021-12,44
4108,4816,2021-12,77
4109,4817,2021-12,34
4110,4818,2021-12,34
4111,4819,2021-12,91
4112,4820,2021-12,13
4113,4821,2021-12,91
4114,4822,2021-12,77
4115,4824,2021-12,95
4116,4825,2021-12,95
4117,4826,2021-12,44
4118,4827,2021-12,06
4119,4828,2021-12,06
4120,4829,2021-12,63
4121,4830,2021-12,95
4122,4831,2021-12,06
4123,4832,2021-12,36
4124,4833,2021-12,06
4125,4834,2021-12,06
4126,4835,2021-12,06
4127,4836,2021-12,06
4128,4838,2021-12,06
4129,4839,2021-12,76
4130,4840,2021-12,76
4131,4841,2021-12,77
4132,4842,2021-12,76
4133,4843,2021-12,06
4134,4844,2021-12,06
4135,4845,2021-12,34
4136,4846,2021-12,34
4137,4847,2021-12,34
4138,4848,2021-12,34
4139,4849,2021-12,34
4140,4850,2021-12,34
4141,4851,2021-12,34
4142,4852,2021-12,44
4143,4854,2021-12,34
4144,4855,2021-12,95
4145,4856,2021-12,76
4146,4857,2021-12,06
4147,4858,2021-12,75
4148,4859,2021-12,95
4149,4860,2021-12,34
4150,4861,2021-12,34
4151,4862,2021-12,34
4152,4863,2021-12,44
4153,4864,2021-12,63
4154,4865,2021-12,06
4155,4866,2021-12,34
4156,4867,2021-12,34
4157,4868,2021-12,44
4158,4869,2021-12,63
4159,4870,2021-12,77
4160,4871,2021-12,91
4161,4872,2021-12,95
4162,4873,2021-12,95
4163,4874,2021-12,34
4164,4875,2021-12,34
4165,4876,2021-12,34
4166,4877,2021-12,91
4167,4878,2021-12,34
4168,4879,2021-12,34
4169,4880,2021-12,34
4170,4881,2021-12,34
4171,4882,2021-12,91
4172,4883,2021-12,93
4173,4885,2021-12,34
4174,4886,2021-12,34
4175,4887,2021-12,44
4176,4888,2021-12,91
4177,4889,2021-12,91
4178,4890,2021-12,59
4179,4891,2021-12,21
4180,4892,2021-12,91
4181,4893,2021-12,59
4182,4894,2021-12,59
4183,4895,2021-12,59
4184,4896,2021-12,34
4185,4897,2021-12,"91, 77"
4186,4898,2021-12,77
4187,4899,2021-12,15
4188,4900,2021-12,63
4189,4901,2021-12,75
4190,4902,2021-12,76
4191,4903,2021-12,63
4192,4904,2021-12,63
4193,4905,2021-12,63
4194,4906,2021-12,63
4195,4907,2021-12,63
4196,4908,2021-12,76
4197,4909,2021-12,75
4198,4910,2021-12,34
4199,4911,2021-12,34
4200,4912,2021-12,34
4201,4913,2021-12,59
4202,4914,2021-12,00
4203,4915,2021-12,34
4204,4916,2021-12,94
4205,4917,2021-12,94
4206,4918,2021-12,94
4207,4919,2021-12,94
4208,4920,2021-12,94
4209,4921,2021-12,94
4210,4922,2021-12,91
4211,4923,2021-12,34
4212,4924,2021-12,34
4213,4925,2021-12,34
