,territories,status
0,00,ADMIN_SOLIGUIDE
1,00,ADMIN_SOLIGUIDE
2,00,ADMIN_SOLIGUIDE
3,00,ADMIN_SOLIGUIDE
4,00,ADMIN_SOLIGUIDE
5,75,ADMIN_SOLIGUIDE
6,95,ADMIN_SOLIGUIDE
7,00,ADMIN_SOLIGUIDE
8,00,ADMIN_SOLIGUIDE
9,75,PRO
10,75,PRO
11,75,PRO
12,75,PRO
13,75,PRO
14,75,PRO
15,75,PRO
16,75,PRO
17,75,PRO
18,75,PRO
19,75,PRO
20,75,PRO
21,75,PRO
22,67,PRO
23,67,PRO
24,67,PRO
25,67,PRO
26,67,PRO
27,67,PRO
28,67,PRO
29,67,PRO
30,67,API_USER
31,67,PRO
32,67,PRO
33,67,PRO
34,67,PRO
35,67,PRO
36,67,PRO
37,67,PRO
38,67,PRO
39,00,ADMIN_SOLIGUIDE
40,67,PRO
41,67,PRO
42,67,PRO
43,92,PRO
44,75,PRO
45,75,PRO
46,75,PRO
47,75,PRO
48,75,PRO
49,75,PRO
50,92,PRO
51,75,PRO
52,33,PRO
53,75,PRO
54,75,PRO
55,92,PRO
56,75,PRO
57,92,PRO
58,75,PRO
59,75,PRO
60,75,PRO
61,75,PRO
62,78,PRO
63,75,PRO
64,75,PRO
65,75,PRO
66,92,PRO
67,92,PRO
68,75,PRO
69,78,PRO
70,75,PRO
71,00,PRO
72,92,PRO
73,78,PRO
74,75,PRO
75,92,PRO
76,75,PRO
77,75,PRO
78,78,PRO
79,00,PRO
80,78,PRO
81,33,PRO
82,75,PRO
83,75,PRO
84,75,PRO
85,75,PRO
86,75,PRO
87,78,PRO
88,75,PRO
89,44,PRO
90,44,PRO
91,75,PRO
92,75,PRO
93,78,PRO
94,92,PRO
95,33,PRO
96,75,PRO
97,33,PRO
98,33,PRO
99,00,PRO
100,44,PRO
101,93,PRO
102,93,PRO
103,94,PRO
104,44,PRO
105,44,PRO
106,94,PRO
107,75,PRO
108,93,PRO
109,44,PRO
110,93,PRO
111,94,PRO
112,44,PRO
113,44,PRO
114,44,PRO
115,93,PRO
116,94,PRO
117,93,PRO
118,33,PRO
119,78,PRO
120,75,PRO
121,94,PRO
122,44,PRO
123,94,PRO
124,44,PRO
125,44,PRO
126,33,PRO
127,33,PRO
128,44,PRO
129,33,PRO
130,75,PRO
131,33,PRO
132,78,PRO
133,75,PRO
134,94,PRO
135,93,PRO
136,93,PRO
137,93,PRO
138,93,PRO
139,33,PRO
140,75,PRO
141,75,PRO
142,93,PRO
143,75,PRO
144,00,PRO
145,78,PRO
146,78,PRO
147,33,PRO
148,75,PRO
149,67,PRO
150,94,PRO
151,67,PRO
152,67,PRO
153,75,PRO
154,67,PRO
155,67,PRO
156,75,PRO
157,78,PRO
158,75,PRO
159,75,PRO
160,94,PRO
161,44,PRO
162,75,PRO
163,44,PRO
164,75,PRO
165,75,PRO
166,67,PRO
167,67,PRO
168,44,PRO
169,44,PRO
170,33,PRO
171,94,PRO
172,33,PRO
173,33,PRO
174,92,PRO
175,44,PRO
176,75,PRO
177,67,PRO
178,75,PRO
179,75,PRO
180,33,PRO
181,33,PRO
182,75,PRO
183,78,PRO
184,00,PRO
185,78,PRO
186,44,PRO
187,44,PRO
188,33,PRO
189,44,PRO
190,44,PRO
191,33,PRO
192,93,PRO
193,67,PRO
194,75,PRO
195,94,PRO
196,33,PRO
197,75,PRO
198,75,PRO
199,93,PRO
200,75,API_USER
201,33,PRO
202,75,PRO
203,33,PRO
204,33,PRO
205,67,PRO
206,75,PRO
207,94,PRO
208,75,PRO
209,75,PRO
210,44,PRO
211,94,PRO
212,93,PRO
213,44,PRO
214,33,PRO
215,67,PRO
216,93,PRO
217,75,PRO
218,75,PRO
219,75,PRO
220,75,PRO
221,93,PRO
222,33,PRO
223,94,PRO
224,75,PRO
225,93,PRO
226,92,PRO
227,75,PRO
228,75,PRO
229,92,PRO
230,75,PRO
231,67,PRO
232,00,PRO
233,44,PRO
234,75,PRO
235,33,PRO
236,92,PRO
237,75,PRO
238,33,PRO
239,92,PRO
240,33,PRO
241,67,PRO
242,94,PRO
243,75,PRO
244,94,PRO
245,75,PRO
246,33,PRO
247,75,PRO
248,44,PRO
249,93,PRO
250,67,PRO
251,67,PRO
252,67,PRO
253,75,PRO
254,33,PRO
255,78,PRO
256,33,PRO
257,75,PRO
258,75,PRO
259,75,PRO
260,75,PRO
261,75,PRO
262,67,PRO
263,75,PRO
264,33,PRO
265,75,PRO
266,75,PRO
267,75,PRO
268,75,PRO
269,75,PRO
270,33,PRO
271,75,PRO
272,33,PRO
273,75,PRO
274,75,PRO
275,33,PRO
276,75,PRO
277,33,PRO
278,44,PRO
279,93,PRO
280,92,PRO
281,75,PRO
282,92,PRO
283,92,PRO
284,78,PRO
285,93,PRO
286,92,PRO
287,93,PRO
288,93,PRO
289,94,PRO
290,92,PRO
291,93,PRO
292,75,PRO
293,92,PRO
294,94,PRO
295,75,PRO
296,33,PRO
297,00,PRO
298,67,PRO
299,93,PRO
300,94,PRO
301,94,PRO
302,33,PRO
303,93,PRO
304,75,PRO
305,78,PRO
306,78,PRO
307,78,PRO
308,78,PRO
309,33,PRO
310,93,PRO
311,75,PRO
312,94,PRO
313,67,PRO
314,78,PRO
315,00,PRO
316,33,PRO
317,92,PRO
318,67,PRO
319,93,PRO
320,93,PRO
321,78,PRO
322,00,PRO
323,75,PRO
324,75,PRO
325,93,PRO
326,75,PRO
327,94,PRO
328,78,PRO
329,93,PRO
330,93,PRO
331,75,PRO
332,78,PRO
333,75,PRO
334,92,PRO
335,"94,78",PRO
336,93,PRO
337,94,PRO
338,94,PRO
339,33,PRO
340,94,PRO
341,94,PRO
342,00,PRO
343,75,PRO
344,33,PRO
345,75,PRO
346,75,PRO
347,67,PRO
348,93,PRO
349,78,PRO
350,93,PRO
351,75,PRO
352,00,PRO
353,75,PRO
354,33,PRO
355,92,PRO
356,67,PRO
357,75,PRO
358,33,PRO
359,93,PRO
360,75,PRO
361,67,PRO
362,94,PRO
363,94,PRO
364,75,PRO
365,75,PRO
366,94,PRO
367,94,PRO
368,33,PRO
369,33,PRO
370,94,PRO
371,93,PRO
372,00,PRO
373,75,PRO
374,75,PRO
375,78,PRO
376,93,PRO
377,75,PRO
378,93,PRO
379,33,PRO
380,93,PRO
381,93,PRO
382,67,PRO
383,67,PRO
384,67,PRO
385,93,PRO
386,33,PRO
387,75,PRO
388,93,PRO
389,78,PRO
390,67,PRO
391,78,PRO
392,33,PRO
393,00,PRO
394,78,PRO
395,94,PRO
396,92,PRO
397,94,PRO
398,92,PRO
399,94,PRO
400,93,PRO
401,92,PRO
402,78,PRO
403,67,PRO
404,67,PRO
405,75,PRO
406,93,PRO
407,78,PRO
408,78,PRO
409,75,PRO
410,78,PRO
411,92,PRO
412,33,PRO
413,93,PRO
414,33,PRO
415,33,PRO
416,75,PRO
417,75,PRO
418,78,PRO
419,78,PRO
420,92,PRO
421,93,PRO
422,33,PRO
423,33,PRO
424,75,PRO
425,75,PRO
426,33,PRO
427,75,PRO
428,92,PRO
429,92,PRO
430,44,PRO
431,67,PRO
432,33,PRO
433,33,PRO
434,75,PRO
435,92,PRO
436,33,PRO
437,33,PRO
438,33,PRO
439,78,PRO
440,78,PRO
441,75,PRO
442,78,PRO
443,78,PRO
444,78,PRO
445,78,PRO
446,92,PRO
447,44,PRO
448,"78,94",PRO
449,69,PRO
450,44,PRO
451,33,PRO
452,75,PRO
453,33,PRO
454,78,PRO
455,93,PRO
456,93,PRO
457,93,PRO
458,94,PRO
459,75,PRO
460,75,PRO
461,92,PRO
462,33,PRO
463,67,PRO
464,92,PRO
465,33,PRO
466,75,PRO
467,67,PRO
468,00,PRO
469,75,PRO
470,75,PRO
471,92,PRO
472,92,PRO
473,78,PRO
474,92,PRO
475,44,PRO
476,75,PRO
477,33,PRO
478,44,PRO
479,75,PRO
480,75,PRO
481,78,PRO
482,44,PRO
483,67,PRO
484,67,PRO
485,75,PRO
486,75,PRO
487,59,PRO
488,00,ADMIN_SOLIGUIDE
489,33,ADMIN_SOLIGUIDE
490,34,ADMIN_SOLIGUIDE
491,78,ADMIN_SOLIGUIDE
492,94,ADMIN_SOLIGUIDE
493,67,PRO
494,92,PRO
495,33,PRO
496,33,PRO
497,92,PRO
498,92,PRO
499,78,PRO
500,92,PRO
501,92,PRO
502,93,PRO
503,75,PRO
504,92,PRO
505,75,PRO
506,75,API_USER
507,78,PRO
508,33,PRO
509,92,PRO
510,75,PRO
511,75,PRO
512,95,PRO
513,75,PRO
514,75,PRO
515,75,PRO
516,67,PRO
517,67,PRO
518,93,PRO
519,92,PRO
520,93,PRO
521,67,PRO
522,67,PRO
523,67,PRO
524,67,PRO
525,75,PRO
526,94,PRO
527,94,PRO
528,75,PRO
529,92,PRO
530,75,PRO
531,44,PRO
532,75,PRO
533,33,PRO
534,33,PRO
535,92,PRO
536,94,PRO
537,44,PRO
538,93,PRO
539,92,PRO
540,75,PRO
541,67,PRO
542,06,PRO
543,93,PRO
544,92,PRO
545,67,PRO
546,67,PRO
547,92,PRO
548,33,PRO
549,95,PRO
550,92,PRO
551,67,PRO
552,33,PRO
553,75,PRO
554,92,PRO
555,92,PRO
556,92,PRO
557,92,PRO
558,92,PRO
559,92,PRO
560,95,PRO
561,94,PRO
562,95,PRO
563,33,PRO
564,95,PRO
565,95,PRO
566,95,PRO
567,67,PRO
568,92,PRO
569,75,PRO
570,95,PRO
571,92,PRO
572,06,PRO
573,75,PRO
574,75,PRO
575,75,PRO
576,75,PRO
577,94,PRO
578,75,PRO
579,92,PRO
580,75,PRO
581,75,PRO
582,75,PRO
583,75,API_USER
584,75,PRO
585,78,PRO
586,78,PRO
587,93,PRO
588,75,PRO
589,92,PRO
590,67,PRO
591,33,PRO
592,92,PRO
593,67,PRO
594,67,PRO
595,93,PRO
596,93,PRO
597,92,PRO
598,67,PRO
599,78,PRO
600,94,PRO
601,78,PRO
602,00,PRO
603,78,PRO
604,95,PRO
605,44,PRO
606,33,PRO
607,92,PRO
608,94,PRO
609,78,PRO
610,93,PRO
611,94,PRO
612,78,PRO
613,94,PRO
614,67,PRO
615,93,PRO
616,78,PRO
617,75,PRO
618,93,PRO
619,95,PRO
620,75,PRO
621,67,ADMIN_SOLIGUIDE
622,93,PRO
623,75,PRO
624,93,PRO
625,92,PRO
626,33,PRO
627,44,PRO
628,44,PRO
629,93,PRO
630,92,PRO
631,33,ADMIN_SOLIGUIDE
632,13,ADMIN_SOLIGUIDE
633,92,PRO
634,78,PRO
635,78,PRO
636,78,PRO
637,95,PRO
638,94,PRO
639,95,PRO
640,95,PRO
641,95,PRO
642,67,PRO
643,78,PRO
644,75,PRO
645,78,PRO
646,78,PRO
647,95,PRO
648,75,PRO
649,94,PRO
650,94,PRO
651,91,ADMIN_SOLIGUIDE
652,75,PRO
653,93,PRO
654,92,PRO
655,67,PRO
656,75,PRO
657,75,PRO
658,67,PRO
659,94,PRO
660,78,PRO
661,93,PRO
662,92,PRO
663,92,PRO
664,33,PRO
665,75,PRO
666,44,PRO
667,92,PRO
668,13,PRO
669,94,PRO
670,94,PRO
671,94,PRO
672,94,PRO
673,93,PRO
674,75,PRO
675,75,PRO
676,75,PRO
677,92,PRO
678,75,PRO
679,94,PRO
680,94,PRO
681,94,PRO
682,94,PRO
683,94,PRO
684,75,PRO
685,92,PRO
686,75,PRO
687,78,PRO
688,06,PRO
689,75,PRO
690,78,PRO
691,93,PRO
692,78,PRO
693,94,PRO
694,78,PRO
695,75,PRO
696,92,PRO
697,93,PRO
698,92,PRO
699,78,PRO
700,78,PRO
701,78,PRO
702,92,PRO
703,94,PRO
704,93,PRO
705,94,PRO
706,44,PRO
707,94,PRO
708,78,PRO
709,75,PRO
710,78,PRO
711,92,PRO
712,78,PRO
713,92,PRO
714,75,PRO
715,33,PRO
716,33,PRO
717,94,PRO
718,94,PRO
719,93,PRO
720,75,PRO
721,92,PRO
722,92,PRO
723,75,PRO
724,75,PRO
725,93,PRO
726,75,PRO
727,92,PRO
728,75,PRO
729,75,PRO
730,75,PRO
731,92,PRO
732,92,PRO
733,93,PRO
734,92,PRO
735,75,PRO
736,93,PRO
737,78,API_USER
738,93,PRO
739,94,PRO
740,75,PRO
741,44,PRO
742,93,PRO
743,78,PRO
744,75,PRO
745,93,PRO
746,75,PRO
747,75,PRO
748,93,PRO
749,75,PRO
750,75,PRO
751,92,PRO
752,93,PRO
753,92,PRO
754,44,PRO
755,00,API_USER
756,75,PRO
757,78,PRO
758,78,PRO
759,75,PRO
760,75,PRO
761,93,PRO
762,92,PRO
763,44,PRO
764,44,PRO
765,44,PRO
766,44,PRO
767,44,PRO
768,44,PRO
769,78,PRO
770,93,PRO
771,93,PRO
772,44,PRO
773,75,PRO
774,67,PRO
775,92,PRO
776,44,PRO
777,33,PRO
778,44,PRO
779,33,PRO
780,44,PRO
781,77,ADMIN_SOLIGUIDE
782,44,PRO
783,94,PRO
784,44,PRO
785,75,PRO
786,94,PRO
787,93,PRO
788,78,PRO
789,44,PRO
790,00,PRO
791,93,PRO
792,33,PRO
793,67,PRO
794,33,PRO
795,94,PRO
796,67,PRO
797,67,PRO
798,67,PRO
799,92,PRO
800,33,PRO
801,33,PRO
802,44,PRO
803,33,PRO
804,33,PRO
805,06,PRO
806,33,PRO
807,94,PRO
808,93,PRO
809,77,PRO
810,95,PRO
811,33,PRO
812,44,PRO
813,44,PRO
814,95,PRO
815,78,PRO
816,33,PRO
817,67,PRO
818,44,PRO
819,75,PRO
820,77,PRO
821,94,PRO
822,33,PRO
823,44,PRO
824,95,PRO
825,75,PRO
826,"44,06",PRO
827,95,PRO
828,67,PRO
829,67,PRO
830,95,PRO
831,95,PRO
832,44,PRO
833,93,PRO
834,78,PRO
835,33,PRO
836,78,PRO
837,92,PRO
838,93,PRO
839,67,PRO
840,36,PRO
841,93,PRO
842,78,PRO
843,36,PRO
844,06,PRO
845,44,PRO
846,92,PRO
847,92,PRO
848,06,PRO
849,33,PRO
850,78,PRO
851,92,PRO
852,93,PRO
853,44,PRO
854,92,PRO
855,44,PRO
856,78,PRO
857,78,PRO
858,93,PRO
859,33,PRO
860,94,PRO
861,33,PRO
862,92,PRO
863,33,PRO
864,93,PRO
865,93,PRO
866,44,ADMIN_SOLIGUIDE
867,75,PRO
868,78,PRO
869,67,PRO
870,75,PRO
871,94,PRO
872,93,PRO
873,67,PRO
874,94,PRO
875,67,PRO
876,67,PRO
877,33,PRO
878,67,PRO
879,33,PRO
880,93,PRO
881,33,PRO
882,75,PRO
883,94,PRO
884,33,PRO
885,33,PRO
886,00,PRO
887,78,PRO
888,33,PRO
889,92,PRO
890,93,PRO
891,94,PRO
892,93,PRO
893,92,ADMIN_SOLIGUIDE
894,93,PRO
895,33,PRO
896,75,PRO
897,93,PRO
898,44,PRO
899,75,PRO
900,33,PRO
901,91,PRO
902,33,PRO
903,33,PRO
904,94,PRO
905,94,PRO
906,75,PRO
907,67,PRO
908,67,PRO
909,91,PRO
910,77,PRO
911,95,PRO
912,33,PRO
913,95,PRO
914,06,PRO
915,06,PRO
916,33,PRO
917,75,PRO
918,67,PRO
919,67,PRO
920,94,PRO
921,33,PRO
922,33,PRO
923,95,PRO
924,67,PRO
925,33,PRO
926,77,PRO
927,67,PRO
928,94,PRO
929,33,PRO
930,33,PRO
931,67,PRO
932,75,PRO
933,33,PRO
934,75,PRO
935,78,PRO
936,33,PRO
937,93,PRO
938,67,PRO
939,93,PRO
940,78,PRO
941,92,PRO
942,75,PRO
943,75,PRO
944,75,PRO
945,33,PRO
946,77,PRO
947,75,PRO
948,59,PRO
949,59,PRO
950,75,PRO
951,95,PRO
952,75,PRO
953,06,PRO
954,67,PRO
955,75,PRO
956,78,PRO
957,94,PRO
958,06,PRO
959,33,PRO
960,78,PRO
961,06,PRO
962,77,PRO
963,77,PRO
964,94,PRO
965,"59,06,33",PRO
966,94,PRO
967,06,PRO
968,95,PRO
969,75,PRO
970,95,PRO
971,75,PRO
972,06,PRO
973,92,PRO
974,06,PRO
975,92,PRO
976,92,PRO
977,92,PRO
978,92,PRO
979,92,PRO
980,67,PRO
981,75,PRO
982,94,PRO
983,78,PRO
984,92,PRO
985,78,PRO
986,93,PRO
987,94,PRO
988,78,PRO
989,78,PRO
990,44,PRO
991,94,PRO
992,44,PRO
993,94,PRO
994,92,PRO
995,33,PRO
996,06,PRO
997,44,PRO
998,75,PRO
999,44,PRO
1000,94,PRO
1001,94,PRO
1002,33,PRO
1003,75,PRO
1004,94,PRO
1005,78,PRO
1006,33,PRO
1007,92,PRO
1008,94,PRO
1009,93,PRO
1010,75,PRO
1011,78,PRO
1012,75,PRO
1013,75,PRO
1014,75,PRO
1015,93,PRO
1016,75,PRO
1017,78,PRO
1018,78,PRO
1019,94,PRO
1020,33,PRO
1021,78,PRO
1022,77,PRO
1023,77,PRO
1024,95,PRO
1025,75,PRO
1026,93,PRO
1027,44,PRO
1028,77,PRO
1029,75,PRO
1030,92,PRO
1031,67,PRO
1032,94,PRO
1033,75,PRO
1034,75,PRO
1035,93,PRO
1036,44,PRO
1037,94,PRO
1038,06,PRO
1039,92,PRO
1040,92,PRO
1041,94,PRO
1042,93,PRO
1043,92,PRO
1044,75,PRO
1045,44,PRO
1046,78,PRO
1047,33,PRO
1048,33,PRO
1049,67,PRO
1050,77,PRO
1051,95,PRO
1052,95,PRO
1053,75,PRO
1054,67,PRO
1055,77,PRO
1056,33,PRO
1057,75,PRO
1058,94,PRO
1059,78,PRO
1060,44,PRO
1061,77,PRO
1062,94,PRO
1063,95,PRO
1064,93,PRO
1065,75,PRO
1066,92,PRO
1067,92,PRO
1068,75,PRO
1069,78,PRO
1070,75,PRO
1071,93,PRO
1072,91,PRO
1073,92,PRO
1074,77,PRO
1075,91,PRO
1076,33,ADMIN_SOLIGUIDE
1077,77,PRO
1078,94,PRO
1079,94,PRO
1080,77,PRO
1081,33,PRO
1082,44,PRO
1083,"94,78",PRO
1084,06,PRO
1085,92,PRO
1086,75,PRO
1087,06,PRO
1088,77,PRO
1089,77,PRO
1090,33,PRO
1091,77,PRO
1092,92,PRO
1093,75,PRO
1094,94,PRO
1095,44,PRO
1096,77,PRO
1097,33,PRO
1098,75,PRO
1099,67,PRO
1100,75,PRO
1101,95,PRO
1102,92,PRO
1103,06,PRO
1104,33,PRO
1105,94,PRO
1106,95,PRO
1107,06,PRO
1108,91,PRO
1109,77,PRO
1110,06,PRO
1111,91,PRO
1112,94,PRO
1113,94,PRO
1114,93,PRO
1115,44,PRO
1116,91,PRO
1117,77,PRO
1118,33,PRO
1119,67,PRO
1120,94,PRO
1121,44,PRO
1122,94,PRO
1123,06,PRO
1124,67,PRO
1125,94,PRO
1126,44,PRO
1127,06,PRO
1128,44,PRO
1129,33,PRO
1130,93,ADMIN_SOLIGUIDE
1131,92,PRO
1132,91,PRO
1133,94,PRO
1134,67,PRO
1135,77,PRO
1136,77,PRO
1137,33,PRO
1138,93,PRO
1139,75,PRO
1140,92,PRO
1141,75,PRO
1142,92,PRO
1143,92,PRO
1144,94,PRO
1145,33,PRO
1146,67,PRO
1147,75,PRO
1148,67,PRO
1149,78,PRO
1150,75,PRO
1151,75,PRO
1152,75,PRO
1153,92,PRO
1154,78,PRO
1155,78,PRO
1156,33,PRO
1157,93,PRO
1158,44,PRO
1159,94,PRO
1160,75,PRO
1161,44,PRO
1162,44,PRO
1163,77,PRO
1164,75,PRO
1165,44,PRO
1166,93,PRO
1167,92,PRO
1168,93,PRO
1169,33,PRO
1170,93,PRO
1171,44,PRO
1172,92,PRO
1173,78,PRO
1174,93,PRO
1175,93,PRO
1176,33,PRO
1177,75,PRO
1178,75,PRO
1179,93,PRO
1180,33,PRO
1181,94,PRO
1182,78,PRO
1183,44,PRO
1184,94,PRO
1185,93,PRO
1186,92,PRO
1187,77,PRO
1188,75,PRO
1189,92,PRO
1190,75,PRO
1191,75,PRO
1192,94,PRO
1193,75,PRO
1194,92,PRO
1195,94,PRO
1196,92,PRO
1197,44,PRO
1198,44,PRO
1199,44,PRO
1200,94,PRO
1201,75,PRO
1202,33,PRO
1203,95,ADMIN_SOLIGUIDE
1204,94,PRO
1205,93,PRO
1206,92,PRO
1207,94,PRO
1208,92,PRO
1209,75,PRO
1210,75,PRO
1211,78,PRO
1212,94,PRO
1213,33,PRO
1214,59,PRO
1215,75,PRO
1216,33,PRO
1217,92,PRO
1218,78,PRO
1219,75,PRO
1220,33,PRO
1221,33,PRO
1222,75,PRO
1223,94,PRO
1224,44,PRO
1225,92,PRO
1226,91,PRO
1227,75,PRO
1228,33,ADMIN_SOLIGUIDE
1229,94,PRO
1230,44,PRO
1231,93,PRO
1232,33,PRO
1233,92,PRO
1234,93,PRO
1235,44,PRO
1236,92,PRO
1237,33,PRO
1238,92,PRO
1239,94,PRO
1240,92,PRO
1241,33,PRO
1242,94,PRO
1243,33,PRO
1244,93,PRO
1245,92,PRO
1246,94,PRO
1247,94,PRO
1248,93,PRO
1249,75,PRO
1250,91,PRO
1251,44,PRO
1252,44,PRO
1253,77,PRO
1254,78,PRO
1255,77,PRO
1256,75,PRO
1257,94,PRO
1258,95,PRO
1259,92,PRO
1260,91,PRO
1261,91,PRO
1262,95,PRO
1263,75,PRO
1264,67,PRO
1265,95,PRO
1266,95,PRO
1267,33,PRO
1268,75,PRO
1269,33,PRO
1270,33,PRO
1271,95,PRO
1272,33,PRO
1273,75,PRO
1274,94,PRO
1275,95,PRO
1276,93,PRO
1277,94,PRO
1278,75,ADMIN_SOLIGUIDE
1279,77,PRO
1280,95,PRO
1281,06,PRO
1282,77,PRO
1283,95,PRO
1284,94,PRO
1285,95,PRO
1286,95,PRO
1287,06,PRO
1288,75,PRO
1289,75,PRO
1290,06,PRO
1291,92,PRO
1292,75,PRO
1293,77,PRO
1294,77,PRO
1295,77,PRO
1296,94,PRO
1297,92,PRO
1298,75,PRO
1299,92,PRO
1300,33,PRO
1301,78,PRO
1302,77,PRO
1303,77,PRO
1304,77,PRO
1305,77,PRO
1306,77,PRO
1307,95,PRO
1308,77,PRO
1309,33,PRO
1310,77,PRO
1311,06,PRO
1312,75,PRO
1313,91,PRO
1314,06,PRO
1315,78,PRO
1316,93,PRO
1317,33,PRO
1318,93,PRO
1319,94,PRO
1320,75,PRO
1321,77,PRO
1322,06,PRO
1323,93,PRO
1324,77,PRO
1325,95,PRO
1326,95,PRO
1327,77,PRO
1328,77,PRO
1329,75,PRO
1330,77,PRO
1331,33,PRO
1332,06,PRO
1333,77,PRO
1334,06,PRO
1335,78,PRO
1336,06,PRO
1337,13,ADMIN_SOLIGUIDE
1338,"07,26",ADMIN_SOLIGUIDE
1339,"15,63",ADMIN_SOLIGUIDE
1340,44,PRO
1341,06,PRO
1342,06,PRO
1343,78,PRO
1344,77,PRO
1345,77,PRO
1346,75,PRO
1347,78,PRO
1348,77,PRO
1349,33,PRO
1350,77,PRO
1351,91,PRO
1352,33,PRO
1353,94,PRO
1354,77,PRO
1355,06,PRO
1356,33,PRO
1357,77,PRO
1358,77,PRO
1359,91,PRO
1360,06,PRO
1361,77,PRO
1362,06,PRO
1363,33,PRO
1364,06,PRO
1365,91,PRO
1366,94,PRO
1367,78,PRO
1368,77,PRO
1369,75,PRO
1370,92,PRO
1371,75,PRO
1372,92,PRO
1373,92,PRO
1374,78,PRO
1375,78,PRO
1376,78,PRO
1377,92,PRO
1378,75,PRO
1379,06,PRO
1380,77,PRO
1381,06,PRO
1382,33,PRO
1383,91,PRO
1384,94,PRO
1385,00,API_USER
1386,33,PRO
1387,77,PRO
1388,95,PRO
1389,06,PRO
1390,94,PRO
1391,"95,78",PRO
1392,77,PRO
1393,06,ADMIN_SOLIGUIDE
1394,93,PRO
1395,92,PRO
1396,13,ADMIN_SOLIGUIDE
1397,94,PRO
1398,78,PRO
1399,95,PRO
1400,13,PRO
1401,75,PRO
1402,75,PRO
1403,75,PRO
1404,75,PRO
1405,75,PRO
1406,67,PRO
1407,67,PRO
1408,67,PRO
1409,67,PRO
1410,67,PRO
1411,67,PRO
1412,67,PRO
1413,67,PRO
1414,67,PRO
1415,67,PRO
1416,67,PRO
1417,67,PRO
1418,67,PRO
1419,67,PRO
1420,67,PRO
1421,67,PRO
1422,67,PRO
1423,67,PRO
1424,67,PRO
1425,67,PRO
1426,67,PRO
1427,67,PRO
1428,67,PRO
1429,67,PRO
1430,67,PRO
1431,33,PRO
1432,33,PRO
1433,92,PRO
1434,92,PRO
1435,92,PRO
1436,92,PRO
1437,92,PRO
1438,92,PRO
1439,92,PRO
1440,92,PRO
1441,92,PRO
1442,92,PRO
1443,92,PRO
1444,92,PRO
1445,92,PRO
1446,92,PRO
1447,92,PRO
1448,92,PRO
1449,92,PRO
1450,92,PRO
1451,92,PRO
1452,92,PRO
1453,92,PRO
1454,92,PRO
1455,92,PRO
1456,92,PRO
1457,92,PRO
1458,92,PRO
1459,92,PRO
1460,92,PRO
1461,92,PRO
1462,92,PRO
1463,92,PRO
1464,92,PRO
1465,92,PRO
1466,92,PRO
1467,92,PRO
1468,92,PRO
1469,92,PRO
1470,92,PRO
1471,92,PRO
1472,92,PRO
1473,92,PRO
1474,92,PRO
1475,92,PRO
1476,92,PRO
1477,92,PRO
1478,92,PRO
1479,92,PRO
1480,92,PRO
1481,92,PRO
1482,92,PRO
1483,92,PRO
1484,92,PRO
1485,92,PRO
1486,92,PRO
1487,92,PRO
1488,92,PRO
1489,92,PRO
1490,92,PRO
1491,92,PRO
1492,92,PRO
1493,92,PRO
1494,92,PRO
1495,92,PRO
1496,92,PRO
1497,92,PRO
1498,92,PRO
1499,92,PRO
1500,92,PRO
1501,92,PRO
1502,92,PRO
1503,92,PRO
1504,92,PRO
1505,92,PRO
1506,92,PRO
1507,92,PRO
1508,92,PRO
1509,92,PRO
1510,92,PRO
1511,92,PRO
1512,92,PRO
1513,92,PRO
1514,92,PRO
1515,92,PRO
1516,92,PRO
1517,92,PRO
1518,92,PRO
1519,92,PRO
1520,92,PRO
1521,92,PRO
1522,92,PRO
1523,92,PRO
1524,92,PRO
1525,92,PRO
1526,92,PRO
1527,92,PRO
1528,92,PRO
1529,92,PRO
1530,92,PRO
1531,92,PRO
1532,92,PRO
1533,92,PRO
1534,92,PRO
1535,92,PRO
1536,92,PRO
1537,92,PRO
1538,92,PRO
1539,92,PRO
1540,92,PRO
1541,92,PRO
1542,92,PRO
1543,92,PRO
1544,92,PRO
1545,92,PRO
1546,92,PRO
1547,92,PRO
1548,92,PRO
1549,92,PRO
1550,92,PRO
1551,92,PRO
1552,92,PRO
1553,92,PRO
1554,92,PRO
1555,92,PRO
1556,92,PRO
1557,92,PRO
1558,92,PRO
1559,92,PRO
1560,92,PRO
1561,92,PRO
1562,92,PRO
1563,92,PRO
1564,92,PRO
1565,92,PRO
1566,92,PRO
1567,92,PRO
1568,92,PRO
1569,92,PRO
1570,92,PRO
1571,92,PRO
1572,92,PRO
1573,92,PRO
1574,92,PRO
1575,92,PRO
1576,92,PRO
1577,92,PRO
1578,92,PRO
1579,92,PRO
1580,92,PRO
1581,92,PRO
1582,92,PRO
1583,92,PRO
1584,92,PRO
1585,92,PRO
1586,92,PRO
1587,92,PRO
1588,92,PRO
1589,92,PRO
1590,92,PRO
1591,92,PRO
1592,92,PRO
1593,92,PRO
1594,92,PRO
1595,92,PRO
1596,92,PRO
1597,92,PRO
1598,92,PRO
1599,92,PRO
1600,92,PRO
1601,92,PRO
1602,92,PRO
1603,92,PRO
1604,92,PRO
1605,92,PRO
1606,92,PRO
1607,92,PRO
1608,92,PRO
1609,92,PRO
1610,92,PRO
1611,92,PRO
1612,92,PRO
1613,92,PRO
1614,92,PRO
1615,92,PRO
1616,92,PRO
1617,92,PRO
1618,92,PRO
1619,92,PRO
1620,92,PRO
1621,92,PRO
1622,92,PRO
1623,92,PRO
1624,92,PRO
1625,92,PRO
1626,92,PRO
1627,92,PRO
1628,92,PRO
1629,92,PRO
1630,92,PRO
1631,92,PRO
1632,92,PRO
1633,92,PRO
1634,92,PRO
1635,92,PRO
1636,92,PRO
1637,92,PRO
1638,92,PRO
1639,92,PRO
1640,92,PRO
1641,92,PRO
1642,92,PRO
1643,92,PRO
1644,92,PRO
1645,"92,94",PRO
1646,92,PRO
1647,75,PRO
1648,75,PRO
1649,75,PRO
1650,75,PRO
1651,75,PRO
1652,75,PRO
1653,75,PRO
1654,75,PRO
1655,75,PRO
1656,75,PRO
1657,75,PRO
1658,75,PRO
1659,75,PRO
1660,75,PRO
1661,75,PRO
1662,75,PRO
1663,75,PRO
1664,75,PRO
1665,75,PRO
1666,75,PRO
1667,75,PRO
1668,75,PRO
1669,75,PRO
1670,75,PRO
1671,75,PRO
1672,75,PRO
1673,75,PRO
1674,75,PRO
1675,75,PRO
1676,75,PRO
1677,75,PRO
1678,75,PRO
1679,75,PRO
1680,75,PRO
1681,75,PRO
1682,75,PRO
1683,75,PRO
1684,75,PRO
1685,75,PRO
1686,75,PRO
1687,75,PRO
1688,75,PRO
1689,75,PRO
1690,75,PRO
1691,75,PRO
1692,75,PRO
1693,75,PRO
1694,75,PRO
1695,75,PRO
1696,75,PRO
1697,75,PRO
1698,75,PRO
1699,75,PRO
1700,75,PRO
1701,75,PRO
1702,33,PRO
1703,33,PRO
1704,33,PRO
1705,33,PRO
1706,33,PRO
1707,75,PRO
1708,75,PRO
1709,33,PRO
1710,75,PRO
1711,75,PRO
1712,33,PRO
1713,75,PRO
1714,33,PRO
1715,75,PRO
1716,33,PRO
1717,75,PRO
1718,33,PRO
1719,75,PRO
1720,33,PRO
1721,33,PRO
1722,33,PRO
1723,75,PRO
1724,33,PRO
1725,75,PRO
1726,75,PRO
1727,33,PRO
1728,75,PRO
1729,75,PRO
1730,33,PRO
1731,75,PRO
1732,33,PRO
1733,33,PRO
1734,75,PRO
1735,75,PRO
1736,33,PRO
1737,75,PRO
1738,75,PRO
1739,33,PRO
1740,75,PRO
1741,33,PRO
1742,75,PRO
1743,33,PRO
1744,75,PRO
1745,75,PRO
1746,75,PRO
1747,33,PRO
1748,75,PRO
1749,75,PRO
1750,33,PRO
1751,75,PRO
1752,33,PRO
1753,75,PRO
1754,33,PRO
1755,75,PRO
1756,75,PRO
1757,75,PRO
1758,75,PRO
1759,75,PRO
1760,75,PRO
1761,75,PRO
1762,75,PRO
1763,75,PRO
1764,75,PRO
1765,75,PRO
1766,75,PRO
1767,75,PRO
1768,75,PRO
1769,75,PRO
1770,75,PRO
1771,75,PRO
1772,75,PRO
1773,75,PRO
1774,75,PRO
1775,75,PRO
1776,75,PRO
1777,75,PRO
1778,75,PRO
1779,75,PRO
1780,75,PRO
1781,75,PRO
1782,75,PRO
1783,75,PRO
1784,75,PRO
1785,75,PRO
1786,75,PRO
1787,75,PRO
1788,75,PRO
1789,75,PRO
1790,75,PRO
1791,75,PRO
1792,75,PRO
1793,75,PRO
1794,75,PRO
1795,75,PRO
1796,75,PRO
1797,75,PRO
1798,75,PRO
1799,75,PRO
1800,75,PRO
1801,75,PRO
1802,75,PRO
1803,75,PRO
1804,75,PRO
1805,75,PRO
1806,75,PRO
1807,75,PRO
1808,75,PRO
1809,75,PRO
1810,75,PRO
1811,75,PRO
1812,75,PRO
1813,75,PRO
1814,75,PRO
1815,75,PRO
1816,75,PRO
1817,75,PRO
1818,75,PRO
1819,75,PRO
1820,75,PRO
1821,75,PRO
1822,75,PRO
1823,75,PRO
1824,75,PRO
1825,75,PRO
1826,75,PRO
1827,75,PRO
1828,75,PRO
1829,75,PRO
1830,75,PRO
1831,75,PRO
1832,75,PRO
1833,75,PRO
1834,75,PRO
1835,75,PRO
1836,75,PRO
1837,75,PRO
1838,75,PRO
1839,75,PRO
1840,75,PRO
1841,75,PRO
1842,75,PRO
1843,75,PRO
1844,75,PRO
1845,75,PRO
1846,75,PRO
1847,75,PRO
1848,75,PRO
1849,75,PRO
1850,75,PRO
1851,75,PRO
1852,75,PRO
1853,75,PRO
1854,75,PRO
1855,75,PRO
1856,75,PRO
1857,75,PRO
1858,75,PRO
1859,75,PRO
1860,75,PRO
1861,75,PRO
1862,75,PRO
1863,75,PRO
1864,75,PRO
1865,75,PRO
1866,75,PRO
1867,75,PRO
1868,75,PRO
1869,75,PRO
1870,75,PRO
1871,75,PRO
1872,75,PRO
1873,75,PRO
1874,75,PRO
1875,75,PRO
1876,75,PRO
1877,75,PRO
1878,75,PRO
1879,75,PRO
1880,75,PRO
1881,75,PRO
1882,75,PRO
1883,75,PRO
1884,75,PRO
1885,75,PRO
1886,75,PRO
1887,75,PRO
1888,75,PRO
1889,75,PRO
1890,75,PRO
1891,75,PRO
1892,75,PRO
1893,75,PRO
1894,75,PRO
1895,75,PRO
1896,75,PRO
1897,75,PRO
1898,75,PRO
1899,75,PRO
1900,75,PRO
1901,75,PRO
1902,75,PRO
1903,75,PRO
1904,75,PRO
1905,75,PRO
1906,75,PRO
1907,75,PRO
1908,75,PRO
1909,75,PRO
1910,75,PRO
1911,75,PRO
1912,75,PRO
1913,75,PRO
1914,75,PRO
1915,75,PRO
1916,75,PRO
1917,75,PRO
1918,75,PRO
1919,75,PRO
1920,75,PRO
1921,75,PRO
1922,75,PRO
1923,75,PRO
1924,75,PRO
1925,75,PRO
1926,75,PRO
1927,75,PRO
1928,75,PRO
1929,75,PRO
1930,75,PRO
1931,75,PRO
1932,75,PRO
1933,75,PRO
1934,75,PRO
1935,75,PRO
1936,75,PRO
1937,75,PRO
1938,75,PRO
1939,75,PRO
1940,75,PRO
1941,75,PRO
1942,75,PRO
1943,75,PRO
1944,75,PRO
1945,75,PRO
1946,75,PRO
1947,75,PRO
1948,75,PRO
1949,75,PRO
1950,75,PRO
1951,75,PRO
1952,75,PRO
1953,75,PRO
1954,75,PRO
1955,75,PRO
1956,75,PRO
1957,75,PRO
1958,75,PRO
1959,75,PRO
1960,75,PRO
1961,75,PRO
1962,75,PRO
1963,75,PRO
1964,75,PRO
1965,75,PRO
1966,75,PRO
1967,75,PRO
1968,75,PRO
1969,75,PRO
1970,75,PRO
1971,75,PRO
1972,75,PRO
1973,75,PRO
1974,75,PRO
1975,75,PRO
1976,75,PRO
1977,75,PRO
1978,75,PRO
1979,75,PRO
1980,75,PRO
1981,75,PRO
1982,75,PRO
1983,75,PRO
1984,75,PRO
1985,75,PRO
1986,75,PRO
1987,75,PRO
1988,75,PRO
1989,75,PRO
1990,75,PRO
1991,75,PRO
1992,75,PRO
1993,75,PRO
1994,75,PRO
1995,75,PRO
1996,75,PRO
1997,75,PRO
1998,75,PRO
1999,75,PRO
2000,75,PRO
2001,75,PRO
2002,75,PRO
2003,75,PRO
2004,75,PRO
2005,75,PRO
2006,75,PRO
2007,75,PRO
2008,75,PRO
2009,75,PRO
2010,75,PRO
2011,75,PRO
2012,75,PRO
2013,75,PRO
2014,75,PRO
2015,75,PRO
2016,75,PRO
2017,75,PRO
2018,75,PRO
2019,75,PRO
2020,75,PRO
2021,75,PRO
2022,75,PRO
2023,75,PRO
2024,75,PRO
2025,75,PRO
2026,75,PRO
2027,75,PRO
2028,75,PRO
2029,78,PRO
2030,78,PRO
2031,78,PRO
2032,78,PRO
2033,78,PRO
2034,78,PRO
2035,78,PRO
2036,78,PRO
2037,78,PRO
2038,78,PRO
2039,78,PRO
2040,78,PRO
2041,78,PRO
2042,78,PRO
2043,78,PRO
2044,78,PRO
2045,78,PRO
2046,78,PRO
2047,78,PRO
2048,78,PRO
2049,78,PRO
2050,78,PRO
2051,78,PRO
2052,78,PRO
2053,78,PRO
2054,78,PRO
2055,78,PRO
2056,78,PRO
2057,78,PRO
2058,78,PRO
2059,78,PRO
2060,78,PRO
2061,78,PRO
2062,78,PRO
2063,78,PRO
2064,78,PRO
2065,78,PRO
2066,78,PRO
2067,78,PRO
2068,78,PRO
2069,78,PRO
2070,78,PRO
2071,78,PRO
2072,78,PRO
2073,78,PRO
2074,78,PRO
2075,78,PRO
2076,78,PRO
2077,78,PRO
2078,78,PRO
2079,78,PRO
2080,78,PRO
2081,78,PRO
2082,78,PRO
2083,78,PRO
2084,78,PRO
2085,78,PRO
2086,78,PRO
2087,78,PRO
2088,78,PRO
2089,78,PRO
2090,78,PRO
2091,78,PRO
2092,78,PRO
2093,78,PRO
2094,78,PRO
2095,78,PRO
2096,78,PRO
2097,78,PRO
2098,78,PRO
2099,78,PRO
2100,78,PRO
2101,78,PRO
2102,78,PRO
2103,78,PRO
2104,78,PRO
2105,78,PRO
2106,78,PRO
2107,78,PRO
2108,78,PRO
2109,78,PRO
2110,78,PRO
2111,78,PRO
2112,78,PRO
2113,78,PRO
2114,78,PRO
2115,78,PRO
2116,78,PRO
2117,78,PRO
2118,78,PRO
2119,78,PRO
2120,78,PRO
2121,78,PRO
2122,78,PRO
2123,78,PRO
2124,78,PRO
2125,78,PRO
2126,78,PRO
2127,78,PRO
2128,78,PRO
2129,78,PRO
2130,78,PRO
2131,78,PRO
2132,78,PRO
2133,78,PRO
2134,78,PRO
2135,78,PRO
2136,78,PRO
2137,78,PRO
2138,78,PRO
2139,78,PRO
2140,78,PRO
2141,78,PRO
2142,78,PRO
2143,78,PRO
2144,78,PRO
2145,78,PRO
2146,78,PRO
2147,78,PRO
2148,78,PRO
2149,78,PRO
2150,78,PRO
2151,78,PRO
2152,78,PRO
2153,78,PRO
2154,78,PRO
2155,78,PRO
2156,78,PRO
2157,78,PRO
2158,78,PRO
2159,78,PRO
2160,78,PRO
2161,78,PRO
2162,78,PRO
2163,78,PRO
2164,78,PRO
2165,78,PRO
2166,78,PRO
2167,78,PRO
2168,78,PRO
2169,78,PRO
2170,78,PRO
2171,78,PRO
2172,78,PRO
2173,78,PRO
2174,78,PRO
2175,78,PRO
2176,78,PRO
2177,78,PRO
2178,78,PRO
2179,78,PRO
2180,78,PRO
2181,78,PRO
2182,78,PRO
2183,78,PRO
2184,78,PRO
2185,78,PRO
2186,78,PRO
2187,78,PRO
2188,78,PRO
2189,78,PRO
2190,78,PRO
2191,78,PRO
2192,78,PRO
2193,78,PRO
2194,78,PRO
2195,78,PRO
2196,78,PRO
2197,78,PRO
2198,78,PRO
2199,78,PRO
2200,78,PRO
2201,78,PRO
2202,78,PRO
2203,78,PRO
2204,78,PRO
2205,78,PRO
2206,78,PRO
2207,78,PRO
2208,78,PRO
2209,78,PRO
2210,78,PRO
2211,78,PRO
2212,78,PRO
2213,78,PRO
2214,78,PRO
2215,78,PRO
2216,78,PRO
2217,78,PRO
2218,78,PRO
2219,78,PRO
2220,78,PRO
2221,78,PRO
2222,78,PRO
2223,78,PRO
2224,78,PRO
2225,78,PRO
2226,78,PRO
2227,78,PRO
2228,78,PRO
2229,78,PRO
2230,78,PRO
2231,78,PRO
2232,33,PRO
2233,33,PRO
2234,33,PRO
2235,33,PRO
2236,33,PRO
2237,33,PRO
2238,33,PRO
2239,33,PRO
2240,33,PRO
2241,33,PRO
2242,33,PRO
2243,33,PRO
2244,33,PRO
2245,33,PRO
2246,33,PRO
2247,33,PRO
2248,33,PRO
2249,33,PRO
2250,33,PRO
2251,33,PRO
2252,33,PRO
2253,33,PRO
2254,33,PRO
2255,33,PRO
2256,33,PRO
2257,33,PRO
2258,33,PRO
2259,33,PRO
2260,33,PRO
2261,33,PRO
2262,33,PRO
2263,33,PRO
2264,33,PRO
2265,33,PRO
2266,33,PRO
2267,33,PRO
2268,33,PRO
2269,33,PRO
2270,33,PRO
2271,33,PRO
2272,33,PRO
2273,33,PRO
2274,33,PRO
2275,33,PRO
2276,33,PRO
2277,33,PRO
2278,33,PRO
2279,33,PRO
2280,33,PRO
2281,33,PRO
2282,33,PRO
2283,33,PRO
2284,33,PRO
2285,33,PRO
2286,33,PRO
2287,33,PRO
2288,33,PRO
2289,33,PRO
2290,33,PRO
2291,33,PRO
2292,33,PRO
2293,33,PRO
2294,33,PRO
2295,33,PRO
2296,33,PRO
2297,33,PRO
2298,33,PRO
2299,33,PRO
2300,33,PRO
2301,33,PRO
2302,33,PRO
2303,33,PRO
2304,33,PRO
2305,33,PRO
2306,33,PRO
2307,33,PRO
2308,33,PRO
2309,33,PRO
2310,33,PRO
2311,33,PRO
2312,33,PRO
2313,33,PRO
2314,33,PRO
2315,75,PRO
2316,44,PRO
2317,44,PRO
2318,44,PRO
2319,44,PRO
2320,44,PRO
2321,44,PRO
2322,44,PRO
2323,44,PRO
2324,44,PRO
2325,44,PRO
2326,44,PRO
2327,44,PRO
2328,44,PRO
2329,44,PRO
2330,44,PRO
2331,44,PRO
2332,44,PRO
2333,44,PRO
2334,44,PRO
2335,44,PRO
2336,44,PRO
2337,44,PRO
2338,44,PRO
2339,44,PRO
2340,44,PRO
2341,33,PRO
2342,33,PRO
2343,44,PRO
2344,33,PRO
2345,33,PRO
2346,33,PRO
2347,33,PRO
2348,44,PRO
2349,33,PRO
2350,44,PRO
2351,33,PRO
2352,44,PRO
2353,33,PRO
2354,44,PRO
2355,33,PRO
2356,44,PRO
2357,44,PRO
2358,33,PRO
2359,33,PRO
2360,33,PRO
2361,33,PRO
2362,33,PRO
2363,44,PRO
2364,33,PRO
2365,44,PRO
2366,33,PRO
2367,33,PRO
2368,44,PRO
2369,33,PRO
2370,44,PRO
2371,33,PRO
2372,44,PRO
2373,44,PRO
2374,44,PRO
2375,44,PRO
2376,33,PRO
2377,44,PRO
2378,33,PRO
2379,44,PRO
2380,44,PRO
2381,44,PRO
2382,33,PRO
2383,44,PRO
2384,44,PRO
2385,33,PRO
2386,44,PRO
2387,33,PRO
2388,44,PRO
2389,33,PRO
2390,44,PRO
2391,33,PRO
2392,44,PRO
2393,33,PRO
2394,33,PRO
2395,33,PRO
2396,33,PRO
2397,44,PRO
2398,33,PRO
2399,33,PRO
2400,44,PRO
2401,33,PRO
2402,33,PRO
2403,33,PRO
2404,33,PRO
2405,33,PRO
2406,33,PRO
2407,44,PRO
2408,33,PRO
2409,33,PRO
2410,44,PRO
2411,33,PRO
2412,33,PRO
2413,33,PRO
2414,44,PRO
2415,44,PRO
2416,33,PRO
2417,44,PRO
2418,33,PRO
2419,33,PRO
2420,44,PRO
2421,33,PRO
2422,44,PRO
2423,33,PRO
2424,44,PRO
2425,44,PRO
2426,44,PRO
2427,44,PRO
2428,33,PRO
2429,44,PRO
2430,33,PRO
2431,33,PRO
2432,33,PRO
2433,44,PRO
2434,33,PRO
2435,44,PRO
2436,44,PRO
2437,33,PRO
2438,33,PRO
2439,44,PRO
2440,33,PRO
2441,33,PRO
2442,44,PRO
2443,33,PRO
2444,44,PRO
2445,33,PRO
2446,44,PRO
2447,33,PRO
2448,44,PRO
2449,44,PRO
2450,33,PRO
2451,44,PRO
2452,44,PRO
2453,44,PRO
2454,44,PRO
2455,33,PRO
2456,44,PRO
2457,44,PRO
2458,33,PRO
2459,44,PRO
2460,33,PRO
2461,44,PRO
2462,44,PRO
2463,33,PRO
2464,44,PRO
2465,33,PRO
2466,33,PRO
2467,44,PRO
2468,33,PRO
2469,44,PRO
2470,33,PRO
2471,44,PRO
2472,33,PRO
2473,33,PRO
2474,44,PRO
2475,44,PRO
2476,33,PRO
2477,44,PRO
2478,33,PRO
2479,33,PRO
2480,44,PRO
2481,44,PRO
2482,33,PRO
2483,44,PRO
2484,44,PRO
2485,44,PRO
2486,44,PRO
2487,44,PRO
2488,33,PRO
2489,33,PRO
2490,44,PRO
2491,33,PRO
2492,33,PRO
2493,44,PRO
2494,33,PRO
2495,44,PRO
2496,44,PRO
2497,33,PRO
2498,44,PRO
2499,33,PRO
2500,44,PRO
2501,44,PRO
2502,33,PRO
2503,44,PRO
2504,33,PRO
2505,44,PRO
2506,44,PRO
2507,44,PRO
2508,44,PRO
2509,33,PRO
2510,44,PRO
2511,33,PRO
2512,44,PRO
2513,33,PRO
2514,44,PRO
2515,33,PRO
2516,44,PRO
2517,44,PRO
2518,33,PRO
2519,44,PRO
2520,44,PRO
2521,44,PRO
2522,33,PRO
2523,44,PRO
2524,44,PRO
2525,33,PRO
2526,44,PRO
2527,33,PRO
2528,44,PRO
2529,33,PRO
2530,44,PRO
2531,44,PRO
2532,44,PRO
2533,44,PRO
2534,33,PRO
2535,44,PRO
2536,44,PRO
2537,44,PRO
2538,33,PRO
2539,44,PRO
2540,44,PRO
2541,33,PRO
2542,44,PRO
2543,44,PRO
2544,44,PRO
2545,44,PRO
2546,44,PRO
2547,44,PRO
2548,44,PRO
2549,44,PRO
2550,44,PRO
2551,44,PRO
2552,44,PRO
2553,44,PRO
2554,44,PRO
2555,44,PRO
2556,44,PRO
2557,44,PRO
2558,44,PRO
2559,44,PRO
2560,44,PRO
2561,44,PRO
2562,44,PRO
2563,44,PRO
2564,44,PRO
2565,44,PRO
2566,44,PRO
2567,44,PRO
2568,44,PRO
2569,44,PRO
2570,44,PRO
2571,44,PRO
2572,44,PRO
2573,44,PRO
2574,44,PRO
2575,44,PRO
2576,44,PRO
2577,44,PRO
2578,44,PRO
2579,44,PRO
2580,44,PRO
2581,44,PRO
2582,44,PRO
2583,44,PRO
2584,44,PRO
2585,44,PRO
2586,44,PRO
2587,44,PRO
2588,44,PRO
2589,44,PRO
2590,44,PRO
2591,44,PRO
2592,44,PRO
2593,44,PRO
2594,44,PRO
2595,44,PRO
2596,44,PRO
2597,44,PRO
2598,44,PRO
2599,44,PRO
2600,44,PRO
2601,44,PRO
2602,44,PRO
2603,44,PRO
2604,44,PRO
2605,44,PRO
2606,44,PRO
2607,44,PRO
2608,44,PRO
2609,44,PRO
2610,44,PRO
2611,44,PRO
2612,44,PRO
2613,44,PRO
2614,44,PRO
2615,44,PRO
2616,44,PRO
2617,44,PRO
2618,44,PRO
2619,44,PRO
2620,44,PRO
2621,44,PRO
2622,44,PRO
2623,44,PRO
2624,44,PRO
2625,44,PRO
2626,44,PRO
2627,44,PRO
2628,44,PRO
2629,44,PRO
2630,44,PRO
2631,44,PRO
2632,44,PRO
2633,44,PRO
2634,44,PRO
2635,44,PRO
2636,44,PRO
2637,44,PRO
2638,44,PRO
2639,44,PRO
2640,44,PRO
2641,44,PRO
2642,44,PRO
2643,44,PRO
2644,44,PRO
2645,44,PRO
2646,44,PRO
2647,44,PRO
2648,44,PRO
2649,44,PRO
2650,44,PRO
2651,44,PRO
2652,44,PRO
2653,44,PRO
2654,44,PRO
2655,44,PRO
2656,44,PRO
2657,44,PRO
2658,44,PRO
2659,44,PRO
2660,44,PRO
2661,44,PRO
2662,44,PRO
2663,44,PRO
2664,44,PRO
2665,44,PRO
2666,44,PRO
2667,44,PRO
2668,44,PRO
2669,44,PRO
2670,44,PRO
2671,44,PRO
2672,44,PRO
2673,44,PRO
2674,44,PRO
2675,44,PRO
2676,44,PRO
2677,44,PRO
2678,44,PRO
2679,44,PRO
2680,44,PRO
2681,44,PRO
2682,44,PRO
2683,44,PRO
2684,44,PRO
2685,44,PRO
2686,44,PRO
2687,44,PRO
2688,44,PRO
2689,44,PRO
2690,44,PRO
2691,44,PRO
2692,44,PRO
2693,44,PRO
2694,44,PRO
2695,44,PRO
2696,93,PRO
2697,93,PRO
2698,93,PRO
2699,93,PRO
2700,93,PRO
2701,93,PRO
2702,93,PRO
2703,93,PRO
2704,93,PRO
2705,93,PRO
2706,93,PRO
2707,93,PRO
2708,93,PRO
2709,93,PRO
2710,93,PRO
2711,93,PRO
2712,93,PRO
2713,93,PRO
2714,93,PRO
2715,93,PRO
2716,93,PRO
2717,93,PRO
2718,93,PRO
2719,93,PRO
2720,93,PRO
2721,93,PRO
2722,93,PRO
2723,93,PRO
2724,93,PRO
2725,93,PRO
2726,93,PRO
2727,93,PRO
2728,93,PRO
2729,93,PRO
2730,93,PRO
2731,93,PRO
2732,93,PRO
2733,93,PRO
2734,93,PRO
2735,93,PRO
2736,93,PRO
2737,93,PRO
2738,93,PRO
2739,93,PRO
2740,93,PRO
2741,93,PRO
2742,93,PRO
2743,93,PRO
2744,93,PRO
2745,93,PRO
2746,93,PRO
2747,93,PRO
2748,93,PRO
2749,93,PRO
2750,93,PRO
2751,93,PRO
2752,93,PRO
2753,93,PRO
2754,93,PRO
2755,93,PRO
2756,93,PRO
2757,93,PRO
2758,93,PRO
2759,93,PRO
2760,93,PRO
2761,93,PRO
2762,93,PRO
2763,93,PRO
2764,93,PRO
2765,93,PRO
2766,93,PRO
2767,93,PRO
2768,93,PRO
2769,93,PRO
2770,93,PRO
2771,93,PRO
2772,93,PRO
2773,93,PRO
2774,93,PRO
2775,93,PRO
2776,93,PRO
2777,93,PRO
2778,93,PRO
2779,93,PRO
2780,93,PRO
2781,93,PRO
2782,93,PRO
2783,93,PRO
2784,93,PRO
2785,93,PRO
2786,93,PRO
2787,93,PRO
2788,93,PRO
2789,93,PRO
2790,93,PRO
2791,93,PRO
2792,93,PRO
2793,93,PRO
2794,93,PRO
2795,93,PRO
2796,93,PRO
2797,93,PRO
2798,93,PRO
2799,93,PRO
2800,93,PRO
2801,93,PRO
2802,93,PRO
2803,93,PRO
2804,93,PRO
2805,93,PRO
2806,93,PRO
2807,93,PRO
2808,93,PRO
2809,93,PRO
2810,93,PRO
2811,93,PRO
2812,93,PRO
2813,93,PRO
2814,93,PRO
2815,93,PRO
2816,93,PRO
2817,93,PRO
2818,93,PRO
2819,93,PRO
2820,93,PRO
2821,93,PRO
2822,93,PRO
2823,93,PRO
2824,93,PRO
2825,93,PRO
2826,93,PRO
2827,93,PRO
2828,93,PRO
2829,93,PRO
2830,93,PRO
2831,93,PRO
2832,93,PRO
2833,93,PRO
2834,93,PRO
2835,93,PRO
2836,93,PRO
2837,93,PRO
2838,93,PRO
2839,93,PRO
2840,93,PRO
2841,93,PRO
2842,93,PRO
2843,93,PRO
2844,93,PRO
2845,93,PRO
2846,93,PRO
2847,93,PRO
2848,93,PRO
2849,93,PRO
2850,93,PRO
2851,93,PRO
2852,93,PRO
2853,93,PRO
2854,93,PRO
2855,93,PRO
2856,93,PRO
2857,93,PRO
2858,93,PRO
2859,93,PRO
2860,93,PRO
2861,93,PRO
2862,93,PRO
2863,93,PRO
2864,93,PRO
2865,93,PRO
2866,93,PRO
2867,93,PRO
2868,93,PRO
2869,93,PRO
2870,93,PRO
2871,93,PRO
2872,93,PRO
2873,93,PRO
2874,93,PRO
2875,93,PRO
2876,93,PRO
2877,93,PRO
2878,93,PRO
2879,93,PRO
2880,93,PRO
2881,93,PRO
2882,93,PRO
2883,93,PRO
2884,93,PRO
2885,93,PRO
2886,93,PRO
2887,93,PRO
2888,93,PRO
2889,93,PRO
2890,93,PRO
2891,93,PRO
2892,93,PRO
2893,93,PRO
2894,93,PRO
2895,93,PRO
2896,93,PRO
2897,93,PRO
2898,93,PRO
2899,93,PRO
2900,93,PRO
2901,93,PRO
2902,93,PRO
2903,93,PRO
2904,93,PRO
2905,93,PRO
2906,94,PRO
2907,94,PRO
2908,94,PRO
2909,94,PRO
2910,94,PRO
2911,94,PRO
2912,94,PRO
2913,94,PRO
2914,94,PRO
2915,94,PRO
2916,94,PRO
2917,94,PRO
2918,94,PRO
2919,94,PRO
2920,94,PRO
2921,94,PRO
2922,94,PRO
2923,94,PRO
2924,94,PRO
2925,94,PRO
2926,94,PRO
2927,94,PRO
2928,94,PRO
2929,94,PRO
2930,94,PRO
2931,94,PRO
2932,94,PRO
2933,94,PRO
2934,94,PRO
2935,94,PRO
2936,94,PRO
2937,94,PRO
2938,94,PRO
2939,94,PRO
2940,94,PRO
2941,94,PRO
2942,94,PRO
2943,94,PRO
2944,94,PRO
2945,94,PRO
2946,94,PRO
2947,94,PRO
2948,94,PRO
2949,94,PRO
2950,94,PRO
2951,94,PRO
2952,94,PRO
2953,94,PRO
2954,94,PRO
2955,94,PRO
2956,94,PRO
2957,94,PRO
2958,94,PRO
2959,94,PRO
2960,94,PRO
2961,94,PRO
2962,94,PRO
2963,94,PRO
2964,94,PRO
2965,94,PRO
2966,94,PRO
2967,94,PRO
2968,94,PRO
2969,94,PRO
2970,94,PRO
2971,94,PRO
2972,94,PRO
2973,94,PRO
2974,94,PRO
2975,94,PRO
2976,94,PRO
2977,94,PRO
2978,94,PRO
2979,94,PRO
2980,94,PRO
2981,94,PRO
2982,94,PRO
2983,94,PRO
2984,94,PRO
2985,94,PRO
2986,94,PRO
2987,94,PRO
2988,94,PRO
2989,94,PRO
2990,94,PRO
2991,94,PRO
2992,94,PRO
2993,94,PRO
2994,94,PRO
2995,94,PRO
2996,94,PRO
2997,94,PRO
2998,94,PRO
2999,94,PRO
3000,94,PRO
3001,94,PRO
3002,94,PRO
3003,94,PRO
3004,94,PRO
3005,94,PRO
3006,94,PRO
3007,94,PRO
3008,94,PRO
3009,94,PRO
3010,94,PRO
3011,94,PRO
3012,94,PRO
3013,94,PRO
3014,94,PRO
3015,94,PRO
3016,94,PRO
3017,94,PRO
3018,94,PRO
3019,94,PRO
3020,94,PRO
3021,94,PRO
3022,94,PRO
3023,94,PRO
3024,94,PRO
3025,94,PRO
3026,94,PRO
3027,94,PRO
3028,94,PRO
3029,94,PRO
3030,94,PRO
3031,94,PRO
3032,94,PRO
3033,94,PRO
3034,94,PRO
3035,94,PRO
3036,94,PRO
3037,94,PRO
3038,94,PRO
3039,94,PRO
3040,94,PRO
3041,94,PRO
3042,94,PRO
3043,94,PRO
3044,94,PRO
3045,94,PRO
3046,94,PRO
3047,33,PRO
3048,94,PRO
3049,94,PRO
3050,94,PRO
3051,94,PRO
3052,94,PRO
3053,94,PRO
3054,94,PRO
3055,94,PRO
3056,94,PRO
3057,94,PRO
3058,94,PRO
3059,94,PRO
3060,94,PRO
3061,94,PRO
3062,94,PRO
3063,94,PRO
3064,94,PRO
3065,94,PRO
3066,94,PRO
3067,94,PRO
3068,94,PRO
3069,94,PRO
3070,94,PRO
3071,94,PRO
3072,94,PRO
3073,94,PRO
3074,94,PRO
3075,94,PRO
3076,94,PRO
3077,94,PRO
3078,94,PRO
3079,94,PRO
3080,94,PRO
3081,94,PRO
3082,94,PRO
3083,94,PRO
3084,94,PRO
3085,94,PRO
3086,94,PRO
3087,94,PRO
3088,94,PRO
3089,94,PRO
3090,94,PRO
3091,94,PRO
3092,94,PRO
3093,94,PRO
3094,94,PRO
3095,94,PRO
3096,94,PRO
3097,94,PRO
3098,94,PRO
3099,94,PRO
3100,94,PRO
3101,94,PRO
3102,94,PRO
3103,94,PRO
3104,94,PRO
3105,94,PRO
3106,94,PRO
3107,94,PRO
3108,94,PRO
3109,94,PRO
3110,94,PRO
3111,94,PRO
3112,94,PRO
3113,94,PRO
3114,94,PRO
3115,94,PRO
3116,75,PRO
3117,67,PRO
3118,33,PRO
3119,75,PRO
3120,75,PRO
3121,44,PRO
3122,75,PRO
3123,94,PRO
3124,94,PRO
3125,93,PRO
3126,93,PRO
3127,94,PRO
3128,67,PRO
3129,67,PRO
3130,33,PRO
3131,75,PRO
3132,75,PRO
3133,75,PRO
3134,78,PRO
3135,78,PRO
3136,94,PRO
3137,93,PRO
3138,93,PRO
3139,94,PRO
3140,94,PRO
3141,93,PRO
3142,93,PRO
3143,67,PRO
3144,93,PRO
3145,94,PRO
3146,94,PRO
3147,94,PRO
3148,78,PRO
3149,75,PRO
3150,94,PRO
3151,78,PRO
3152,75,PRO
3153,78,PRO
3154,75,PRO
3155,75,PRO
3156,78,PRO
3157,75,PRO
3158,94,PRO
3159,92,PRO
3160,92,PRO
3161,92,PRO
3162,92,PRO
3163,92,PRO
3164,92,PRO
3165,92,PRO
3166,92,PRO
3167,92,PRO
3168,92,PRO
3169,92,PRO
3170,92,PRO
3171,92,PRO
3172,94,PRO
3173,75,PRO
3174,94,PRO
3175,93,PRO
3176,75,PRO
3177,75,PRO
3178,92,PRO
3179,92,PRO
3180,92,PRO
3181,92,PRO
3182,92,PRO
3183,92,PRO
3184,92,PRO
3185,92,PRO
3186,92,PRO
3187,92,PRO
3188,92,PRO
3189,92,PRO
3190,92,PRO
3191,92,PRO
3192,75,PRO
3193,92,PRO
3194,67,PRO
3195,92,PRO
3196,33,PRO
3197,92,PRO
3198,92,PRO
3199,92,PRO
3200,92,PRO
3201,95,PRO
3202,93,PRO
3203,75,PRO
3204,75,PRO
3205,92,PRO
3206,92,PRO
3207,75,PRO
3208,75,PRO
3209,92,PRO
3210,67,PRO
3211,92,PRO
3212,93,PRO
3213,93,PRO
3214,93,PRO
3215,93,PRO
3216,93,PRO
3217,93,PRO
3218,93,PRO
3219,93,PRO
3220,93,PRO
3221,93,PRO
3222,93,PRO
3223,93,PRO
3224,93,PRO
3225,93,PRO
3226,93,PRO
3227,93,PRO
3228,93,PRO
3229,93,PRO
3230,93,PRO
3231,92,PRO
3232,67,PRO
3233,06,PRO
3234,93,PRO
3235,06,PRO
3236,92,PRO
3237,34,PRO
3238,94,PRO
3239,92,PRO
3240,33,PRO
3241,92,PRO
3242,92,PRO
3243,92,PRO
3244,92,PRO
3245,93,PRO
3246,75,PRO
3247,94,PRO
3248,67,PRO
3249,94,PRO
3250,94,PRO
3251,94,PRO
3252,92,PRO
3253,92,PRO
3254,93,PRO
3255,93,PRO
3256,78,PRO
3257,78,PRO
3258,78,PRO
3259,78,PRO
3260,78,PRO
3261,78,PRO
3262,78,PRO
3263,78,PRO
3264,78,PRO
3265,78,PRO
3266,78,PRO
3267,78,PRO
3268,78,PRO
3269,78,PRO
3270,78,PRO
3271,95,PRO
3272,95,PRO
3273,75,PRO
3274,94,PRO
3275,75,PRO
3276,92,PRO
3277,67,PRO
3278,92,PRO
3279,78,PRO
3280,92,PRO
3281,92,PRO
3282,92,PRO
3283,92,PRO
3284,93,PRO
3285,93,PRO
3286,93,PRO
3287,94,PRO
3288,92,PRO
3289,75,PRO
3290,94,PRO
3291,67,PRO
3292,67,PRO
3293,94,PRO
3294,92,PRO
3295,78,PRO
3296,94,PRO
3297,92,PRO
3298,92,PRO
3299,92,PRO
3300,92,PRO
3301,92,PRO
3302,92,PRO
3303,92,PRO
3304,92,PRO
3305,67,PRO
3306,93,PRO
3307,92,PRO
3308,94,PRO
3309,93,PRO
3310,92,PRO
3311,94,PRO
3312,93,PRO
3313,92,PRO
3314,75,PRO
3315,67,PRO
3316,92,PRO
3317,92,PRO
3318,33,PRO
3319,93,PRO
3320,78,PRO
3321,44,PRO
3322,93,PRO
3323,13,PRO
3324,94,PRO
3325,33,PRO
3326,67,PRO
3327,93,PRO
3328,93,PRO
3329,93,PRO
3330,67,PRO
3331,67,PRO
3332,93,PRO
3333,93,PRO
3334,94,PRO
3335,93,PRO
3336,94,PRO
3337,94,PRO
3338,93,PRO
3339,93,PRO
3340,78,PRO
3341,92,PRO
3342,78,PRO
3343,93,PRO
3344,92,PRO
3345,92,PRO
3346,06,PRO
3347,93,PRO
3348,93,PRO
3349,93,PRO
3350,974,PRO
3351,33,PRO
3352,93,PRO
3353,93,PRO
3354,78,PRO
3355,93,PRO
3356,93,PRO
3357,93,PRO
3358,67,PRO
3359,06,PRO
3360,93,PRO
3361,78,PRO
3362,33,PRO
3363,33,PRO
3364,93,PRO
3365,94,PRO
3366,93,PRO
3367,94,PRO
3368,75,PRO
3369,93,PRO
3370,93,PRO
3371,93,PRO
3372,93,PRO
3373,75,PRO
3374,93,PRO
3375,93,PRO
3376,78,PRO
3377,93,PRO
3378,92,PRO
3379,67,PRO
3380,93,PRO
3381,92,PRO
3382,94,PRO
3383,92,PRO
3384,94,PRO
3385,94,PRO
3386,75,PRO
3387,94,PRO
3388,93,PRO
3389,93,PRO
3390,93,PRO
3391,67,PRO
3392,95,PRO
3393,95,PRO
3394,91,PRO
3395,77,PRO
3396,94,PRO
3397,33,PRO
3398,78,PRO
3399,78,PRO
3400,77,PRO
3401,78,PRO
3402,94,PRO
3403,78,PRO
3404,95,PRO
3405,06,PRO
3406,33,PRO
3407,93,PRO
3408,75,PRO
3409,93,PRO
3410,94,PRO
3411,93,PRO
3412,93,PRO
3413,93,PRO
3414,92,PRO
3415,92,PRO
3416,94,PRO
3417,93,PRO
3418,92,PRO
3419,92,PRO
3420,75,PRO
3421,94,PRO
3422,94,PRO
3423,77,PRO
3424,93,PRO
3425,67,PRO
3426,92,PRO
3427,92,PRO
3428,94,PRO
3429,77,PRO
3430,75,PRO
3431,75,PRO
3432,92,PRO
3433,75,PRO
3434,77,PRO
3435,75,PRO
3436,59,PRO
3437,67,PRO
3438,94,PRO
3439,67,PRO
3440,77,PRO
3441,77,PRO
3442,06,PRO
3443,06,PRO
3444,06,PRO
3445,06,PRO
3446,06,PRO
3447,06,PRO
3448,06,PRO
3449,06,PRO
3450,06,PRO
3451,06,PRO
3452,95,PRO
3453,95,PRO
3454,95,PRO
3455,95,PRO
3456,95,PRO
3457,95,PRO
3458,95,PRO
3459,95,PRO
3460,95,PRO
3461,95,PRO
3462,95,PRO
3463,06,PRO
3464,95,PRO
3465,95,PRO
3466,95,PRO
3467,95,PRO
3468,95,PRO
3469,95,PRO
3470,95,PRO
3471,95,PRO
3472,95,PRO
3473,95,PRO
3474,95,PRO
3475,95,PRO
3476,95,PRO
3477,95,PRO
3478,95,PRO
3479,95,PRO
3480,33,PRO
3481,95,PRO
3482,95,PRO
3483,95,PRO
3484,95,PRO
3485,95,PRO
3486,95,PRO
3487,95,PRO
3488,95,PRO
3489,95,PRO
3490,95,PRO
3491,95,PRO
3492,33,PRO
3493,95,PRO
3494,95,PRO
3495,95,PRO
3496,95,PRO
3497,95,PRO
3498,95,PRO
3499,95,PRO
3500,95,PRO
3501,75,PRO
3502,75,PRO
3503,95,PRO
3504,95,PRO
3505,95,PRO
3506,95,PRO
3507,95,PRO
3508,95,PRO
3509,95,PRO
3510,95,PRO
3511,95,PRO
3512,95,PRO
3513,95,PRO
3514,75,PRO
3515,95,PRO
3516,95,PRO
3517,95,PRO
3518,95,PRO
3519,78,PRO
3520,78,PRO
3521,95,PRO
3522,91,PRO
3523,94,PRO
3524,94,PRO
3525,95,PRO
3526,33,PRO
3527,75,PRO
3528,95,PRO
3529,95,PRO
3530,95,PRO
3531,92,PRO
3532,77,PRO
3533,95,PRO
3534,95,PRO
3535,95,PRO
3536,95,PRO
3537,95,PRO
3538,33,PRO
3539,95,PRO
3540,33,PRO
3541,95,PRO
3542,95,PRO
3543,95,PRO
3544,94,PRO
3545,75,PRO
3546,91,PRO
3547,92,PRO
3548,94,PRO
3549,95,PRO
3550,95,PRO
3551,94,PRO
3552,44,PRO
3553,75,PRO
3554,44,PRO
3555,94,PRO
3556,44,PRO
3557,75,PRO
3558,44,PRO
3559,44,PRO
3560,95,PRO
3561,44,PRO
3562,77,PRO
3563,94,PRO
3564,75,PRO
3565,67,PRO
3566,95,PRO
3567,91,PRO
3568,67,PRO
3569,67,PRO
3570,77,PRO
3571,67,PRO
3572,67,PRO
3573,67,PRO
3574,33,PRO
3575,94,PRO
3576,33,PRO
3577,67,PRO
3578,78,PRO
3579,92,PRO
3580,94,PRO
3581,92,PRO
3582,33,PRO
3583,33,PRO
3584,33,PRO
3585,33,PRO
3586,33,PRO
3587,94,PRO
3588,44,PRO
3589,67,PRO
3590,94,PRO
3591,77,PRO
3592,77,PRO
3593,77,PRO
3594,33,PRO
3595,33,PRO
3596,33,PRO
3597,33,PRO
3598,33,PRO
3599,33,PRO
3600,33,PRO
3601,33,PRO
3602,33,PRO
3603,33,PRO
3604,33,PRO
3605,33,PRO
3606,33,PRO
3607,33,PRO
3608,44,PRO
3609,44,PRO
3610,44,PRO
3611,44,PRO
3612,44,PRO
3613,44,PRO
3614,44,PRO
3615,44,PRO
3616,44,PRO
3617,75,PRO
3618,75,PRO
3619,75,PRO
3620,75,PRO
3621,75,PRO
3622,75,PRO
3623,78,PRO
3624,78,PRO
3625,78,PRO
3626,78,PRO
3627,75,PRO
3628,78,PRO
3629,78,PRO
3630,78,PRO
3631,78,PRO
3632,78,PRO
3633,75,PRO
3634,78,PRO
3635,78,PRO
3636,78,PRO
3637,92,PRO
3638,92,PRO
3639,92,PRO
3640,94,PRO
3641,94,PRO
3642,94,PRO
3643,94,PRO
3644,94,PRO
3645,94,PRO
3646,94,PRO
3647,78,PRO
3648,94,PRO
3649,94,PRO
3650,94,PRO
3651,94,PRO
3652,92,PRO
3653,92,PRO
3654,92,PRO
3655,92,PRO
3656,92,PRO
3657,75,PRO
3658,92,PRO
3659,92,PRO
3660,78,PRO
3661,92,PRO
3662,75,PRO
3663,75,PRO
3664,44,PRO
3665,44,PRO
3666,44,PRO
3667,78,PRO
3668,92,PRO
3669,33,PRO
3670,94,PRO
3671,94,PRO
3672,94,PRO
3673,94,PRO
3674,94,PRO
3675,94,PRO
3676,94,PRO
3677,94,PRO
3678,94,PRO
3679,94,PRO
3680,94,PRO
3681,44,PRO
3682,94,PRO
3683,78,PRO
3684,06,PRO
3685,06,PRO
3686,06,PRO
3687,33,PRO
3688,77,PRO
3689,33,PRO
3690,33,PRO
3691,33,PRO
3692,33,PRO
3693,33,PRO
3694,33,PRO
3695,33,PRO
3696,33,PRO
3697,33,PRO
3698,33,PRO
3699,33,PRO
3700,33,PRO
3701,33,PRO
3702,33,PRO
3703,33,PRO
3704,33,PRO
3705,33,PRO
3706,44,PRO
3707,44,PRO
3708,44,PRO
3709,44,PRO
3710,44,PRO
3711,44,PRO
3712,44,PRO
3713,44,PRO
3714,44,PRO
3715,44,PRO
3716,44,PRO
3717,44,PRO
3718,44,PRO
3719,44,PRO
3720,44,PRO
3721,44,PRO
3722,44,PRO
3723,44,PRO
3724,44,PRO
3725,44,PRO
3726,44,PRO
3727,44,PRO
3728,44,PRO
3729,44,PRO
3730,44,PRO
3731,44,PRO
3732,44,PRO
3733,44,PRO
3734,75,PRO
3735,75,PRO
3736,75,PRO
3737,75,PRO
3738,75,PRO
3739,75,PRO
3740,75,PRO
3741,75,PRO
3742,75,PRO
3743,75,PRO
3744,75,PRO
3745,75,PRO
3746,75,PRO
3747,75,PRO
3748,75,PRO
3749,75,PRO
3750,75,PRO
3751,75,PRO
3752,78,PRO
3753,78,PRO
3754,78,PRO
3755,78,PRO
3756,78,PRO
3757,78,PRO
3758,78,PRO
3759,78,PRO
3760,78,PRO
3761,78,PRO
3762,78,PRO
3763,78,PRO
3764,78,PRO
3765,92,PRO
3766,92,PRO
3767,92,PRO
3768,92,PRO
3769,92,PRO
3770,92,PRO
3771,92,PRO
3772,92,PRO
3773,92,PRO
3774,92,PRO
3775,92,PRO
3776,92,PRO
3777,92,PRO
3778,94,PRO
3779,94,PRO
3780,94,PRO
3781,94,PRO
3782,94,PRO
3783,94,PRO
3784,94,PRO
3785,94,PRO
3786,94,PRO
3787,94,PRO
3788,94,PRO
3789,94,PRO
3790,94,PRO
3791,94,PRO
3792,94,PRO
3793,94,PRO
3794,94,PRO
3795,94,PRO
3796,94,PRO
3797,94,PRO
3798,94,PRO
3799,94,PRO
3800,94,PRO
3801,94,PRO
3802,95,PRO
3803,95,PRO
3804,78,PRO
3805,78,PRO
3806,78,PRO
3807,78,PRO
3808,78,PRO
3809,33,PRO
3810,92,PRO
3811,95,PRO
3812,95,PRO
3813,75,PRO
3814,75,PRO
3815,75,PRO
3816,75,PRO
3817,75,PRO
3818,75,PRO
3819,75,PRO
3820,75,PRO
3821,92,PRO
3822,92,PRO
3823,92,PRO
3824,92,PRO
3825,92,PRO
3826,92,PRO
3827,75,PRO
3828,75,PRO
3829,92,PRO
3830,78,PRO
3831,92,PRO
3832,92,PRO
3833,94,PRO
3834,94,PRO
3835,78,PRO
3836,78,PRO
3837,92,PRO
3838,78,PRO
3839,78,PRO
3840,75,PRO
3841,75,PRO
3842,75,PRO
3843,95,PRO
3844,95,PRO
3845,92,PRO
3846,44,PRO
3847,78,PRO
3848,75,PRO
3849,75,PRO
3850,75,PRO
3851,44,PRO
3852,44,PRO
3853,95,PRO
3854,95,PRO
3855,92,PRO
3856,75,PRO
3857,94,PRO
3858,94,PRO
3859,94,PRO
3860,78,PRO
3861,78,PRO
3862,78,PRO
3863,78,PRO
3864,78,PRO
3865,92,PRO
3866,78,PRO
3867,77,PRO
3868,33,PRO
3869,93,PRO
3870,93,PRO
3871,93,PRO
3872,93,PRO
3873,93,PRO
3874,93,PRO
3875,93,PRO
3876,93,PRO
3877,93,PRO
3878,93,PRO
3879,93,PRO
3880,93,PRO
3881,93,PRO
3882,93,PRO
3883,93,PRO
3884,93,PRO
3885,93,PRO
3886,93,PRO
3887,93,PRO
3888,93,PRO
3889,93,PRO
3890,93,PRO
3891,06,PRO
3892,78,PRO
3893,06,PRO
3894,06,PRO
3895,77,PRO
3896,94,PRO
3897,33,PRO
3898,77,PRO
3899,33,PRO
3900,94,PRO
3901,94,PRO
3902,94,PRO
3903,94,PRO
3904,94,PRO
3905,94,PRO
3906,75,PRO
3907,92,PRO
3908,94,PRO
3909,77,PRO
3910,94,PRO
3911,94,PRO
3912,94,PRO
3913,75,PRO
3914,75,PRO
3915,75,PRO
3916,75,PRO
3917,95,PRO
3918,95,PRO
3919,95,PRO
3920,95,PRO
3921,95,PRO
3922,06,PRO
3923,06,PRO
3924,77,PRO
3925,06,PRO
3926,06,PRO
3927,95,PRO
3928,95,PRO
3929,94,PRO
3930,94,PRO
3931,94,PRO
3932,94,PRO
3933,77,PRO
3934,77,PRO
3935,91,PRO
3936,91,PRO
3937,77,PRO
3938,77,PRO
3939,06,PRO
3940,06,PRO
3941,06,PRO
3942,75,PRO
3943,77,PRO
3944,44,PRO
3945,33,PRO
3946,77,PRO
3947,77,PRO
3948,44,PRO
3949,94,PRO
3950,06,PRO
3951,91,PRO
3952,91,PRO
3953,91,PRO
3954,33,PRO
3955,94,PRO
3956,91,PRO
3957,06,PRO
3958,06,PRO
3959,06,PRO
3960,91,PRO
3961,91,PRO
3962,91,PRO
3963,94,PRO
3964,78,PRO
3965,77,PRO
3966,77,PRO
3967,77,PRO
3968,77,PRO
3969,77,PRO
3970,06,PRO
3971,94,PRO
3972,94,PRO
3973,91,PRO
3974,06,PRO
3975,06,PRO
3976,78,PRO
3977,92,PRO
3978,78,PRO
3979,78,PRO
3980,77,PRO
3981,77,PRO
3982,95,PRO
3983,77,PRO
3984,91,PRO
3985,06,PRO
3986,91,PRO
3987,91,PRO
3988,91,PRO
3989,06,PRO
3990,91,PRO
3991,78,PRO
3992,91,PRO
3993,78,PRO
3994,06,PRO
3995,91,PRO
3996,77,PRO
3997,77,PRO
3998,77,PRO
3999,77,PRO
4000,77,PRO
4001,77,PRO
4002,33,PRO
4003,33,PRO
4004,06,PRO
4005,95,PRO
4006,95,PRO
4007,78,PRO
4008,95,PRO
4009,06,PRO
4010,75,PRO
4011,75,PRO
4012,75,PRO
4013,06,PRO
4014,44,PRO
4015,93,PRO
4016,06,PRO
4017,06,PRO
4018,06,PRO
4019,77,PRO
4020,67,PRO
4021,78,PRO
4022,78,PRO
4023,78,PRO
4024,06,PRO
4025,06,PRO
4026,06,PRO
4027,06,PRO
4028,06,PRO
4029,06,PRO
4030,06,PRO
4031,06,PRO
4032,06,PRO
4033,06,PRO
4034,06,PRO
4035,06,PRO
4036,06,PRO
4037,06,PRO
4038,06,PRO
4039,06,PRO
4040,06,PRO
4041,06,PRO
4042,67,PRO
4043,77,PRO
4044,33,PRO
4045,78,PRO
4046,78,PRO
4047,94,PRO
4048,78,PRO
4049,78,PRO
4050,78,PRO
4051,78,PRO
4052,77,PRO
4053,94,PRO
4054,78,PRO
4055,94,PRO
4056,94,PRO
4057,75,PRO
4058,06,PRO
4059,77,PRO
4060,77,PRO
4061,78,PRO
4062,78,PRO
4063,75,PRO
4064,91,PRO
4065,78,PRO
4066,06,PRO
4067,75,PRO
4068,75,PRO
4069,06,PRO
4070,06,PRO
4071,06,PRO
4072,75,PRO
4073,06,PRO
4074,06,PRO
4075,06,PRO
4076,06,PRO
4077,06,PRO
4078,06,PRO
4079,06,PRO
4080,06,PRO
4081,06,PRO
4082,06,PRO
4083,06,PRO
4084,06,PRO
4085,92,PRO
4086,78,PRO
4087,94,PRO
4088,00,SIMPLE_USER
4089,75,PRO
4090,91,PRO
4091,78,PRO
4092,78,PRO
4093,78,PRO
4094,78,PRO
4095,95,PRO
4096,44,ADMIN_SOLIGUIDE
4097,44,ADMIN_SOLIGUIDE
4098,75,PRO
4099,44,PRO
4100,15,PRO
4101,95,PRO
4102,78,PRO
4103,13,PRO
4104,92,PRO
4105,94,PRO
4106,94,PRO
4107,44,PRO
4108,44,PRO
4109,13,PRO
4110,78,PRO
4111,78,PRO
4112,06,PRO
4113,06,PRO
4114,06,PRO
4115,36,ADMIN_TERRITORY
4116,78,PRO
4117,67,PRO
4118,00,SIMPLE_USER
4119,36,PRO
4120,33,ADMIN_SOLIGUIDE
4121,95,PRO
4122,75,PRO
4123,76,ADMIN_SOLIGUIDE
4124,21,ADMIN_SOLIGUIDE
4125,00,ADMIN_SOLIGUIDE
4126,00,ADMIN_SOLIGUIDE
4127,78,PRO
4128,75,PRO
4129,77,PRO
4130,06,PRO
4131,06,PRO
4132,13,PRO
4133,06,ADMIN_SOLIGUIDE
4134,06,PRO
4135,91,PRO
4136,77,PRO
4137,44,PRO
4138,78,PRO
4139,44,PRO
4140,13,PRO
4141,67,PRO
4142,13,PRO
4143,77,PRO
4144,77,PRO
4145,77,PRO
4146,94,PRO
4147,95,PRO
4148,06,ADMIN_SOLIGUIDE
4149,13,PRO
4150,00,SIMPLE_USER
4151,13,PRO
4152,13,PRO
4153,92,PRO
4154,13,PRO
4155,92,PRO
4156,13,PRO
4157,13,PRO
4158,00,SIMPLE_USER
4159,13,PRO
4160,13,PRO
4161,44,PRO
4162,75,PRO
4163,13,PRO
4164,33,PRO
4165,75,PRO
4166,94,PRO
4167,67,PRO
4168,06,PRO
4169,06,PRO
4170,06,PRO
4171,06,PRO
4172,83,PRO
4173,91,PRO
4174,67,PRO
4175,91,PRO
4176,94,PRO
4177,94,PRO
4178,94,PRO
4179,94,PRO
4180,94,PRO
4181,94,PRO
4182,94,PRO
4183,94,PRO
4184,77,PRO
4185,15,PRO
4186,13,PRO
4187,44,PRO
4188,78,PRO
4189,13,PRO
4190,13,PRO
4191,06,PRO
4192,67,PRO
4193,44,PRO
4194,13,PRO
4195,13,PRO
4196,13,PRO
4197,75,PRO
4198,75,PRO
4199,75,PRO
4200,67,PRO
4201,13,PRO
4202,67,PRO
4203,77,PRO
4204,95,PRO
4205,77,PRO
4206,77,PRO
4207,77,PRO
4208,67,PRO
4209,95,PRO
4210,06,PRO
4211,77,PRO
4212,75,PRO
4213,13,PRO
4214,92,PRO
4215,92,PRO
4216,92,PRO
4217,13,PRO
4218,92,PRO
4219,92,PRO
4220,13,PRO
4221,44,PRO
4222,33,PRO
4223,13,PRO
4224,44,PRO
4225,94,PRO
4226,94,PRO
4227,94,PRO
4228,75,PRO
4229,67,PRO
4230,94,PRO
4231,94,PRO
4232,33,PRO
4233,95,PRO
4234,94,PRO
4235,95,PRO
4236,75,PRO
4237,77,PRO
4238,77,PRO
4239,77,PRO
4240,77,PRO
4241,77,PRO
4242,77,PRO
4243,77,PRO
4244,77,PRO
4245,77,PRO
4246,77,PRO
4247,77,PRO
4248,00,SIMPLE_USER
4249,78,PRO
4250,95,PRO
4251,06,PRO
4252,13,PRO
4253,13,PRO
4254,13,PRO
4255,67,PRO
4256,67,PRO
4257,13,PRO
4258,13,PRO
4259,94,PRO
4260,67,PRO
4261,78,PRO
4262,78,PRO
4263,78,PRO
4264,78,PRO
4265,77,PRO
4266,91,ADMIN_SOLIGUIDE
4267,91,ADMIN_SOLIGUIDE
4268,91,ADMIN_SOLIGUIDE
4269,13,PRO
4270,44,PRO
4271,77,PRO
4272,75,PRO
4273,95,PRO
4274,91,PRO
4275,06,PRO
4276,"06,33",PRO
4277,13,PRO
4278,13,PRO
4279,13,PRO
4280,13,PRO
4281,91,PRO
4282,77,PRO
4283,95,PRO
4284,95,PRO
4285,2A,PRO
4286,77,PRO
4287,78,PRO
4288,94,PRO
4289,95,PRO
4290,95,PRO
4291,95,PRO
4292,95,PRO
4293,95,PRO
4294,77,PRO
4295,94,PRO
4296,94,PRO
4297,94,PRO
4298,94,PRO
4299,94,PRO
4300,77,PRO
4301,77,PRO
4302,75,PRO
4303,63,ADMIN_SOLIGUIDE
4304,63,ADMIN_SOLIGUIDE
4305,75,PRO
4306,91,PRO
4307,36,PRO
4308,36,PRO
4309,93,PRO
4310,36,PRO
4311,36,PRO
4312,36,PRO
4313,36,PRO
4314,44,PRO
4315,75,PRO
4316,77,PRO
4317,77,PRO
4318,06,PRO
4319,00,SIMPLE_USER
4320,13,PRO
4321,44,PRO
4322,44,PRO
4323,44,PRO
4324,44,PRO
4325,44,PRO
4326,67,PRO
4327,67,PRO
4328,67,PRO
4329,67,PRO
4330,67,PRO
4331,44,PRO
4332,44,PRO
4333,77,PRO
4334,94,PRO
4335,77,PRO
4336,63,PRO
4337,63,PRO
4338,63,PRO
4339,06,PRO
4340,06,PRO
4341,33,PRO
4342,"75,44",PRO
4343,44,PRO
4344,36,PRO
4345,44,PRO
4346,67,PRO
4347,36,PRO
4348,93,PRO
4349,33,PRO
4350,33,ADMIN_SOLIGUIDE
4351,91,PRO
4352,93,PRO
4353,67,PRO
4354,93,PRO
4355,93,PRO
4356,93,PRO
4357,94,PRO
4358,77,PRO
4359,93,PRO
4360,93,PRO
4361,93,PRO
4362,94,PRO
4363,33,PRO
4364,00,SIMPLE_USER
4365,00,SIMPLE_USER
4366,13,PRO
4367,00,SIMPLE_USER
4368,00,SIMPLE_USER
4369,00,SIMPLE_USER
4370,00,SIMPLE_USER
4371,00,SIMPLE_USER
4372,00,SIMPLE_USER
4373,00,SIMPLE_USER
4374,00,SIMPLE_USER
4375,13,PRO
4376,00,SIMPLE_USER
4377,44,PRO
4378,00,SIMPLE_USER
4379,00,SIMPLE_USER
4380,00,SIMPLE_USER
4381,00,SIMPLE_USER
4382,00,SIMPLE_USER
4383,00,SIMPLE_USER
4384,67,PRO
4385,67,PRO
4386,94,PRO
4387,00,SIMPLE_USER
4388,00,SIMPLE_USER
4389,00,SIMPLE_USER
4390,00,SIMPLE_USER
4391,00,SIMPLE_USER
4392,00,SIMPLE_USER
4393,00,SIMPLE_USER
4394,00,SIMPLE_USER
4395,00,SIMPLE_USER
4396,44,PRO
4397,00,SIMPLE_USER
4398,33,PRO
4399,33,PRO
4400,95,PRO
4401,00,SIMPLE_USER
4402,00,SIMPLE_USER
4403,00,SIMPLE_USER
4404,00,SIMPLE_USER
4405,00,SIMPLE_USER
4406,00,SIMPLE_USER
4407,92,PRO
4408,00,SIMPLE_USER
4409,00,SIMPLE_USER
4410,00,SIMPLE_USER
4411,00,SIMPLE_USER
4412,00,SIMPLE_USER
4413,44,PRO
4414,63,PRO
4415,76,PRO
4416,00,SIMPLE_USER
4417,00,SIMPLE_USER
4418,36,PRO
4419,36,PRO
4420,77,PRO
4421,67,PRO
4422,06,PRO
4423,06,PRO
4424,00,SIMPLE_USER
4425,00,SIMPLE_USER
4426,44,PRO
4427,44,PRO
4428,00,SIMPLE_USER
4429,92,PRO
4430,92,PRO
4431,00,SIMPLE_USER
4432,44,PRO
4433,13,PRO
4434,44,PRO
4435,91,PRO
4436,91,PRO
4437,91,PRO
4438,13,PRO
4439,92,PRO
4440,91,PRO
4441,63,PRO
4442,94,PRO
4443,94,PRO
4444,94,PRO
4445,36,PRO
4446,36,PRO
4447,36,PRO
4448,36,PRO
4449,36,PRO
4450,44,PRO
4451,15,PRO
4452,00,SIMPLE_USER
4453,00,SIMPLE_USER
4454,34,ADMIN_SOLIGUIDE
4455,34,ADMIN_SOLIGUIDE
4456,00,SIMPLE_USER
4457,00,SIMPLE_USER
4458,44,PRO
4459,76,PRO
4460,00,SIMPLE_USER
4461,78,PRO
4462,00,SIMPLE_USER
4463,78,PRO
4464,33,PRO
4465,78,PRO
4466,00,SIMPLE_USER
4467,78,PRO
4468,00,SIMPLE_USER
4469,00,SIMPLE_USER
4470,00,SIMPLE_USER
4471,00,SIMPLE_USER
4472,44,PRO
4473,13,PRO
4474,67,PRO
4475,00,SIMPLE_USER
4476,33,PRO
4477,06,PRO
4478,13,PRO
4479,13,PRO
4480,63,ADMIN_TERRITORY
4481,63,ADMIN_TERRITORY
4482,13,PRO
4483,75,PRO
4484,44,PRO
4485,00,SIMPLE_USER
4486,77,PRO
4487,95,PRO
4488,78,PRO
4489,78,PRO
4490,77,PRO
4491,00,SIMPLE_USER
4492,36,PRO
4493,36,PRO
4494,78,PRO
4495,34,PRO
4496,06,PRO
4497,06,PRO
4498,44,PRO
4499,63,PRO
4500,06,PRO
4501,06,PRO
4502,06,PRO
4503,06,PRO
4504,00,SIMPLE_USER
4505,00,SIMPLE_USER
4506,78,PRO
4507,06,PRO
4508,44,PRO
4509,44,PRO
4510,15,PRO
4511,75,PRO
4512,75,PRO
4513,00,SIMPLE_USER
4514,44,PRO
4515,34,SIMPLE_USER
4516,91,PRO
4517,06,PRO
4518,00,SIMPLE_USER
4519,34,PRO
4520,34,PRO
4521,34,PRO
4522,34,PRO
4523,06,PRO
4524,75,PRO
4525,34,PRO
4526,44,PRO
4527,00,SIMPLE_USER
4528,00,SIMPLE_USER
4529,00,SIMPLE_USER
4530,95,PRO
4531,06,PRO
4532,95,PRO
4533,75,PRO
4534,91,PRO
4535,78,PRO
4536,78,PRO
4537,77,PRO
4538,78,PRO
4539,06,PRO
4540,06,PRO
4541,78,PRO
4542,95,PRO
4543,78,PRO
4544,34,PRO
4545,67,PRO
4546,94,PRO
4547,36,PRO
4548,94,PRO
4549,67,PRO
4550,94,PRO
4551,75,PRO
4552,36,PRO
4553,13,PRO
4554,77,PRO
4555,00,SIMPLE_USER
4556,00,SIMPLE_USER
4557,77,PRO
4558,13,PRO
4559,00,SIMPLE_USER
4560,06,PRO
4561,06,PRO
4562,06,PRO
4563,06,PRO
4564,06,PRO
4565,06,PRO
4566,06,PRO
4567,06,PRO
4568,06,PRO
4569,06,PRO
4570,06,PRO
4571,06,PRO
4572,06,PRO
4573,06,PRO
4574,06,PRO
4575,06,PRO
4576,06,PRO
4577,06,PRO
4578,06,PRO
4579,06,PRO
4580,06,PRO
4581,06,PRO
4582,06,PRO
4583,06,PRO
4584,06,PRO
4585,06,PRO
4586,06,PRO
4587,06,PRO
4588,06,PRO
4589,06,PRO
4590,06,PRO
4591,06,PRO
4592,06,PRO
4593,06,PRO
4594,44,PRO
4595,06,PRO
4596,06,PRO
4597,06,PRO
4598,06,PRO
4599,36,PRO
4600,44,PRO
4601,44,PRO
4602,44,PRO
4603,44,PRO
4604,94,PRO
4605,94,PRO
4606,94,PRO
4607,06,PRO
4608,94,PRO
4609,94,PRO
4610,06,PRO
4611,06,PRO
4612,06,PRO
4613,06,PRO
4614,06,PRO
4615,06,PRO
4616,06,PRO
4617,06,PRO
4618,06,PRO
4619,06,PRO
4620,06,PRO
4621,06,PRO
4622,06,PRO
4623,06,PRO
4624,06,PRO
4625,06,PRO
4626,15,PRO
4627,06,PRO
4628,15,PRO
4629,15,PRO
4630,94,PRO
4631,77,PRO
4632,95,PRO
4633,94,PRO
4634,06,PRO
4635,77,PRO
4636,94,PRO
4637,94,PRO
4638,36,PRO
4639,78,PRO
4640,77,PRO
4641,06,PRO
4642,75,PRO
4643,75,PRO
4644,75,PRO
4645,36,PRO
4646,36,PRO
4647,36,PRO
4648,36,PRO
4649,00,SIMPLE_USER
4650,00,SIMPLE_USER
4651,13,PRO
4652,13,PRO
4653,13,PRO
4654,13,PRO
4655,13,PRO
4656,34,PRO
4657,92,PRO
4658,92,PRO
4659,92,PRO
4660,92,PRO
4661,78,PRO
4662,06,PRO
4663,92,PRO
4664,92,PRO
4665,92,PRO
4666,92,PRO
4667,92,PRO
4668,92,PRO
4669,92,PRO
4670,34,PRO
4671,34,PRO
4672,00,SIMPLE_USER
4673,36,PRO
4674,00,SIMPLE_USER
4675,77,PRO
4676,77,PRO
4677,77,PRO
4678,77,PRO
4679,77,PRO
4680,63,PRO
4681,75,PRO
4682,33,PRO
4683,95,PRO
4684,76,PRO
4685,78,PRO
4686,36,PRO
4687,77,PRO
4688,77,PRO
4689,00,SIMPLE_USER
4690,44,PRO
4691,13,PRO
4692,00,SIMPLE_USER
4693,00,SIMPLE_USER
4694,67,PRO
4695,34,PRO
4696,34,PRO
4697,13,PRO
4698,13,PRO
4699,93,PRO
4700,93,PRO
4701,36,PRO
4702,36,PRO
4703,75,PRO
4704,93,PRO
4705,93,PRO
4706,34,PRO
4707,36,PRO
4708,36,PRO
4709,36,PRO
4710,06,PRO
4711,34,PRO
4712,75,PRO
4713,75,PRO
4714,92,PRO
4715,77,PRO
4716,75,PRO
4717,75,PRO
4718,75,PRO
4719,75,PRO
4720,92,PRO
4721,92,PRO
4722,94,PRO
4723,33,PRO
4724,94,PRO
4725,93,PRO
4726,94,PRO
4727,78,PRO
4728,75,PRO
4729,75,PRO
4730,75,PRO
4731,94,PRO
4732,92,PRO
4733,75,PRO
4734,75,PRO
4735,92,PRO
4736,75,PRO
4737,75,PRO
4738,78,PRO
4739,75,PRO
4740,92,PRO
4741,92,PRO
4742,75,PRO
4743,92,PRO
4744,93,PRO
4745,92,PRO
4746,33,PRO
4747,75,PRO
4748,92,PRO
4749,75,PRO
4750,92,PRO
4751,33,PRO
4752,75,PRO
4753,94,PRO
4754,93,PRO
4755,75,PRO
4756,94,PRO
4757,92,PRO
4758,92,PRO
4759,75,PRO
4760,78,PRO
4761,92,PRO
4762,75,PRO
4763,94,PRO
4764,92,PRO
4765,93,PRO
4766,33,PRO
4767,44,PRO
4768,75,PRO
4769,44,PRO
4770,33,PRO
4771,67,PRO
4772,75,PRO
4773,33,PRO
4774,75,PRO
4775,92,PRO
4776,92,PRO
4777,75,PRO
4778,75,PRO
4779,33,PRO
4780,92,PRO
4781,75,PRO
4782,92,PRO
4783,44,PRO
4784,94,PRO
4785,92,PRO
4786,92,PRO
4787,94,PRO
4788,92,PRO
4789,92,PRO
4790,75,PRO
4791,75,PRO
4792,94,PRO
4793,78,PRO
4794,33,PRO
4795,94,PRO
4796,92,PRO
4797,92,PRO
4798,78,PRO
4799,78,PRO
4800,75,PRO
4801,75,PRO
4802,75,PRO
4803,94,PRO
4804,75,PRO
4805,75,PRO
4806,75,PRO
4807,92,PRO
4808,92,PRO
4809,93,PRO
4810,75,PRO
4811,92,PRO
4812,95,PRO
4813,93,PRO
4814,94,PRO
4815,92,PRO
4816,92,PRO
4817,94,PRO
4818,92,PRO
4819,33,PRO
4820,75,PRO
4821,93,PRO
4822,75,PRO
4823,93,PRO
4824,94,PRO
4825,33,PRO
4826,78,PRO
4827,94,PRO
4828,75,PRO
4829,92,PRO
4830,92,PRO
4831,92,PRO
4832,75,PRO
4833,92,PRO
4834,67,PRO
4835,75,PRO
4836,78,PRO
4837,92,PRO
4838,75,PRO
4839,44,PRO
4840,75,PRO
4841,78,PRO
4842,75,PRO
4843,75,PRO
4844,78,PRO
4845,75,PRO
4846,75,PRO
4847,75,PRO
4848,93,PRO
4849,44,PRO
4850,92,PRO
4851,94,PRO
4852,67,PRO
4853,44,PRO
4854,92,PRO
4855,92,PRO
4856,75,PRO
4857,75,PRO
4858,92,PRO
4859,94,PRO
4860,67,PRO
4861,75,PRO
4862,67,PRO
4863,78,PRO
4864,75,PRO
4865,93,PRO
4866,94,PRO
4867,75,PRO
4868,75,PRO
4869,92,PRO
4870,75,PRO
4871,78,PRO
4872,94,PRO
4873,75,PRO
4874,75,PRO
4875,75,PRO
4876,75,PRO
4877,93,PRO
4878,95,PRO
4879,78,PRO
4880,75,PRO
4881,92,PRO
4882,44,PRO
4883,67,PRO
4884,94,PRO
4885,75,PRO
4886,75,PRO
4887,93,PRO
4888,75,PRO
4889,94,PRO
4890,33,PRO
4891,44,PRO
4892,75,PRO
4893,93,PRO
4894,75,PRO
4895,78,PRO
4896,92,PRO
4897,67,PRO
4898,33,PRO
4899,44,PRO
4900,92,PRO
4901,78,PRO
4902,94,PRO
4903,33,PRO
4904,94,PRO
4905,92,PRO
4906,92,PRO
4907,75,PRO
4908,78,PRO
4909,92,PRO
4910,75,PRO
4911,75,PRO
4912,67,PRO
4913,94,PRO
4914,33,PRO
4915,92,PRO
4916,75,PRO
4917,75,PRO
4918,92,PRO
4919,75,PRO
4920,44,PRO
4921,94,PRO
4922,92,PRO
4923,92,PRO
4924,75,PRO
4925,78,PRO
4926,92,PRO
4927,94,PRO
4928,93,PRO
4929,44,PRO
4930,75,PRO
4931,75,PRO
4932,92,PRO
4933,33,PRO
4934,75,PRO
4935,33,PRO
4936,92,PRO
4937,78,PRO
4938,78,PRO
4939,94,PRO
4940,93,PRO
4941,75,PRO
4942,78,PRO
4943,94,PRO
4944,92,PRO
4945,94,PRO
4946,75,PRO
4947,94,PRO
4948,92,PRO
4949,92,PRO
4950,94,PRO
4951,33,PRO
4952,75,PRO
4953,75,PRO
4954,44,PRO
4955,75,PRO
4956,94,PRO
4957,78,PRO
4958,75,PRO
4959,92,PRO
4960,92,PRO
4961,92,PRO
4962,75,PRO
4963,92,PRO
4964,93,PRO
4965,78,PRO
4966,75,PRO
4967,75,PRO
4968,75,PRO
4969,75,PRO
4970,94,PRO
4971,33,PRO
4972,75,PRO
4973,75,PRO
4974,75,PRO
4975,78,PRO
4976,94,PRO
4977,44,PRO
4978,78,PRO
4979,92,PRO
4980,94,PRO
4981,94,PRO
4982,92,PRO
4983,33,PRO
4984,75,PRO
4985,94,PRO
4986,78,PRO
4987,92,PRO
4988,93,PRO
4989,75,PRO
4990,75,PRO
4991,75,PRO
4992,75,PRO
4993,94,PRO
4994,93,PRO
4995,94,PRO
4996,44,PRO
4997,92,PRO
4998,75,PRO
4999,93,PRO
5000,44,PRO
5001,75,PRO
5002,94,PRO
5003,93,PRO
5004,92,PRO
5005,93,PRO
5006,75,PRO
5007,75,PRO
5008,75,PRO
5009,"92,75",PRO
5010,92,PRO
5011,75,PRO
5012,75,PRO
5013,44,PRO
5014,75,PRO
5015,75,PRO
5016,75,PRO
5017,75,PRO
5018,75,PRO
5019,94,PRO
5020,92,PRO
5021,78,PRO
5022,75,PRO
5023,93,PRO
5024,44,PRO
5025,92,PRO
5026,92,PRO
5027,94,PRO
5028,75,PRO
5029,78,PRO
5030,94,PRO
5031,94,PRO
5032,94,PRO
5033,75,PRO
5034,93,PRO
5035,75,PRO
5036,94,PRO
5037,78,PRO
5038,75,PRO
5039,75,PRO
5040,94,PRO
5041,92,PRO
5042,92,PRO
5043,67,PRO
5044,92,PRO
5045,75,PRO
5046,78,PRO
5047,94,PRO
5048,93,PRO
5049,75,PRO
5050,94,PRO
5051,75,PRO
5052,78,PRO
5053,92,PRO
5054,94,PRO
5055,92,PRO
5056,75,PRO
5057,67,PRO
5058,75,PRO
5059,78,PRO
5060,92,PRO
5061,94,PRO
5062,78,PRO
5063,92,PRO
5064,67,PRO
5065,75,PRO
5066,75,PRO
5067,94,PRO
5068,67,PRO
5069,92,PRO
5070,33,PRO
5071,92,PRO
5072,93,PRO
5073,75,PRO
5074,94,PRO
5075,92,PRO
5076,93,PRO
5077,94,PRO
5078,75,PRO
5079,75,PRO
5080,67,PRO
5081,75,PRO
5082,78,PRO
5083,78,PRO
5084,94,PRO
5085,92,PRO
5086,75,PRO
5087,94,PRO
5088,75,PRO
5089,75,PRO
5090,78,PRO
5091,75,PRO
5092,33,PRO
5093,67,PRO
5094,33,PRO
5095,94,PRO
5096,75,PRO
5097,75,PRO
5098,75,PRO
5099,44,PRO
5100,75,PRO
5101,33,PRO
5102,75,PRO
5103,92,PRO
5104,93,PRO
5105,44,PRO
5106,78,PRO
5107,94,PRO
5108,67,PRO
5109,75,PRO
5110,92,PRO
5111,77,PRO
5112,92,PRO
5113,94,PRO
5114,75,PRO
5115,93,PRO
5116,67,PRO
5117,78,PRO
5118,93,PRO
5119,33,PRO
5120,78,PRO
5121,92,PRO
5122,75,PRO
5123,44,PRO
5124,92,PRO
5125,75,PRO
5126,67,PRO
5127,33,PRO
5128,95,PRO
5129,44,PRO
5130,94,PRO
5131,94,PRO
5132,75,PRO
5133,92,PRO
5134,93,PRO
5135,94,PRO
5136,92,PRO
5137,93,PRO
5138,67,PRO
5139,75,PRO
5140,75,PRO
5141,75,PRO
5142,94,PRO
5143,75,PRO
5144,94,PRO
5145,95,PRO
5146,92,PRO
5147,92,PRO
5148,93,PRO
5149,75,PRO
5150,93,PRO
5151,78,PRO
5152,93,PRO
5153,75,PRO
5154,92,PRO
5155,44,PRO
5156,75,PRO
5157,95,PRO
5158,75,PRO
5159,33,PRO
5160,93,PRO
5161,75,PRO
5162,94,PRO
5163,33,PRO
5164,75,PRO
5165,92,PRO
5166,93,PRO
5167,92,PRO
5168,94,PRO
5169,93,PRO
5170,75,PRO
5171,75,PRO
5172,67,PRO
5173,33,PRO
5174,92,PRO
5175,94,PRO
5176,75,PRO
5177,93,PRO
5178,93,PRO
5179,94,PRO
5180,93,PRO
5181,75,PRO
5182,78,PRO
5183,75,PRO
5184,92,PRO
5185,94,PRO
5186,93,PRO
5187,44,PRO
5188,92,PRO
5189,92,PRO
5190,93,PRO
5191,92,PRO
5192,75,PRO
5193,75,PRO
5194,94,PRO
5195,75,PRO
5196,92,PRO
5197,75,PRO
5198,78,PRO
5199,75,PRO
5200,33,PRO
5201,75,PRO
5202,75,PRO
5203,75,PRO
5204,67,PRO
5205,92,PRO
5206,67,PRO
5207,92,PRO
5208,75,PRO
5209,93,PRO
5210,93,PRO
5211,92,PRO
5212,75,PRO
5213,78,PRO
5214,94,PRO
5215,92,PRO
5216,92,PRO
5217,33,PRO
5218,67,PRO
5219,92,PRO
5220,93,PRO
5221,75,PRO
5222,78,PRO
5223,94,PRO
5224,92,PRO
5225,75,PRO
5226,94,PRO
5227,92,PRO
5228,75,PRO
5229,33,PRO
5230,92,PRO
5231,93,PRO
5232,94,PRO
5233,75,PRO
5234,95,PRO
5235,78,PRO
5236,92,PRO
5237,95,PRO
5238,94,PRO
5239,75,PRO
5240,75,PRO
5241,92,PRO
5242,75,PRO
5243,33,PRO
5244,33,PRO
5245,75,PRO
5246,78,PRO
5247,94,PRO
5248,92,PRO
5249,67,PRO
5250,94,PRO
5251,75,PRO
5252,75,PRO
5253,44,PRO
5254,94,PRO
5255,92,PRO
5256,78,PRO
5257,75,PRO
5258,75,PRO
5259,75,PRO
5260,78,PRO
5261,92,PRO
5262,93,PRO
5263,75,PRO
5264,92,PRO
5265,75,PRO
5266,94,PRO
5267,94,PRO
5268,93,PRO
5269,75,PRO
5270,75,PRO
5271,92,PRO
5272,92,PRO
5273,33,PRO
5274,92,PRO
5275,94,PRO
5276,92,PRO
5277,75,PRO
5278,75,PRO
5279,44,PRO
5280,94,PRO
5281,92,PRO
5282,33,PRO
5283,92,PRO
5284,44,PRO
5285,78,PRO
5286,94,PRO
5287,92,PRO
5288,94,PRO
5289,75,PRO
5290,92,PRO
5291,78,PRO
5292,75,PRO
5293,94,PRO
5294,75,PRO
5295,78,PRO
5296,75,PRO
5297,94,PRO
5298,94,PRO
5299,94,PRO
5300,75,PRO
5301,33,PRO
5302,78,PRO
5303,94,PRO
5304,44,PRO
5305,75,PRO
5306,94,PRO
5307,44,PRO
5308,78,PRO
5309,75,PRO
5310,92,PRO
5311,75,PRO
5312,33,PRO
5313,93,PRO
5314,75,PRO
5315,94,PRO
5316,78,PRO
5317,33,PRO
5318,44,PRO
5319,94,PRO
5320,92,PRO
5321,78,PRO
5322,33,PRO
5323,33,PRO
5324,78,PRO
5325,75,PRO
5326,44,PRO
5327,78,PRO
5328,92,PRO
5329,75,PRO
5330,75,PRO
5331,67,PRO
5332,33,PRO
5333,95,PRO
5334,92,PRO
5335,93,PRO
5336,78,PRO
5337,92,PRO
5338,92,PRO
5339,67,PRO
5340,75,PRO
5341,94,PRO
5342,92,PRO
5343,75,PRO
5344,44,PRO
5345,93,PRO
5346,75,PRO
5347,44,PRO
5348,67,PRO
5349,92,PRO
5350,75,PRO
5351,78,PRO
5352,92,PRO
5353,78,PRO
5354,92,PRO
5355,94,PRO
5356,93,PRO
5357,75,PRO
5358,78,PRO
5359,94,PRO
5360,75,PRO
5361,93,PRO
5362,94,PRO
5363,78,PRO
5364,75,PRO
5365,93,PRO
5366,94,PRO
5367,75,PRO
5368,93,PRO
5369,75,PRO
5370,78,PRO
5371,44,PRO
5372,94,PRO
5373,75,PRO
5374,44,PRO
5375,92,PRO
5376,94,PRO
5377,92,PRO
5378,94,PRO
5379,75,PRO
5380,75,PRO
5381,75,PRO
5382,78,PRO
5383,92,PRO
5384,78,PRO
5385,67,PRO
5386,44,PRO
5387,78,PRO
5388,92,PRO
5389,78,PRO
5390,75,PRO
5391,75,PRO
5392,94,PRO
5393,78,PRO
5394,75,PRO
5395,94,PRO
5396,33,PRO
5397,75,PRO
5398,75,PRO
5399,75,PRO
5400,94,PRO
5401,94,PRO
5402,33,PRO
5403,92,PRO
5404,93,PRO
5405,75,PRO
5406,44,PRO
5407,44,PRO
5408,75,PRO
5409,44,PRO
5410,93,PRO
5411,75,PRO
5412,67,PRO
5413,75,PRO
5414,67,PRO
5415,44,PRO
5416,92,PRO
5417,44,PRO
5418,78,PRO
5419,94,PRO
5420,33,PRO
5421,78,PRO
5422,93,PRO
5423,92,PRO
5424,33,PRO
5425,75,PRO
5426,92,PRO
5427,94,PRO
5428,33,PRO
5429,92,PRO
5430,33,PRO
5431,75,PRO
5432,75,PRO
5433,94,PRO
5434,67,PRO
5435,92,PRO
5436,93,PRO
5437,92,PRO
5438,75,PRO
5439,93,PRO
5440,92,PRO
5441,94,PRO
5442,33,PRO
5443,33,PRO
5444,92,PRO
5445,75,PRO
5446,33,PRO
5447,33,PRO
5448,75,PRO
5449,92,PRO
5450,94,PRO
5451,67,PRO
5452,44,PRO
5453,93,PRO
5454,95,PRO
5455,75,PRO
5456,78,PRO
5457,75,PRO
5458,75,PRO
5459,94,PRO
5460,93,PRO
5461,92,PRO
5462,93,PRO
5463,33,PRO
5464,94,PRO
5465,44,PRO
5466,75,PRO
5467,78,PRO
5468,33,PRO
5469,92,PRO
5470,92,PRO
5471,75,PRO
5472,33,PRO
5473,78,PRO
5474,67,PRO
5475,93,PRO
5476,95,PRO
5477,67,PRO
5478,93,PRO
5479,94,PRO
5480,44,PRO
5481,78,PRO
5482,94,PRO
5483,78,PRO
5484,67,PRO
5485,75,PRO
5486,75,PRO
5487,33,PRO
5488,75,PRO
5489,33,PRO
5490,92,PRO
5491,92,PRO
5492,44,PRO
5493,78,PRO
5494,75,PRO
5495,95,PRO
5496,33,PRO
5497,92,PRO
5498,33,PRO
5499,75,PRO
5500,75,PRO
5501,78,PRO
5502,94,PRO
5503,44,PRO
5504,33,PRO
5505,75,PRO
5506,93,PRO
5507,92,PRO
5508,75,PRO
5509,94,PRO
5510,93,PRO
5511,33,PRO
5512,75,PRO
5513,44,PRO
5514,78,PRO
5515,93,PRO
5516,78,PRO
5517,92,PRO
5518,67,PRO
5519,94,PRO
5520,75,PRO
5521,44,PRO
5522,75,PRO
5523,92,PRO
5524,33,PRO
5525,33,PRO
5526,75,PRO
5527,33,PRO
5528,78,PRO
5529,44,PRO
5530,92,PRO
5531,94,PRO
5532,92,PRO
5533,78,PRO
5534,95,PRO
5535,33,PRO
5536,75,PRO
5537,92,PRO
5538,78,PRO
5539,75,PRO
5540,94,PRO
5541,92,PRO
5542,94,PRO
5543,92,PRO
5544,93,PRO
5545,44,PRO
5546,92,PRO
5547,93,PRO
5548,33,PRO
5549,33,PRO
5550,33,PRO
5551,33,PRO
5552,44,PRO
5553,93,PRO
5554,93,PRO
5555,92,PRO
5556,75,PRO
5557,92,PRO
5558,33,PRO
5559,94,PRO
5560,33,PRO
5561,67,PRO
5562,94,PRO
5563,33,PRO
5564,93,PRO
5565,33,PRO
5566,78,PRO
5567,94,PRO
5568,75,PRO
5569,94,PRO
5570,93,PRO
5571,94,PRO
5572,94,PRO
5573,93,PRO
5574,75,PRO
5575,93,PRO
5576,75,PRO
5577,78,PRO
5578,93,PRO
5579,93,PRO
5580,78,PRO
5581,33,PRO
5582,78,PRO
5583,44,PRO
5584,94,PRO
5585,44,PRO
5586,94,PRO
5587,78,PRO
5588,94,PRO
5589,78,PRO
5590,75,PRO
5591,75,PRO
5592,75,PRO
5593,75,PRO
5594,75,PRO
5595,33,PRO
5596,94,PRO
5597,78,PRO
5598,67,PRO
5599,44,PRO
5600,94,PRO
5601,94,PRO
5602,75,PRO
5603,33,PRO
5604,44,PRO
5605,93,PRO
5606,92,PRO
5607,33,PRO
5608,15,PRO
5609,44,PRO
5610,33,PRO
5611,75,PRO
5612,75,PRO
5613,92,PRO
5614,44,PRO
5615,92,PRO
5616,92,PRO
5617,67,PRO
5618,75,PRO
5619,75,PRO
5620,75,PRO
5621,93,PRO
5622,93,PRO
5623,95,PRO
5624,33,PRO
5625,92,PRO
5626,94,PRO
5627,67,PRO
5628,78,PRO
5629,33,PRO
5630,93,PRO
5631,78,PRO
5632,75,PRO
5633,33,PRO
5634,75,PRO
5635,33,PRO
5636,75,PRO
5637,78,PRO
5638,75,PRO
5639,92,PRO
5640,75,PRO
5641,94,PRO
5642,67,PRO
5643,92,PRO
5644,92,PRO
5645,92,PRO
5646,33,PRO
5647,91,PRO
5648,95,PRO
5649,94,PRO
5650,44,PRO
5651,75,PRO
5652,75,PRO
5653,94,PRO
5654,33,PRO
5655,75,PRO
5656,94,PRO
5657,93,PRO
5658,75,PRO
5659,75,PRO
5660,44,PRO
5661,92,PRO
5662,92,PRO
5663,92,PRO
5664,63,PRO
5665,93,PRO
5666,94,PRO
5667,33,PRO
5668,78,PRO
5669,33,PRO
5670,75,PRO
5671,92,PRO
5672,75,PRO
5673,75,PRO
5674,92,PRO
5675,33,PRO
5676,78,PRO
5677,44,PRO
5678,92,PRO
5679,94,PRO
5680,75,PRO
5681,78,PRO
5682,67,PRO
5683,75,PRO
5684,75,PRO
5685,75,PRO
5686,94,PRO
5687,63,PRO
5688,44,PRO
5689,"94,92",PRO
5690,44,PRO
5691,78,PRO
5692,75,PRO
5693,75,PRO
5694,75,PRO
5695,75,PRO
5696,92,PRO
5697,44,PRO
5698,94,PRO
5699,75,PRO
5700,44,PRO
5701,75,PRO
5702,75,PRO
5703,78,PRO
5704,33,PRO
5705,75,PRO
5706,78,PRO
5707,93,PRO
5708,75,PRO
5709,33,PRO
5710,94,PRO
5711,67,PRO
5712,33,PRO
5713,44,PRO
5714,92,PRO
5715,92,PRO
5716,67,PRO
5717,92,PRO
5718,93,PRO
5719,95,PRO
5720,75,PRO
5721,91,PRO
5722,78,PRO
5723,93,PRO
5724,92,PRO
5725,78,PRO
5726,94,PRO
5727,78,PRO
5728,93,PRO
5729,75,PRO
5730,75,PRO
5731,67,PRO
5732,13,PRO
5733,92,PRO
5734,78,PRO
5735,44,PRO
5736,92,PRO
5737,75,PRO
5738,92,PRO
5739,92,PRO
5740,67,PRO
5741,78,PRO
5742,75,PRO
5743,33,PRO
5744,44,PRO
5745,93,PRO
5746,75,PRO
5747,75,PRO
5748,93,PRO
5749,93,PRO
5750,67,PRO
5751,33,PRO
5752,33,PRO
5753,78,PRO
5754,75,PRO
5755,75,PRO
5756,78,PRO
5757,33,PRO
5758,94,PRO
5759,33,PRO
5760,13,PRO
5761,75,PRO
5762,75,PRO
5763,75,PRO
5764,92,PRO
5765,75,PRO
5766,94,PRO
5767,78,PRO
5768,67,PRO
5769,92,PRO
5770,94,PRO
5771,94,PRO
5772,75,PRO
5773,75,PRO
5774,33,PRO
5775,75,PRO
5776,75,PRO
5777,78,PRO
5778,78,PRO
5779,95,PRO
5780,33,PRO
5781,92,PRO
5782,78,PRO
5783,94,PRO
5784,44,PRO
5785,78,PRO
5786,92,PRO
5787,93,PRO
5788,63,PRO
5789,78,PRO
5790,33,PRO
5791,33,PRO
5792,44,PRO
5793,93,PRO
5794,75,PRO
5795,33,PRO
5796,75,PRO
5797,75,PRO
5798,33,PRO
5799,67,PRO
5800,93,PRO
5801,93,PRO
5802,75,PRO
5803,78,PRO
5804,78,PRO
5805,92,PRO
5806,77,PRO
5807,44,PRO
5808,75,PRO
5809,78,PRO
5810,75,PRO
5811,92,PRO
5812,33,PRO
5813,75,PRO
5814,95,PRO
5815,95,PRO
5816,78,PRO
5817,92,PRO
5818,75,PRO
5819,92,PRO
5820,75,PRO
5821,78,PRO
5822,75,PRO
5823,78,PRO
5824,78,PRO
5825,75,PRO
5826,92,PRO
5827,75,PRO
5828,75,PRO
5829,93,PRO
5830,75,PRO
5831,92,PRO
5832,93,PRO
5833,75,PRO
5834,92,PRO
5835,94,PRO
5836,78,PRO
5837,63,PRO
5838,75,PRO
5839,75,PRO
5840,75,PRO
5841,75,PRO
5842,44,PRO
5843,44,PRO
5844,93,PRO
5845,78,PRO
5846,92,PRO
5847,93,PRO
5848,33,PRO
5849,75,PRO
5850,78,PRO
5851,33,PRO
5852,75,PRO
5853,75,PRO
5854,33,PRO
5855,75,PRO
5856,92,PRO
5857,95,PRO
5858,93,PRO
5859,93,PRO
5860,95,PRO
5861,93,PRO
5862,93,PRO
5863,92,PRO
5864,93,PRO
5865,93,PRO
5866,93,PRO
5867,33,PRO
5868,91,PRO
5869,33,PRO
5870,75,PRO
5871,67,PRO
5872,93,PRO
5873,92,PRO
5874,33,PRO
5875,75,PRO
5876,75,PRO
5877,93,PRO
5878,93,PRO
5879,93,PRO
5880,92,PRO
5881,75,PRO
5882,75,PRO
5883,78,PRO
5884,93,PRO
5885,94,PRO
5886,13,PRO
5887,94,PRO
5888,75,PRO
5889,33,PRO
5890,94,PRO
5891,93,PRO
5892,93,PRO
5893,"93,75",PRO
5894,75,PRO
5895,93,PRO
5896,92,PRO
5897,75,PRO
5898,33,PRO
5899,75,PRO
5900,92,PRO
5901,67,PRO
5902,94,PRO
5903,75,PRO
5904,92,PRO
5905,33,PRO
5906,93,PRO
5907,75,PRO
5908,75,PRO
5909,92,PRO
5910,"94,92",PRO
5911,92,PRO
5912,92,PRO
5913,93,PRO
5914,92,PRO
5915,33,PRO
5916,44,PRO
5917,33,PRO
5918,92,PRO
5919,94,PRO
5920,75,PRO
5921,92,PRO
5922,92,PRO
5923,44,PRO
5924,75,PRO
5925,93,PRO
5926,93,PRO
5927,92,PRO
5928,92,PRO
5929,33,PRO
5930,75,PRO
5931,75,PRO
5932,93,PRO
5933,78,PRO
5934,75,PRO
5935,75,PRO
5936,44,PRO
5937,78,PRO
5938,92,PRO
5939,67,PRO
5940,91,PRO
5941,78,PRO
5942,93,PRO
5943,75,PRO
5944,75,PRO
5945,33,PRO
5946,92,PRO
5947,75,PRO
5948,95,PRO
5949,92,PRO
5950,75,PRO
5951,67,PRO
5952,75,PRO
5953,33,PRO
5954,33,PRO
5955,78,PRO
5956,93,PRO
5957,92,PRO
5958,93,PRO
5959,93,PRO
5960,93,PRO
5961,67,PRO
5962,95,PRO
5963,75,PRO
5964,75,PRO
5965,94,PRO
5966,93,PRO
5967,75,PRO
5968,93,PRO
5969,75,PRO
5970,75,PRO
5971,93,PRO
5972,33,PRO
5973,75,PRO
5974,75,PRO
5975,33,PRO
5976,75,PRO
5977,33,PRO
5978,95,PRO
5979,78,PRO
5980,92,PRO
5981,78,PRO
5982,75,PRO
5983,33,PRO
5984,75,PRO
5985,93,PRO
5986,93,PRO
5987,93,PRO
5988,67,PRO
5989,67,PRO
5990,75,PRO
5991,44,PRO
5992,75,PRO
5993,78,PRO
5994,33,PRO
5995,93,PRO
5996,92,PRO
5997,78,PRO
5998,75,PRO
5999,78,PRO
6000,67,PRO
6001,75,PRO
6002,93,PRO
6003,93,PRO
6004,92,PRO
6005,75,PRO
6006,95,PRO
6007,93,PRO
6008,44,PRO
6009,33,PRO
6010,67,PRO
6011,92,PRO
6012,33,PRO
6013,33,PRO
6014,94,PRO
6015,93,PRO
6016,93,PRO
6017,33,PRO
6018,94,PRO
6019,75,PRO
6020,92,PRO
6021,75,PRO
6022,33,PRO
6023,44,PRO
6024,33,PRO
6025,93,PRO
6026,33,PRO
6027,78,PRO
6028,75,PRO
6029,75,PRO
6030,78,PRO
6031,78,PRO
6032,63,PRO
6033,33,PRO
6034,44,PRO
6035,44,PRO
6036,78,PRO
6037,92,PRO
6038,94,PRO
6039,94,PRO
6040,75,PRO
6041,75,PRO
6042,78,PRO
6043,75,PRO
6044,78,PRO
6045,78,PRO
6046,75,PRO
6047,92,PRO
6048,93,PRO
6049,94,PRO
6050,33,PRO
6051,78,PRO
6052,93,PRO
6053,78,PRO
6054,94,PRO
6055,75,PRO
6056,33,PRO
6057,92,PRO
6058,75,PRO
6059,75,PRO
6060,78,PRO
6061,94,PRO
6062,92,PRO
6063,78,PRO
6064,44,PRO
6065,78,PRO
6066,94,PRO
6067,33,PRO
6068,33,PRO
6069,78,PRO
6070,75,PRO
6071,92,PRO
6072,67,PRO
6073,92,PRO
6074,93,PRO
6075,67,PRO
6076,75,PRO
6077,92,PRO
6078,92,PRO
6079,95,PRO
6080,33,PRO
6081,75,PRO
6082,75,PRO
6083,75,PRO
6084,92,PRO
6085,75,PRO
6086,75,PRO
6087,92,PRO
6088,93,PRO
6089,75,PRO
6090,92,PRO
6091,75,PRO
6092,78,PRO
6093,78,PRO
6094,75,PRO
6095,33,PRO
6096,94,PRO
6097,93,PRO
6098,78,PRO
6099,78,PRO
6100,33,PRO
6101,94,PRO
6102,33,PRO
6103,92,PRO
6104,92,PRO
6105,33,PRO
6106,44,PRO
6107,33,PRO
6108,92,PRO
6109,78,PRO
6110,93,PRO
6111,92,PRO
6112,94,PRO
6113,78,PRO
6114,92,PRO
6115,67,PRO
6116,95,PRO
6117,92,PRO
6118,92,PRO
6119,92,PRO
6120,93,PRO
6121,75,PRO
6122,93,PRO
6123,95,PRO
6124,94,PRO
6125,93,PRO
6126,33,PRO
6127,33,PRO
6128,67,PRO
6129,94,PRO
6130,75,PRO
6131,92,PRO
6132,93,PRO
6133,75,PRO
6134,92,PRO
6135,67,PRO
6136,95,PRO
6137,92,PRO
6138,75,PRO
6139,78,PRO
6140,75,PRO
6141,75,PRO
6142,93,PRO
6143,75,PRO
6144,94,PRO
6145,75,PRO
6146,95,PRO
6147,75,PRO
6148,92,PRO
6149,75,PRO
6150,75,PRO
6151,78,PRO
6152,67,PRO
6153,67,PRO
6154,78,PRO
6155,33,PRO
6156,92,PRO
6157,33,PRO
6158,92,PRO
6159,75,PRO
6160,93,PRO
6161,33,PRO
6162,78,PRO
6163,92,PRO
6164,92,PRO
6165,75,PRO
6166,75,PRO
6167,92,PRO
6168,94,PRO
6169,94,PRO
6170,33,PRO
6171,33,PRO
6172,75,PRO
6173,95,PRO
6174,92,PRO
6175,78,PRO
6176,75,PRO
6177,75,PRO
6178,67,PRO
6179,33,PRO
6180,93,PRO
6181,75,PRO
6182,93,PRO
6183,75,PRO
6184,93,PRO
6185,44,PRO
6186,75,PRO
6187,33,PRO
6188,93,PRO
6189,75,PRO
6190,33,PRO
6191,33,PRO
6192,75,PRO
6193,63,PRO
6194,33,PRO
6195,78,PRO
6196,92,PRO
6197,93,PRO
6198,44,PRO
6199,78,PRO
6200,78,PRO
6201,93,PRO
6202,44,PRO
6203,33,PRO
6204,75,PRO
6205,67,PRO
6206,78,PRO
6207,75,PRO
6208,75,PRO
6209,67,PRO
6210,75,PRO
6211,75,PRO
6212,95,PRO
6213,93,PRO
6214,75,PRO
6215,92,PRO
6216,92,PRO
6217,67,PRO
6218,75,PRO
6219,75,PRO
6220,44,PRO
6221,92,PRO
6222,75,PRO
6223,75,PRO
6224,93,PRO
6225,93,PRO
6226,94,PRO
6227,75,PRO
6228,75,PRO
6229,92,PRO
6230,67,PRO
6231,75,PRO
6232,92,PRO
6233,78,PRO
6234,44,PRO
6235,95,PRO
6236,75,PRO
6237,75,PRO
6238,92,PRO
6239,75,PRO
6240,78,PRO
6241,33,PRO
6242,75,PRO
6243,75,PRO
6244,94,PRO
6245,78,PRO
6246,44,PRO
6247,75,PRO
6248,93,PRO
6249,93,PRO
6250,75,PRO
6251,75,PRO
6252,92,PRO
6253,91,PRO
6254,75,PRO
6255,92,PRO
6256,75,PRO
6257,77,PRO
6258,78,PRO
6259,33,PRO
6260,95,PRO
6261,92,PRO
6262,75,PRO
6263,75,PRO
6264,75,PRO
6265,75,PRO
6266,92,PRO
6267,93,PRO
6268,75,PRO
6269,33,PRO
6270,78,PRO
6271,44,PRO
6272,92,PRO
6273,33,PRO
6274,78,PRO
6275,67,PRO
6276,75,PRO
6277,33,PRO
6278,92,PRO
6279,33,PRO
6280,75,PRO
6281,92,PRO
6282,92,PRO
6283,33,PRO
6284,75,PRO
6285,94,PRO
6286,78,PRO
6287,67,PRO
6288,92,PRO
6289,75,PRO
6290,94,PRO
6291,92,PRO
6292,33,PRO
6293,63,PRO
6294,78,PRO
6295,44,PRO
6296,67,PRO
6297,75,PRO
6298,78,PRO
6299,44,PRO
6300,75,PRO
6301,92,PRO
6302,92,PRO
6303,75,PRO
6304,78,PRO
6305,78,PRO
6306,92,PRO
6307,33,PRO
6308,67,PRO
6309,92,PRO
6310,78,PRO
6311,92,PRO
6312,78,PRO
6313,92,PRO
6314,33,PRO
6315,92,PRO
6316,75,PRO
6317,94,PRO
6318,33,PRO
6319,67,PRO
6320,93,PRO
6321,33,PRO
6322,33,PRO
6323,67,PRO
6324,44,PRO
6325,75,PRO
6326,75,PRO
6327,33,PRO
6328,92,PRO
6329,94,PRO
6330,33,PRO
6331,91,PRO
6332,92,PRO
6333,33,PRO
6334,33,PRO
6335,33,PRO
6336,93,PRO
6337,75,PRO
6338,78,PRO
6339,94,PRO
6340,92,PRO
6341,78,PRO
6342,33,PRO
6343,33,PRO
6344,75,PRO
6345,92,PRO
6346,94,PRO
6347,78,PRO
6348,92,PRO
6349,67,PRO
6350,93,PRO
6351,75,PRO
6352,92,PRO
6353,92,PRO
6354,92,PRO
6355,75,PRO
6356,78,PRO
6357,75,PRO
6358,33,PRO
6359,92,PRO
6360,75,PRO
6361,33,PRO
6362,92,PRO
6363,78,PRO
6364,93,PRO
6365,92,PRO
6366,93,PRO
6367,67,PRO
6368,92,PRO
6369,75,PRO
6370,33,PRO
6371,75,PRO
6372,75,PRO
6373,33,PRO
6374,78,PRO
6375,93,PRO
6376,44,PRO
6377,67,PRO
6378,94,PRO
6379,75,PRO
6380,92,PRO
6381,33,PRO
6382,75,PRO
6383,75,PRO
6384,94,PRO
6385,67,PRO
6386,93,PRO
6387,78,PRO
6388,92,PRO
6389,75,PRO
6390,94,PRO
6391,94,PRO
6392,33,PRO
6393,44,PRO
6394,33,PRO
6395,95,PRO
6396,33,PRO
6397,75,PRO
6398,92,PRO
6399,75,PRO
6400,92,PRO
6401,75,PRO
6402,33,PRO
6403,92,PRO
6404,33,PRO
6405,78,PRO
6406,33,PRO
6407,92,PRO
6408,75,PRO
6409,93,PRO
6410,75,PRO
6411,94,PRO
6412,33,PRO
6413,92,PRO
6414,75,PRO
6415,44,PRO
6416,92,PRO
6417,44,PRO
6418,75,PRO
6419,75,PRO
6420,75,PRO
6421,92,PRO
6422,67,PRO
6423,78,PRO
6424,33,PRO
6425,44,PRO
6426,33,PRO
6427,92,PRO
6428,44,PRO
6429,44,PRO
6430,33,PRO
6431,67,PRO
6432,67,PRO
6433,67,PRO
6434,92,PRO
6435,75,PRO
6436,92,PRO
6437,75,PRO
6438,92,PRO
6439,33,PRO
6440,93,PRO
6441,94,PRO
6442,93,PRO
6443,92,PRO
6444,44,PRO
6445,93,PRO
6446,75,PRO
6447,92,PRO
6448,92,PRO
6449,94,PRO
6450,78,PRO
6451,75,PRO
6452,92,PRO
6453,75,PRO
6454,78,PRO
6455,78,PRO
6456,93,PRO
6457,92,PRO
6458,75,PRO
6459,75,PRO
6460,92,PRO
6461,33,PRO
6462,94,PRO
6463,92,PRO
6464,78,PRO
6465,75,PRO
6466,75,PRO
6467,33,PRO
6468,75,PRO
6469,94,PRO
6470,78,PRO
6471,75,PRO
6472,95,PRO
6473,92,PRO
6474,13,PRO
6475,92,PRO
6476,92,PRO
6477,93,PRO
6478,92,PRO
6479,33,PRO
6480,78,PRO
6481,33,PRO
6482,94,PRO
6483,92,PRO
6484,33,PRO
6485,94,PRO
6486,33,PRO
6487,78,PRO
6488,67,PRO
6489,67,PRO
6490,67,PRO
6491,75,PRO
6492,75,PRO
6493,94,PRO
6494,93,PRO
6495,78,PRO
6496,78,PRO
6497,95,PRO
6498,75,PRO
6499,78,PRO
6500,75,PRO
6501,75,PRO
6502,67,PRO
6503,78,PRO
6504,92,PRO
6505,78,PRO
6506,75,PRO
6507,75,PRO
6508,33,PRO
6509,92,PRO
6510,75,PRO
6511,33,PRO
6512,75,PRO
6513,95,PRO
6514,44,PRO
6515,92,PRO
6516,75,PRO
6517,92,PRO
6518,75,PRO
6519,33,PRO
6520,44,PRO
6521,92,PRO
6522,92,PRO
6523,94,PRO
6524,33,PRO
6525,93,PRO
6526,75,PRO
6527,75,PRO
6528,92,PRO
6529,67,PRO
6530,75,PRO
6531,75,PRO
6532,75,PRO
6533,92,PRO
6534,92,PRO
6535,75,PRO
6536,78,PRO
6537,75,PRO
6538,33,PRO
6539,94,PRO
6540,95,PRO
6541,92,PRO
6542,75,PRO
6543,93,PRO
6544,92,PRO
6545,33,PRO
6546,78,PRO
6547,93,PRO
6548,33,PRO
6549,78,PRO
6550,75,PRO
6551,78,PRO
6552,44,PRO
6553,78,PRO
6554,94,PRO
6555,75,PRO
6556,95,PRO
6557,33,PRO
6558,78,PRO
6559,92,PRO
6560,75,PRO
6561,75,PRO
6562,75,PRO
6563,94,PRO
6564,75,PRO
6565,94,PRO
6566,67,PRO
6567,33,PRO
6568,78,PRO
6569,33,PRO
6570,92,PRO
6571,75,PRO
6572,75,PRO
6573,94,PRO
6574,93,PRO
6575,75,PRO
6576,92,PRO
6577,78,PRO
6578,94,PRO
6579,78,PRO
6580,75,PRO
6581,15,PRO
6582,78,PRO
6583,67,PRO
6584,94,PRO
6585,75,PRO
6586,93,PRO
6587,33,PRO
6588,33,PRO
6589,94,PRO
6590,75,PRO
6591,75,PRO
6592,75,PRO
6593,94,PRO
6594,94,PRO
6595,93,PRO
6596,92,PRO
6597,33,PRO
6598,75,PRO
6599,33,PRO
6600,44,PRO
6601,44,PRO
6602,75,PRO
6603,94,PRO
6604,67,PRO
6605,77,PRO
6606,92,PRO
6607,93,PRO
6608,63,PRO
6609,92,PRO
6610,33,PRO
6611,63,PRO
6612,33,PRO
6613,93,PRO
6614,75,PRO
6615,33,PRO
6616,33,PRO
6617,67,PRO
6618,92,PRO
6619,67,PRO
6620,75,PRO
6621,92,PRO
6622,75,PRO
6623,33,PRO
6624,78,PRO
6625,75,PRO
6626,78,PRO
6627,92,PRO
6628,92,PRO
6629,78,PRO
6630,75,PRO
6631,92,PRO
6632,67,PRO
6633,75,PRO
6634,93,PRO
6635,92,PRO
6636,93,PRO
6637,75,PRO
6638,78,PRO
6639,93,PRO
6640,44,PRO
6641,44,PRO
6642,75,PRO
6643,93,PRO
6644,78,PRO
6645,44,PRO
6646,94,PRO
6647,75,PRO
6648,75,PRO
6649,92,PRO
6650,44,PRO
6651,67,PRO
6652,78,PRO
6653,92,PRO
6654,75,PRO
6655,67,PRO
6656,78,PRO
6657,78,PRO
6658,93,PRO
6659,33,PRO
6660,92,PRO
6661,75,PRO
6662,33,PRO
6663,75,PRO
6664,78,PRO
6665,13,PRO
6666,33,PRO
6667,75,PRO
6668,78,PRO
6669,33,PRO
6670,67,PRO
6671,75,PRO
6672,78,PRO
6673,44,PRO
6674,75,PRO
6675,78,PRO
6676,67,PRO
6677,33,PRO
6678,95,PRO
6679,75,PRO
6680,44,PRO
6681,67,PRO
6682,78,PRO
6683,94,PRO
6684,75,PRO
6685,92,PRO
6686,75,PRO
6687,93,PRO
6688,92,PRO
6689,93,PRO
6690,75,PRO
6691,95,PRO
6692,93,PRO
6693,75,PRO
6694,93,PRO
6695,75,PRO
6696,92,PRO
6697,33,PRO
6698,75,PRO
6699,92,PRO
6700,33,PRO
6701,75,PRO
6702,75,PRO
6703,92,PRO
6704,78,PRO
6705,33,PRO
6706,92,PRO
6707,92,PRO
6708,75,PRO
6709,33,PRO
6710,93,PRO
6711,33,PRO
6712,75,PRO
6713,78,PRO
6714,67,PRO
6715,75,PRO
6716,78,PRO
6717,33,PRO
6718,75,PRO
6719,78,PRO
6720,77,PRO
6721,75,PRO
6722,94,PRO
6723,95,PRO
6724,94,PRO
6725,75,PRO
6726,78,PRO
6727,92,PRO
6728,93,PRO
6729,75,PRO
6730,33,PRO
6731,92,PRO
6732,33,PRO
6733,67,PRO
6734,94,PRO
6735,92,PRO
6736,75,PRO
6737,92,PRO
6738,94,PRO
6739,75,PRO
6740,78,PRO
6741,95,PRO
6742,78,PRO
6743,44,PRO
6744,92,PRO
6745,92,PRO
6746,92,PRO
6747,78,PRO
6748,93,PRO
6749,92,PRO
6750,75,PRO
6751,93,PRO
6752,93,PRO
6753,93,PRO
6754,75,PRO
6755,94,PRO
6756,95,PRO
6757,94,PRO
6758,75,PRO
6759,92,PRO
6760,78,PRO
6761,44,PRO
6762,67,PRO
6763,92,PRO
6764,78,PRO
6765,95,PRO
6766,75,PRO
6767,92,PRO
6768,75,PRO
6769,93,PRO
6770,75,PRO
6771,92,PRO
6772,94,PRO
6773,93,PRO
6774,93,PRO
6775,33,PRO
6776,75,PRO
6777,93,PRO
6778,92,PRO
6779,92,PRO
6780,93,PRO
6781,95,PRO
6782,92,PRO
6783,33,PRO
6784,75,PRO
6785,67,PRO
6786,33,PRO
6787,67,PRO
6788,92,PRO
6789,93,PRO
6790,92,PRO
6791,92,PRO
6792,78,PRO
6793,92,PRO
6794,94,PRO
6795,75,PRO
6796,78,PRO
6797,44,PRO
6798,75,PRO
6799,44,PRO
6800,78,PRO
6801,78,PRO
6802,94,PRO
6803,67,PRO
6804,33,PRO
6805,33,PRO
6806,33,PRO
6807,75,PRO
6808,33,PRO
6809,93,PRO
6810,94,PRO
6811,75,PRO
6812,92,PRO
6813,93,PRO
6814,93,PRO
6815,75,PRO
6816,78,PRO
6817,94,PRO
6818,75,PRO
6819,93,PRO
6820,93,PRO
6821,95,PRO
6822,75,PRO
6823,67,PRO
6824,44,PRO
6825,75,PRO
6826,33,PRO
6827,95,PRO
6828,44,PRO
6829,92,PRO
6830,92,PRO
6831,75,PRO
6832,33,PRO
6833,75,PRO
6834,33,PRO
6835,75,PRO
6836,78,PRO
6837,44,PRO
6838,67,PRO
6839,94,PRO
6840,75,PRO
6841,93,PRO
6842,92,PRO
6843,75,PRO
6844,78,PRO
6845,92,PRO
6846,75,PRO
6847,75,PRO
6848,78,PRO
6849,92,PRO
6850,93,PRO
6851,75,PRO
6852,06,PRO
6853,93,PRO
6854,67,PRO
6855,94,PRO
6856,75,PRO
6857,78,PRO
6858,92,PRO
6859,33,PRO
6860,92,PRO
6861,75,PRO
6862,75,PRO
6863,33,PRO
6864,67,PRO
6865,67,PRO
6866,78,PRO
6867,94,PRO
6868,63,PRO
6869,75,PRO
6870,92,PRO
6871,92,PRO
6872,75,PRO
6873,92,PRO
6874,95,PRO
6875,94,PRO
6876,33,PRO
6877,75,PRO
6878,75,PRO
6879,92,PRO
6880,75,PRO
6881,75,PRO
6882,44,PRO
6883,67,PRO
6884,75,PRO
6885,75,PRO
6886,93,PRO
6887,94,PRO
6888,44,PRO
6889,75,PRO
6890,33,PRO
6891,78,PRO
6892,94,PRO
6893,93,PRO
6894,78,PRO
6895,75,PRO
6896,92,PRO
6897,33,PRO
6898,75,PRO
6899,78,PRO
6900,78,PRO
6901,63,PRO
6902,78,PRO
6903,33,PRO
6904,78,PRO
6905,33,PRO
6906,78,PRO
6907,33,PRO
6908,33,PRO
6909,75,PRO
6910,92,PRO
6911,93,PRO
6912,93,PRO
6913,92,PRO
6914,92,PRO
6915,33,PRO
6916,33,PRO
6917,95,PRO
6918,92,PRO
6919,93,PRO
6920,33,PRO
6921,75,PRO
6922,93,PRO
6923,44,PRO
6924,94,PRO
6925,75,PRO
6926,44,PRO
6927,94,PRO
6928,33,PRO
6929,75,PRO
6930,33,PRO
6931,92,PRO
6932,93,PRO
6933,92,PRO
6934,78,PRO
6935,67,PRO
6936,75,PRO
6937,67,PRO
6938,92,PRO
6939,33,PRO
6940,33,PRO
6941,44,PRO
6942,94,PRO
6943,44,PRO
6944,78,PRO
6945,75,PRO
6946,67,PRO
6947,75,PRO
6948,78,PRO
6949,44,PRO
6950,94,PRO
6951,95,PRO
6952,92,PRO
6953,78,PRO
6954,44,PRO
6955,78,PRO
6956,92,PRO
6957,75,PRO
6958,75,PRO
6959,93,PRO
6960,92,PRO
6961,92,PRO
6962,33,PRO
6963,93,PRO
6964,94,PRO
6965,92,PRO
6966,95,PRO
6967,33,PRO
6968,92,PRO
6969,92,PRO
6970,75,PRO
6971,95,PRO
6972,33,PRO
6973,94,PRO
6974,33,PRO
6975,75,PRO
6976,92,PRO
6977,67,PRO
6978,44,PRO
6979,75,PRO
6980,67,PRO
6981,94,PRO
6982,93,PRO
6983,75,PRO
6984,75,PRO
6985,92,PRO
6986,95,PRO
6987,75,PRO
6988,78,PRO
6989,33,PRO
6990,78,PRO
6991,92,PRO
6992,33,PRO
6993,75,PRO
6994,92,PRO
6995,33,PRO
6996,78,PRO
6997,44,PRO
6998,75,PRO
6999,33,PRO
7000,78,PRO
7001,94,PRO
7002,78,PRO
7003,93,PRO
7004,78,PRO
7005,44,PRO
7006,93,PRO
7007,67,PRO
7008,92,PRO
7009,33,PRO
7010,93,PRO
7011,93,PRO
7012,94,PRO
7013,78,PRO
7014,93,PRO
7015,93,PRO
7016,75,PRO
7017,93,PRO
7018,94,PRO
7019,94,PRO
7020,44,PRO
7021,75,PRO
7022,75,PRO
7023,92,PRO
7024,75,PRO
7025,78,PRO
7026,92,PRO
7027,75,PRO
7028,92,PRO
7029,44,PRO
7030,92,PRO
7031,33,PRO
7032,75,PRO
7033,75,PRO
7034,93,PRO
7035,92,PRO
7036,75,PRO
7037,94,PRO
7038,93,PRO
7039,75,PRO
7040,78,PRO
7041,75,PRO
7042,33,PRO
7043,78,PRO
7044,93,PRO
7045,92,PRO
7046,44,PRO
7047,94,PRO
7048,44,PRO
7049,95,PRO
7050,93,PRO
7051,75,PRO
7052,75,PRO
7053,33,PRO
7054,75,PRO
7055,93,PRO
7056,33,PRO
7057,92,PRO
7058,92,PRO
7059,44,PRO
7060,75,PRO
7061,33,PRO
7062,33,PRO
7063,78,PRO
7064,33,PRO
7065,92,PRO
7066,75,PRO
7067,92,PRO
7068,94,PRO
7069,94,PRO
7070,92,PRO
7071,94,PRO
7072,78,PRO
7073,78,PRO
7074,93,PRO
7075,75,PRO
7076,33,PRO
7077,95,PRO
7078,92,PRO
7079,92,PRO
7080,67,PRO
7081,93,PRO
7082,44,PRO
7083,33,PRO
7084,33,PRO
7085,44,PRO
7086,92,PRO
7087,33,PRO
7088,33,PRO
7089,33,PRO
7090,33,PRO
7091,78,PRO
7092,75,PRO
7093,93,PRO
7094,92,PRO
7095,92,PRO
7096,33,PRO
7097,75,PRO
7098,63,PRO
7099,75,PRO
7100,67,PRO
7101,33,PRO
7102,93,PRO
7103,78,PRO
7104,44,PRO
7105,92,PRO
7106,93,PRO
7107,67,PRO
7108,92,PRO
7109,93,PRO
7110,75,PRO
7111,92,PRO
7112,92,PRO
7113,94,PRO
7114,75,PRO
7115,44,PRO
7116,94,PRO
7117,75,PRO
7118,92,PRO
7119,92,PRO
7120,92,PRO
7121,92,PRO
7122,44,PRO
7123,75,PRO
7124,92,PRO
7125,92,PRO
7126,92,PRO
7127,78,PRO
7128,75,PRO
7129,92,PRO
7130,67,PRO
7131,33,PRO
7132,94,PRO
7133,93,PRO
7134,92,PRO
7135,94,PRO
7136,94,PRO
7137,92,PRO
7138,93,PRO
7139,44,PRO
7140,75,PRO
7141,75,PRO
7142,93,PRO
7143,75,PRO
7144,92,PRO
7145,75,PRO
7146,93,PRO
7147,91,PRO
7148,92,PRO
7149,78,PRO
7150,44,PRO
7151,93,PRO
7152,75,PRO
7153,75,PRO
7154,44,PRO
7155,75,PRO
7156,33,PRO
7157,33,PRO
7158,78,PRO
7159,33,PRO
7160,33,PRO
7161,93,PRO
7162,92,PRO
7163,78,PRO
7164,94,PRO
7165,75,PRO
7166,93,PRO
7167,78,PRO
7168,95,PRO
7169,93,PRO
7170,44,PRO
7171,33,PRO
7172,33,PRO
7173,67,PRO
7174,92,PRO
7175,75,PRO
7176,75,PRO
7177,91,PRO
7178,93,PRO
7179,92,PRO
7180,78,PRO
7181,92,PRO
7182,78,PRO
7183,75,PRO
7184,75,PRO
7185,33,PRO
7186,94,PRO
7187,95,PRO
7188,92,PRO
7189,78,PRO
7190,44,PRO
7191,93,PRO
7192,75,PRO
7193,78,PRO
7194,92,PRO
7195,75,PRO
7196,94,PRO
7197,93,PRO
7198,75,PRO
7199,67,PRO
7200,93,PRO
7201,78,PRO
7202,75,PRO
7203,75,PRO
7204,44,PRO
7205,93,PRO
7206,75,PRO
7207,75,PRO
7208,44,PRO
7209,94,PRO
7210,13,PRO
7211,44,PRO
7212,93,PRO
7213,78,PRO
7214,92,PRO
7215,33,PRO
7216,93,PRO
7217,78,PRO
7218,92,PRO
7219,75,PRO
7220,75,PRO
7221,93,PRO
7222,78,PRO
7223,75,PRO
7224,44,PRO
7225,93,PRO
7226,95,PRO
7227,92,PRO
7228,75,PRO
7229,33,PRO
7230,92,PRO
7231,95,PRO
7232,92,PRO
7233,92,PRO
7234,94,PRO
7235,75,PRO
7236,94,PRO
7237,78,PRO
7238,92,PRO
7239,92,PRO
7240,75,PRO
7241,75,PRO
7242,33,PRO
7243,67,PRO
7244,33,PRO
7245,78,PRO
7246,67,PRO
7247,33,PRO
7248,92,PRO
7249,75,PRO
7250,92,PRO
7251,93,PRO
7252,92,PRO
7253,95,PRO
7254,75,PRO
7255,92,PRO
7256,75,PRO
7257,92,PRO
7258,93,PRO
7259,44,PRO
7260,75,PRO
7261,33,PRO
7262,93,PRO
7263,93,PRO
7264,75,PRO
7265,92,PRO
7266,75,PRO
7267,92,PRO
7268,33,PRO
7269,75,PRO
7270,67,PRO
7271,78,PRO
7272,75,PRO
7273,67,PRO
7274,33,PRO
7275,33,PRO
7276,78,PRO
7277,92,PRO
7278,92,PRO
7279,94,PRO
7280,33,PRO
7281,92,PRO
7282,78,PRO
7283,94,PRO
7284,93,PRO
7285,78,PRO
7286,78,PRO
7287,94,PRO
7288,67,PRO
7289,75,PRO
7290,75,PRO
7291,94,PRO
7292,93,PRO
7293,33,PRO
7294,78,PRO
7295,93,PRO
7296,44,PRO
7297,95,PRO
7298,94,PRO
7299,95,PRO
7300,92,PRO
7301,75,PRO
7302,93,PRO
7303,75,PRO
7304,92,PRO
7305,13,PRO
7306,94,PRO
7307,75,PRO
7308,78,PRO
7309,78,PRO
7310,33,PRO
7311,94,PRO
7312,33,PRO
7313,75,PRO
7314,75,PRO
7315,94,PRO
7316,92,PRO
7317,75,PRO
7318,92,PRO
7319,78,PRO
7320,92,PRO
7321,92,PRO
7322,33,PRO
7323,75,PRO
7324,33,PRO
7325,93,PRO
7326,44,PRO
7327,44,PRO
7328,33,PRO
7329,92,PRO
7330,92,PRO
7331,44,PRO
7332,67,PRO
7333,78,PRO
7334,33,PRO
7335,44,PRO
7336,92,PRO
7337,91,PRO
7338,75,PRO
7339,75,PRO
7340,93,PRO
7341,92,PRO
7342,44,PRO
7343,75,PRO
7344,77,PRO
7345,67,PRO
7346,93,PRO
7347,92,PRO
7348,92,PRO
7349,94,PRO
7350,93,PRO
7351,94,PRO
7352,78,PRO
7353,92,PRO
7354,92,PRO
7355,33,PRO
7356,78,PRO
7357,92,PRO
7358,33,PRO
7359,75,PRO
7360,75,PRO
7361,44,PRO
7362,33,PRO
7363,75,PRO
7364,75,PRO
7365,92,PRO
7366,67,PRO
7367,33,PRO
7368,67,PRO
7369,67,PRO
7370,93,PRO
7371,67,PRO
7372,93,PRO
7373,78,PRO
7374,75,PRO
7375,92,PRO
7376,93,PRO
7377,33,PRO
7378,78,PRO
7379,75,PRO
7380,78,PRO
7381,93,PRO
7382,33,PRO
7383,93,PRO
7384,92,PRO
7385,78,PRO
7386,93,PRO
7387,92,PRO
7388,78,PRO
7389,92,PRO
7390,75,PRO
7391,93,PRO
7392,92,PRO
7393,92,PRO
7394,75,PRO
7395,75,PRO
7396,75,PRO
7397,33,PRO
7398,93,PRO
7399,92,PRO
7400,93,PRO
7401,92,PRO
7402,78,PRO
7403,44,PRO
7404,44,PRO
7405,93,PRO
7406,75,PRO
7407,44,PRO
7408,76,PRO
7409,76,PRO
7410,67,PRO
7411,44,PRO
7412,44,PRO
7413,94,PRO
7414,75,PRO
7415,94,PRO
7416,94,PRO
7417,00,SIMPLE_USER
7418,75,PRO
7419,44,PRO
7420,75,PRO
7421,75,PRO
7422,75,PRO
7423,75,PRO
7424,93,PRO
7425,44,PRO
7426,92,PRO
7427,92,PRO
7428,91,PRO
7429,75,PRO
7430,78,PRO
7431,78,PRO
7432,78,PRO
7433,91,PRO
7434,06,PRO
7435,06,PRO
7436,06,PRO
7437,06,PRO
7438,06,PRO
7439,06,PRO
7440,06,PRO
7441,95,PRO
7442,06,PRO
7443,06,PRO
7444,06,PRO
7445,75,PRO
7446,33,ADMIN_SOLIGUIDE
7447,34,PRO
7448,94,PRO
7449,94,PRO
7450,95,PRO
7451,06,PRO
7452,94,PRO
7453,75,PRO
7454,34,PRO
7455,34,PRO
7456,75,PRO
7457,91,PRO
7458,34,PRO
7459,94,PRO
7460,06,PRO
7461,06,PRO
7462,34,PRO
7463,34,PRO
7464,75,PRO
7465,93,PRO
7466,78,PRO
7467,34,PRO
7468,91,PRO
7469,75,PRO
7470,92,PRO
7471,91,PRO
7472,44,PRO
7473,75,PRO
7474,92,PRO
7475,44,PRO
7476,06,PRO
7477,94,PRO
7478,06,PRO
7479,77,PRO
7480,00,SIMPLE_USER
7481,77,PRO
7482,77,PRO
7483,95,PRO
7484,06,PRO
7485,95,PRO
7486,95,PRO
7487,95,PRO
7488,95,PRO
7489,75,API_USER
7490,95,PRO
7491,00,SIMPLE_USER
7492,94,PRO
7493,94,PRO
7494,94,PRO
7495,94,PRO
7496,94,PRO
7497,94,PRO
7498,06,PRO
7499,06,PRO
7500,94,PRO
7501,94,PRO
7502,94,PRO
7503,94,PRO
7504,94,PRO
7505,94,PRO
7506,94,PRO
7507,94,PRO
7508,94,PRO
7509,94,PRO
7510,94,PRO
7511,94,PRO
7512,44,PRO
7513,93,PRO
7514,34,PRO
7515,44,PRO
7516,93,PRO
7517,36,PRO
7518,00,SIMPLE_USER
7519,44,PRO
7520,36,PRO
7521,77,PRO
7522,75,ADMIN_SOLIGUIDE
7523,33,PRO
7524,00,SIMPLE_USER
7525,77,PRO
7526,77,PRO
7527,95,PRO
7528,44,PRO
7529,13,PRO
7530,78,PRO
7531,78,PRO
7532,78,PRO
7533,76,PRO
7534,78,PRO
7535,77,PRO
7536,44,PRO
7537,78,PRO
7538,44,PRO
7539,93,PRO
7540,36,PRO
7541,67,PRO
7542,93,PRO
7543,78,PRO
7544,"33,93",ADMIN_SOLIGUIDE
7545,44,PRO
7546,95,PRO
7547,95,PRO
7548,94,PRO
7549,94,PRO
7550,77,PRO
7551,94,PRO
7552,94,PRO
7553,94,PRO
7554,94,PRO
7555,94,PRO
7556,44,PRO
7557,92,PRO
7558,95,PRO
7559,92,PRO
7560,92,PRO
7561,67,PRO
7562,44,PRO
7563,77,PRO
7564,92,PRO
7565,34,PRO
7566,44,PRO
7567,44,PRO
7568,93,PRO
7569,44,PRO
7570,44,PRO
7571,91,PRO
7572,06,PRO
7573,06,PRO
7574,34,PRO
7575,44,PRO
7576,13,PRO
7577,91,PRO
7578,77,PRO
7579,95,PRO
7580,95,PRO
7581,95,PRO
7582,95,PRO
7583,76,PRO
7584,95,PRO
7585,95,PRO
7586,44,PRO
7587,77,PRO
7588,95,PRO
7589,44,PRO
7590,94,PRO
7591,06,PRO
7592,44,PRO
7593,77,PRO
7594,34,PRO
7595,44,PRO
7596,06,PRO
7597,75,PRO
7598,06,PRO
7599,44,PRO
7600,44,PRO
7601,06,PRO
7602,77,PRO
7603,77,PRO
7604,44,PRO
7605,92,PRO
7606,77,PRO
7607,13,PRO
7608,92,PRO
7609,44,PRO
7610,78,PRO
7611,44,PRO
7612,92,PRO
7613,92,PRO
7614,92,PRO
7615,92,PRO
7616,44,PRO
7617,94,PRO
7618,06,PRO
7619,06,PRO
7620,13,PRO
7621,13,PRO
7622,13,PRO
7623,13,PRO
7624,13,PRO
7625,44,PRO
7626,13,PRO
7627,44,PRO
7628,06,PRO
7629,94,PRO
7630,33,PRO
7631,67,PRO
7632,06,PRO
7633,92,PRO
7634,06,PRO
7635,95,PRO
7636,06,PRO
7637,06,PRO
7638,06,PRO
7639,95,PRO
7640,06,PRO
7641,06,PRO
7642,94,PRO
7643,94,PRO
7644,92,PRO
7645,06,PRO
7646,94,PRO
7647,44,PRO
7648,13,PRO
7649,06,PRO
7650,06,PRO
7651,44,PRO
7652,95,PRO
7653,06,PRO
7654,06,PRO
7655,95,PRO
7656,95,PRO
7657,77,PRO
7658,06,PRO
7659,06,PRO
7660,06,PRO
7661,06,PRO
7662,06,PRO
7663,06,PRO
7664,06,PRO
7665,06,PRO
7666,06,PRO
7667,94,PRO
7668,44,PRO
7669,06,PRO
7670,34,PRO
7671,34,PRO
7672,34,PRO
7673,34,PRO
7674,34,PRO
7675,33,PRO
7676,44,PRO
7677,34,PRO
7678,34,PRO
7679,95,PRO
7680,06,PRO
7681,95,PRO
7682,92,PRO
7683,76,PRO
7684,75,PRO
7685,33,PRO
7686,36,PRO
7687,95,PRO
7688,06,PRO
7689,76,PRO
7690,76,PRO
7691,33,PRO
7692,34,PRO
7693,76,PRO
7694,75,PRO
7695,34,PRO
7696,63,PRO
7697,34,PRO
7698,34,PRO
7699,63,PRO
7700,34,PRO
7701,44,PRO
7702,33,PRO
7703,06,PRO
7704,75,PRO
7705,93,PRO
7706,34,PRO
7707,44,PRO
7708,77,PRO
7709,44,PRO
7710,95,PRO
7711,67,PRO
7712,34,PRO
7713,34,PRO
7714,95,PRO
7715,34,PRO
7716,34,PRO
7717,75,PRO
7718,77,PRO
7719,63,PRO
7720,67,PRO
7721,67,PRO
7722,00,SIMPLE_USER
7723,67,PRO
7724,77,PRO
7725,93,PRO
7726,75,PRO
7727,44,PRO
7728,33,PRO
7729,91,PRO
7730,77,PRO
7731,77,PRO
7732,44,PRO
7733,94,PRO
7734,77,PRO
7735,44,PRO
7736,77,PRO
7737,95,PRO
7738,34,PRO
7739,34,PRO
7740,36,PRO
7741,34,PRO
7742,36,PRO
7743,36,PRO
7744,36,PRO
7745,36,PRO
7746,34,PRO
7747,34,PRO
7748,77,PRO
7749,91,PRO
7750,00,SIMPLE_USER
7751,36,PRO
7752,36,PRO
7753,91,PRO
7754,44,PRO
7755,75,PRO
7756,77,PRO
7757,91,PRO
7758,91,PRO
7759,91,PRO
7760,59,PRO
7761,59,PRO
7762,77,PRO
7763,59,PRO
7764,77,PRO
7765,59,PRO
7766,34,PRO
7767,94,PRO
7768,94,PRO
7769,94,PRO
7770,94,PRO
7771,94,PRO
7772,77,PRO
7773,77,PRO
7774,77,PRO
7775,06,PRO
7776,75,PRO
7777,63,PRO
7778,76,PRO
7779,34,PRO
7780,34,PRO
7781,63,PRO
7782,36,PRO
7783,36,PRO
7784,63,PRO
7785,36,PRO
7786,93,PRO
7787,76,PRO
7788,76,PRO
7789,36,PRO
7790,36,PRO
7791,63,PRO
7792,76,PRO
7793,00,SIMPLE_USER
7794,63,PRO
7795,34,PRO
7796,75,PRO
7797,34,PRO
7798,34,PRO
7799,94,PRO
7800,34,PRO
7801,34,PRO
7802,34,PRO
7803,75,PRO
7804,75,PRO
7805,59,PRO
7806,92,PRO
7807,00,PRO
7808,00,PRO
7809,00,SIMPLE_USER
7810,15,PRO
7811,94,PRO
7812,94,PRO
7813,94,PRO
7814,94,PRO
7815,94,PRO
7816,00,SIMPLE_USER
7817,34,PRO
7818,77,PRO
7819,77,PRO
7820,34,PRO
7821,34,PRO
7822,34,PRO
7823,91,PRO
7824,94,PRO
7825,94,PRO
7826,94,PRO
7827,94,PRO
7828,94,PRO
7829,94,PRO
7830,94,PRO
7831,94,PRO
7832,94,PRO
7833,94,PRO
7834,91,PRO
7835,95,PRO
7836,95,PRO
7837,95,PRO
7838,95,PRO
7839,77,PRO
7840,34,PRO
7841,34,PRO
7842,34,PRO
7843,34,PRO
7844,34,PRO
7845,21,PRO
7846,95,PRO
7847,95,PRO
7848,95,PRO
7849,95,PRO
7850,95,PRO
7851,95,PRO
7852,95,PRO
7853,95,PRO
7854,95,PRO
7855,95,PRO
